id,timestamp,b0,b1,b2,b3,b4,b5,b6,b7,b8,b9,b10,b11,b12,b13,b14,b15
1,2026-05-20 15:55:00.845,0D,0,0,0,0,59,0,0,0,1,3,0,0,0,0,EE
2,2026-05-20 15:55:01.054,8,0D,0A,0D,0,0,0,0,59,0,0,0,1,3,0,0
3,2026-05-20 15:55:01.262,0,0,EE,8,0D,0A,0D,0,0,0,0,59,0,0,0,1
4,2026-05-20 15:55:01.477,3,0,0,0,0,EB,8,0D,0A,0D,0,0,0,0,5A,0
5,2026-05-20 15:55:01.680,0,0,1,3,0,0,0,0,EB,8,0D,0A,0D,0,0,0
6,2026-05-20 15:55:01.891,0,5A,0,0,0,1,3,0,0,0,0,EE,8,0D,0A,0D
7,2026-05-20 15:55:01.905,0,0,0,0,5A,0,0,0,1,3,0,0,0,0,EB,8
8,2026-05-20 15:55:02.106,0D,0A,0D,0,0,0,0,5A,0,0,0,1,3,0,0,0
9,2026-05-20 15:55:02.314,0,EB,8,0D,0A,0D,0,0,0,0,5A,0,0,0,1,3
10,2026-05-20 15:55:02.524,0,0,0,0,EE,8,0D,0A,0D,0,0,0,0,5A,0,0
11,2026-05-20 15:55:02.732,0,1,3,0,0,0,0,EE,8,0D,0A,0D,0,0,0,0
12,2026-05-20 15:55:02.941,5A,0,0,0,1,3,0,0,0,0,EE,8,0D,0A,0D,0
13,2026-05-20 15:55:02.950,0,0,0,5A,0,0,0,1,3,0,0,0,0,EE,8,0D
14,2026-05-20 15:55:03.158,0A,0D,0,0,0,0,5A,0,0,0,1,3,0,0,0,0
15,2026-05-20 15:55:03.368,EB,8,0D,0A,0D,0,0,0,0,5A,0,0,0,1,3,0
16,2026-05-20 15:55:03.575,0,0,0,EB,8,0D,0A,0D,0,0,0,0,59,0,0,0
17,2026-05-20 15:55:03.784,1,3,0,0,0,0,EE,8,0D,0A,0D,0,0,0,0,5A
18,2026-05-20 15:55:03.993,0,0,0,1,3,0,0,0,0,EB,8,0D,0A,0D,0,0
19,2026-05-20 15:55:04.004,0,0,59,0,0,0,1,3,0,0,0,0,EE,8,0D,0A
20,2026-05-20 15:55:04.210,0D,0,0,0,0,5A,0,0,0,1,3,0,0,0,0,EE
21,2026-05-20 15:55:04.418,8,0D,0A,0D,0,0,0,0,59,0,0,0,1,3,0,0
22,2026-05-20 15:55:04.627,0,0,EE,8,0D,0A,0D,0,0,0,0,5A,0,0,0,1
23,2026-05-20 15:55:04.836,3,0,0,0,0,EE,8,0D,0A,0D,0,0,0,0,59,0
24,2026-05-20 15:55:05.045,0,0,1,3,0,0,0,0,EE,8,0D,0A,0D,0,0,0
25,2026-05-20 15:55:05.252,0,5A,0,0,0,1,3,0,0,0,0,EE,8,0D,0A,0D
26,2026-05-20 15:55:05.265,0,0,0,0,59,0,0,0,1,3,0,0,0,0,EB,8
27,2026-05-20 15:55:05.471,0D,0A,0D,0,0,0,0,5A,0,0,0,1,3,0,0,0
28,2026-05-20 15:55:05.679,0,EE,8,0D,0A,0D,0,0,0,0,5A,0,0,0,1,3
29,2026-05-20 15:55:05.887,0,0,0,0,EE,8,0D,0A,0D,0,0,0,0,5A,0,0
30,2026-05-20 15:55:06.096,0,1,3,0,0,0,0,EE,8,0D,0A,0D,0,0,0,0
31,2026-05-20 15:55:06.305,5A,0,0,0,1,3,0,0,0,0,EB,8,0D,0A,0D,0
32,2026-05-20 15:55:06.316,0,0,0,5A,0,0,0,1,3,0,0,0,0,EE,8,0D
33,2026-05-20 15:55:06.522,0A,0D,0,0,0,0,5A,0,0,0,1,3,0,0,0,0
34,2026-05-20 15:55:06.731,F0,8,0D,0A,0D,0,0,0,0,5A,0,0,0,1,3,0
35,2026-05-20 15:55:06.940,0,0,0,EB,8,0D,0A,0D,0,0,0,0,5A,0,0,0
36,2026-05-20 15:55:07.148,1,3,0,0,0,0,EE,8,0D,0A,0D,0,0,0,0,5A
37,2026-05-20 15:55:07.360,0,0,0,1,3,0,0,0,0,EB,8,0D,0A,0D,0,0
38,2026-05-20 15:55:07.378,0,0,5A,0,0,0,1,3,0,0,0,0,EE,8,0D,0A
39,2026-05-20 15:55:07.577,0D,0,0,0,0,5A,0,0,0,1,3,0,0,0,0,EB
40,2026-05-20 15:55:07.796,8,0D,0A,0D,0,0,0,0,5A,0,0,0,1,3,0,0
41,2026-05-20 15:55:07.992,0,0,EB,8,0D,0A,0D,0,0,0,0,5A,0,0,0,1
42,2026-05-20 15:55:08.200,3,0,0,0,0,EE,8,0D,0A,0D,0,0,0,0,5A,0
43,2026-05-20 15:55:08.410,0,0,1,3,0,0,0,0,EB,8,0D,0A,0D,0,0,0
44,2026-05-20 15:55:08.618,0,5A,0,0,0,1,3,0,0,0,0,EB,8,0D,0A,0D
45,2026-05-20 15:55:08.632,0,0,0,0,5A,0,0,0,1,3,0,0,0,0,EE,8
46,2026-05-20 15:55:08.835,0D,0A,0D,0,0,0,0,5A,0,0,0,1,3,0,0,0
47,2026-05-20 15:55:09.044,0,EE,8,0D,0A,0D,0,0,0,0,5A,0,0,0,1,3
48,2026-05-20 15:55:09.253,0,0,0,0,EE,8,0D,0A,0D,0,0,0,0,59,0,0
49,2026-05-20 15:55:09.461,0,1,3,0,0,0,0,EE,8,0D,0A,0D,0,0,0,0
50,2026-05-20 15:55:09.670,59,0,0,0,1,3,0,0,0,0,EB,8,0D,0A,0D,0
51,2026-05-20 15:55:09.680,0,0,0,59,0,0,0,1,3,0,0,0,0,EE,8,0D
52,2026-05-20 15:55:09.887,0A,0D,0,0,0,0,5A,0,0,0,1,3,0,0,0,0
53,2026-05-20 15:55:10.095,EB,8,0D,0A,0D,0,0,0,0,5A,0,0,0,1,3,0
54,2026-05-20 15:55:10.305,0,0,0,EB,8,0D,0A,0D,0,0,0,0,5B,0,0,0
55,2026-05-20 15:55:10.513,1,3,0,0,0,0,EE,8,0D,0A,0D,0,0,0,0,5A
56,2026-05-20 15:55:10.727,0,0,0,1,3,0,0,0,0,EE,8,0D,0A,0D,0,0
57,2026-05-20 15:55:10.748,0,0,5A,0,0,0,1,3,0,0,0,0,EE,8,0D,0A
58,2026-05-20 15:55:10.940,0D,0,0,0,0,59,0,0,0,1,3,0,0,0,0,EE
59,2026-05-20 15:55:11.148,8,0D,0A,0D,0,0,0,0,59,0,0,0,1,3,0,0
60,2026-05-20 15:55:11.357,0,0,EB,8,0D,0A,0D,0,0,0,0,5A,0,0,0,1
61,2026-05-20 15:55:11.566,3,0,0,0,0,EE,8,0D,0A,0D,0,0,0,0,5A,0
62,2026-05-20 15:55:11.774,0,0,1,3,0,0,0,0,EE,8,0D,0A,0D,0,0,0
63,2026-05-20 15:55:11.983,0,59,0,0,0,1,3,0,0,0,0,EE,8,0D,0A,0D
64,2026-05-20 15:55:11.993,0,0,0,0,59,0,0,0,1,3,0,0,0,0,EE,8
65,2026-05-20 15:55:12.201,0D,0A,0D,0,0,0,0,59,0,0,0,1,3,0,0,0
66,2026-05-20 15:55:12.410,0,EB,8,0D,0A,0D,0,0,0,0,59,0,0,0,1,3
67,2026-05-20 15:55:12.617,0,0,0,0,EE,8,0D,0A,0D,0,0,0,0,59,0,0
68,2026-05-20 15:55:12.827,0,1,3,0,0,0,0,EB,8,0D,0A,0D,0,0,0,0
69,2026-05-20 15:55:13.035,59,0,0,0,1,3,0,0,0,0,EE,8,0D,0A,0D,0
70,2026-05-20 15:55:13.045,0,0,0,59,0,0,0,1,3,0,0,0,0,EE,8,0D
71,2026-05-20 15:55:13.253,0A,0D,0,0,0,0,5A,0,0,0,1,3,0,0,0,0
72,2026-05-20 15:55:13.461,EB,8,0D,0A,0D,0,0,0,0,5A,0,0,0,1,3,0
73,2026-05-20 15:55:13.670,0,0,0,EE,8,0D,0A,0D,0,0,0,0,59,0,0,0
74,2026-05-20 15:55:13.879,1,3,0,0,0,0,EE,8,0D,0A,0D,0,0,0,0,59
75,2026-05-20 15:55:14.088,0,0,0,1,3,0,0,0,0,EE,8,0D,0A,0D,0,0
76,2026-05-20 15:55:14.100,0,0,59,0,0,0,1,3,0,0,0,0,EE,8,0D,0A
77,2026-05-20 15:55:14.305,0D,0,0,0,0,5A,0,0,0,1,3,0,0,0,0,EB
78,2026-05-20 15:55:14.514,8,0D,0A,0D,0,0,0,0,5A,0,0,0,1,3,0,0
79,2026-05-20 15:55:14.724,0,0,EE,8,0D,0A,0D,0,0,0,0,5A,0,0,0,1
80,2026-05-20 15:55:14.931,3,0,0,0,0,EE,8,0D,0A,0D,0,0,0,0,5A,0
81,2026-05-20 15:55:15.140,0,0,1,3,0,0,0,0,EE,8,0D,0A,0D,0,0,0
82,2026-05-20 15:55:15.348,0,5A,0,0,0,1,3,0,0,0,0,EE,8,0D,0A,0D
83,2026-05-20 15:55:15.360,0,0,0,0,5A,0,0,0,1,3,0,0,0,0,EB,8
84,2026-05-20 15:55:15.565,0D,0A,0D,0,0,0,0,5A,0,0,0,1,3,0,0,0
85,2026-05-20 15:55:15.775,0,EB,8,0D,0A,0D,0,0,0,0,59,0,0,0,1,3
86,2026-05-20 15:55:15.983,0,0,0,0,EE,8,0D,0A,0D,0,0,0,0,5A,0,0
87,2026-05-20 15:55:16.194,0,1,3,0,0,0,0,F0,8,0D,0A,0D,0,0,0,0
88,2026-05-20 15:55:16.401,5A,0,0,0,1,3,0,0,0,0,EE,8,0D,0A,0D,0
89,2026-05-20 15:55:16.416,0,0,0,5A,0,0,0,1,3,0,0,0,0,EE,8,0D
90,2026-05-20 15:55:16.618,0A,0D,0,0,0,0,5A,0,0,0,1,3,0,0,0,0
91,2026-05-20 15:55:16.827,EB,8,0D,0A,0D,0,0,0,0,5A,0,0,0,1,3,0
92,2026-05-20 15:55:17.037,0,0,0,EE,8,0D,0A,0D,0,0,0,0,5A,0,0,0
93,2026-05-20 15:55:17.245,1,3,0,0,0,0,EE,8,0D,0A,0D,0,0,0,0,5A
94,2026-05-20 15:55:17.453,0,0,0,1,3,0,0,0,0,EB,8,0D,0A,0D,0,0
95,2026-05-20 15:55:17.464,0,0,5A,0,0,0,1,3,0,0,0,0,EE,8,0D,0A
96,2026-05-20 15:55:17.671,0D,0,0,0,0,5A,0,0,0,1,3,0,0,0,0,EB
97,2026-05-20 15:55:17.879,8,0D,0A,0D,0,0,0,0,5A,0,0,0,1,3,0,0
98,2026-05-20 15:55:18.087,0,0,EE,8,0D,0A,0D,0,0,0,0,5A,0,0,0,1
99,2026-05-20 15:55:18.297,3,0,0,0,0,EE,8,0D,0A,0D,0,0,0,0,5A,0
100,2026-05-20 16:17:06.508,0D,0,0,0,0,59,0,0,0,1,3,0,0,0,0,EE
101,2026-05-20 16:17:06.733,8,0D,0A,0D,0,0,0,0,59,0,0,0,1,3,0,0
102,2026-05-20 16:17:06.933,0,0,EB,8,0D,0A,0D,0,0,0,0,58,0,0,0,1
103,2026-05-20 16:17:07.134,3,0,0,0,0,EE,8,0D,0A,0D,0,0,0,0,58,0
104,2026-05-20 16:17:07.345,0,0,1,3,0,0,0,0,EE,8,0D,0A,0D,0,0,0
105,2026-05-20 16:17:07.552,0,58,0,0,0,1,3,0,0,0,0,EB,8,0D,0A,0D
106,2026-05-20 16:17:07.572,0,0,0,0,59,0,0,0,1,3,0,0,0,0,EB,8
107,2026-05-20 16:17:07.796,0D,0A,0D,0,0,0,0,58,0,0,0,1,3,0,0,0
108,2026-05-20 16:17:07.979,0,EE,8,0D,0A,0D,0,0,0,0,59,0,0,0,1,3
109,2026-05-20 16:17:08.206,0,0,0,0,EB,8,0D,0A,0D,0,0,0,0,59,0,0
110,2026-05-20 16:17:08.450,0,1,3,0,0,0,0,EB,8,0D,0A,0D,0,0,0,0
111,2026-05-20 16:17:08.625,59,0,0,0,1,3,0,0,0,0,EE,8,0D,0A,0D,0
112,2026-05-20 16:17:08.643,0,0,0,59,0,0,0,1,3,0,0,0,0,EB,8,0D
113,2026-05-20 16:17:08.826,0A,0D,0,0,0,0,58,0,0,0,1,3,0,0,0,0
114,2026-05-20 16:17:09.029,EB,8,0D,0A,0D,0,0,0,0,59,0,0,0,1,3,0
115,2026-05-20 16:17:09.235,0,0,0,EE,8,0D,0A,0D,0,0,0,0,59,0,0,0
116,2026-05-20 16:17:09.449,1,3,0,0,0,0,EE,8,0D,0A,0D,0,0,0,0,58
117,2026-05-20 16:17:09.655,0,0,0,1,3,0,0,0,0,EB,8,0D,0A,0D,0,0
118,2026-05-20 16:17:09.668,0,0,58,0,0,0,1,3,0,0,0,0,EB,8,0D,0A
119,2026-05-20 16:17:09.871,0D,0,0,0,0,57,0,0,0,1,3,0,0,0,0,EE
120,2026-05-20 16:17:10.075,8,0D,0A,0D,0,0,0,0,58,0,0,0,1,3,0,0
121,2026-05-20 16:17:10.288,0,0,EE,8,0D,0A,0D,0,0,0,0,57,0,0,0,1
122,2026-05-20 16:17:10.498,3,0,0,0,0,EB,8,0D,0A,0D,0,0,0,0,57,0
123,2026-05-20 16:17:10.707,0,0,1,3,0,0,0,0,EB,8,0D,0A,0D,0,0,0
124,2026-05-20 16:17:10.901,0,56,0,0,0,1,3,0,0,0,0,EB,8,0D,0A,0D
125,2026-05-20 16:17:10.917,0,0,0,0,57,0,0,0,1,3,0,0,0,0,EB,8
126,2026-05-20 16:17:11.128,0D,0A,0D,0,0,0,0,56,0,0,0,1,3,0,0,0
127,2026-05-20 16:17:11.333,0,EB,8,0D,0A,0D,0,0,0,0,57,0,0,0,1,3
128,2026-05-20 16:17:11.547,0,0,0,0,EE,8,0D,0A,0D,0,0,0,0,56,0,0
129,2026-05-20 16:17:11.757,0,1,3,0,0,0,0,EE,8,0D,0A,0D,0,0,0,0
130,2026-05-20 16:17:11.965,57,0,0,0,1,3,0,0,0,0,EE,8,0D,0A,0D,0
131,2026-05-20 16:17:11.979,0,0,0,56,0,0,0,1,3,0,0,0,0,EB,8,0D
132,2026-05-20 16:17:12.172,0A,0D,0,0,0,0,57,0,0,0,1,3,0,0,0,0
133,2026-05-20 16:17:12.382,EB,8,0D,0A,0D,0,0,0,0,56,0,0,0,1,3,0
134,2026-05-20 16:17:12.598,0,0,0,EE,8,0D,0A,0D,0,0,0,0,57,0,0,0
135,2026-05-20 16:17:12.809,1,3,0,0,0,0,EB,8,0D,0A,0D,0,0,0,0,57
136,2026-05-20 16:17:13.018,0,0,0,1,3,0,0,0,0,EB,8,0D,0A,0D,0,0
137,2026-05-20 16:17:13.028,0,0,57,0,0,0,1,3,0,0,0,0,EB,8,0D,0A
138,2026-05-20 16:17:13.246,0D,0,0,0,0,58,0,0,0,1,3,0,0,0,0,EE
139,2026-05-20 16:17:13.443,8,0D,0A,0D,0,0,0,0,58,0,0,0,1,3,0,0
140,2026-05-20 16:17:13.648,0,0,EB,8,0D,0A,0D,0,0,0,0,58,0,0,0,1
141,2026-05-20 16:17:13.859,3,0,0,0,0,EE,8,0D,0A,0D,0,0,0,0,58,0
142,2026-05-20 16:17:14.069,0,0,1,3,0,0,0,0,EB,8,0D,0A,0D,0,0,0
143,2026-05-20 16:17:14.271,0,57,0,0,0,1,3,0,0,0,0,EE,8,0D,0A,0D
144,2026-05-20 16:17:14.271,0,0,0,0,57,0,0,0,1,3,0,0,0,0,EE,8
145,2026-05-20 16:17:14.491,0D,0A,0D,0,0,0,0,57,0,0,0,1,3,0,0,0
146,2026-05-20 16:17:14.699,0,EB,8,0D,0A,0D,0,0,0,0,57,0,0,0,1,3
147,2026-05-20 16:17:14.911,0,0,0,0,EE,8,0D,0A,0D,0,0,0,0,58,0,0
148,2026-05-20 16:17:15.117,0,1,3,0,0,0,0,EB,8,0D,0A,0D,0,0,0,0
149,2026-05-20 16:17:15.328,58,0,0,0,1,3,0,0,0,0,EB,8,0D,0A,0D,0
150,2026-05-20 16:17:15.347,0,0,0,58,0,0,0,1,3,0,0,0,0,EB,8,0D
151,2026-05-20 16:17:15.545,0A,0D,0,0,0,0,58,0,0,0,1,3,0,0,0,0
152,2026-05-20 16:17:15.754,EB,8,0D,0A,0D,0,0,0,0,58,0,0,0,1,3,0
153,2026-05-20 16:17:15.956,0,0,0,EB,8,0D,0A,0D,0,0,0,0,58,0,0,0
154,2026-05-20 16:17:16.165,1,3,0,0,0,0,EE,8,0D,0A,0D,0,0,0,0,58
155,2026-05-20 16:17:16.381,0,0,0,1,3,0,0,0,0,EE,8,0D,0A,0D,0,0
156,2026-05-20 16:17:16.394,0,0,58,0,0,0,1,3,0,0,0,0,EE,8,0D,0A
157,2026-05-20 16:17:16.597,0D,0,0,0,0,58,0,0,0,1,3,0,0,0,0,EB
158,2026-05-20 16:17:16.806,8,0D,0A,0D,0,0,0,0,57,0,0,0,1,3,0,0
159,2026-05-20 16:17:17.013,0,0,EB,8,0D,0A,0D,0,0,0,0,58,0,0,0,1
160,2026-05-20 16:17:17.216,3,0,0,0,0,EB,8,0D,0A,0D,0,0,0,0,57,0
161,2026-05-20 16:17:17.432,0,0,1,3,0,0,0,0,EB,8,0D,0A,0D,0,0,0
162,2026-05-20 16:17:17.641,0,58,0,0,0,1,3,0,0,0,0,EB,8,0D,0A,0D
163,2026-05-20 16:17:17.664,0,0,0,0,58,0,0,0,1,3,0,0,0,0,EB,8
164,2026-05-20 16:17:17.858,0D,0A,0D,0,0,0,0,58,0,0,0,1,3,0,0,0
165,2026-05-20 16:17:18.067,0,EB,8,0D,0A,0D,0,0,0,0,57,0,0,0,1,3
166,2026-05-20 16:17:18.276,0,0,0,0,EB,8,0D,0A,0D,0,0,0,0,58,0,0
167,2026-05-20 16:17:18.484,0,1,3,0,0,0,0,EE,8,0D,0A,0D,0,0,0,0
168,2026-05-20 16:17:18.692,58,0,0,0,1,3,0,0,0,0,EB,8,0D,0A,0D,0
169,2026-05-20 16:17:18.701,0,0,0,58,0,0,0,1,3,0,0,0,0,EE,8,0D
170,2026-05-20 16:17:18.909,0A,0D,0,0,0,0,58,0,0,0,1,3,0,0,0,0
171,2026-05-20 16:17:19.118,EB,8,0D,0A,0D,0,0,0,0,58,0,0,0,1,3,0
172,2026-05-20 16:17:19.327,0,0,0,EB,8,0D,0A,0D,0,0,0,0,58,0,0,0
173,2026-05-20 16:17:19.535,1,3,0,0,0,0,EB,8,0D,0A,0D,0,0,0,0,58
174,2026-05-20 16:17:19.743,0,0,0,1,3,0,0,0,0,EB,8,0D,0A,0D,0,0
175,2026-05-20 16:17:19.752,0,0,58,0,0,0,1,3,0,0,0,0,E9,8,0D,0A
176,2026-05-20 16:17:19.961,0D,0,0,0,0,58,0,0,0,1,3,0,0,0,0,EE
177,2026-05-20 16:17:20.159,8,0D,0A,0D,0,0,0,0,58,0,0,0,1,3,0,0
178,2026-05-20 16:17:20.371,0,0,EB,8,0D,0A,0D,0,0,0,0,58,0,0,0,1
179,2026-05-20 16:17:20.586,3,0,0,0,0,EB,8,0D,0A,0D,0,0,0,0,58,0
180,2026-05-20 16:17:20.784,0,0,1,3,0,0,0,0,EB,8,0D,0A,0D,0,0,0
181,2026-05-20 16:17:21.000,0,58,0,0,0,1,3,0,0,0,0,EB,8,0D,0A,0D
182,2026-05-20 16:17:21.012,0,0,0,0,59,0,0,0,1,3,0,0,0,0,E9,8
183,2026-05-20 16:17:21.216,0D,0A,0D,0,0,0,0,59,0,0,0,1,3,0,0,0
184,2026-05-20 16:17:21.428,0,EB,8,0D,0A,0D,0,0,0,0,59,0,0,0,1,3
185,2026-05-20 16:17:21.633,0,0,0,0,EB,8,0D,0A,0D,0,0,0,0,59,0,0
186,2026-05-20 16:17:21.832,0,1,3,0,0,0,0,EE,8,0D,0A,0D,0,0,0,0
187,2026-05-20 16:17:22.050,59,0,0,0,1,3,0,0,0,0,EB,8,0D,0A,0D,0
188,2026-05-20 16:17:22.072,0,0,0,59,0,0,0,1,3,0,0,0,0,EB,8,0D
189,2026-05-20 16:17:22.271,0A,0D,0,0,0,0,58,0,0,0,1,3,0,0,0,0
190,2026-05-20 16:17:22.482,EB,8,0D,0A,0D,0,0,0,0,58,0,0,0,1,3,0
191,2026-05-20 16:17:22.682,0,0,0,EB,8,0D,0A,0D,0,0,0,0,58,0,0,0
192,2026-05-20 16:17:22.897,1,3,0,0,0,0,EE,8,0D,0A,0D,0,0,0,0,58
193,2026-05-20 16:17:23.098,0,0,0,1,3,0,0,0,0,EB,8,0D,0A,0D,0,0
194,2026-05-20 16:17:23.118,0,0,58,0,0,0,1,3,0,0,0,0,EB,8,0D,0A
195,2026-05-20 16:17:23.330,0D,0,0,0,0,58,0,0,0,1,3,0,0,0,0,EE
196,2026-05-20 16:17:23.551,8,0D,0A,0D,0,0,0,0,58,0,0,0,1,3,0,0
197,2026-05-20 16:17:23.734,0,0,EB,8,0D,0A,0D,0,0,0,0,58,0,0,0,1
198,2026-05-20 16:17:23.948,3,0,0,0,0,EE,8,0D,0A,0D,0,0,0,0,58,0
199,2026-05-20 16:17:24.149,0,0,1,3,0,0,0,0,EB,8,0D,0A,0D,0,0,0
200,2026-05-20 16:17:24.366,0,58,0,0,0,1,3,0,0,0,0,EB,8,0D,0A,0D
201,2026-05-20 16:17:24.377,0,0,0,0,58,0,0,0,1,3,0,0,0,0,EB,8
202,2026-05-20 16:17:24.583,0D,0A,0D,0,0,0,0,58,0,0,0,1,3,0,0,0
203,2026-05-20 16:17:24.783,0,EB,8,0D,0A,0D,0,0,0,0,58,0,0,0,1,3
204,2026-05-20 16:17:24.998,0,0,0,0,EB,8,0D,0A,0D,0,0,0,0,58,0,0
205,2026-05-20 16:17:25.198,0,1,3,0,0,0,0,EB,8,0D,0A,0D,0,0,0,0
206,2026-05-20 16:17:25.414,58,0,0,0,1,3,0,0,0,0,EB,8,0D,0A,0D,0
207,2026-05-20 16:17:25.414,0,0,0,58,0,0,0,1,3,0,0,0,0,EB,8,0D
208,2026-05-20 16:17:25.632,0A,0D,0,0,0,0,58,0,0,0,1,3,0,0,0,0
209,2026-05-20 16:17:25.831,EE,8,0D,0A,0D,0,0,0,0,58,0,0,0,1,3,0
210,2026-05-20 16:17:26.048,0,0,0,EB,8,0D,0A,0D,0,0,0,0,58,0,0,0
211,2026-05-20 16:17:26.249,1,3,0,0,0,0,EE,8,0D,0A,0D,0,0,0,0,58
212,2026-05-20 16:17:26.466,0,0,0,1,3,0,0,0,0,EE,8,0D,0A,0D,0,0
213,2026-05-20 16:17:26.481,0,0,58,0,0,0,1,3,0,0,0,0,EB,8,0D,0A
214,2026-05-20 16:17:26.683,0D,0,0,0,0,58,0,0,0,1,3,0,0,0,0,EB
215,2026-05-20 16:17:26.892,8,0D,0A,0D,0,0,0,0,58,0,0,0,1,3,0,0
216,2026-05-20 16:17:27.098,0,0,EB,8,0D,0A,0D,0,0,0,0,58,0,0,0,1
217,2026-05-20 16:17:27.300,3,0,0,0,0,EB,8,0D,0A,0D,0,0,0,0,58,0
218,2026-05-20 16:17:27.515,0,0,1,3,0,0,0,0,EB,8,0D,0A,0D,0,0,0
219,2026-05-20 16:17:27.717,0,58,0,0,0,1,3,0,0,0,0,EB,8,0D,0A,0D
220,2026-05-20 16:17:27.741,0,0,0,0,58,0,0,0,1,3,0,0,0,0,EB,8
221,2026-05-20 16:17:27.947,0D,0A,0D,0,0,0,0,58,0,0,0,1,3,0,0,0
222,2026-05-20 16:17:28.153,0,EB,8,0D,0A,0D,0,0,0,0,58,0,0,0,1,3
223,2026-05-20 16:17:28.365,0,0,0,0,EB,8,0D,0A,0D,0,0,0,0,58,0,0
224,2026-05-20 16:17:28.571,0,1,3,0,0,0,0,EE,8,0D,0A,0D,0,0,0,0
225,2026-05-20 16:17:28.782,58,0,0,0,1,3,0,0,0,0,EB,8,0D,0A,0D,0
226,2026-05-20 16:17:28.793,0,0,0,58,0,0,0,1,3,0,0,0,0,EB,8,0D
227,2026-05-20 16:17:28.985,0A,0D,0,0,0,0,58,0,0,0,1,3,0,0,0,0
228,2026-05-20 16:17:29.198,EE,8,0D,0A,0D,0,0,0,0,58,0,0,0,1,3,0
229,2026-05-20 16:17:29.416,0,0,0,E9,8,0D,0A,0D,0,0,0,0,58,0,0,0
230,2026-05-20 16:17:29.615,1,3,0,0,0,0,EB,8,0D,0A,0D,0,0,0,0,58
231,2026-05-20 16:17:29.831,0,0,0,1,3,0,0,0,0,EB,8,0D,0A,0D,0,0
232,2026-05-20 16:17:29.839,0,0,58,0,0,0,1,3,0,0,0,0,EE,8,0D,0A
233,2026-05-20 16:17:30.049,0D,0,0,0,0,58,0,0,0,1,3,0,0,0,0,EE
234,2026-05-20 16:17:30.257,8,0D,0A,0D,0,0,0,0,57,0,0,0,1,3,0,0
235,2026-05-20 16:17:30.465,0,0,EE,8,0D,0A,0D,0,0,0,0,58,0,0,0,1
236,2026-05-20 16:17:30.672,3,0,0,0,0,EB,8,0D,0A,0D,0,0,0,0,57,0
237,2026-05-20 16:17:30.882,0,0,1,3,0,0,0,0,E9,8,0D,0A,0D,0,0,0
238,2026-05-20 16:17:31.089,0,58,0,0,0,1,3,0,0,0,0,EE,8,0D,0A,0D
239,2026-05-20 16:17:31.113,0,0,0,0,58,0,0,0,1,3,0,0,0,0,EB,8
240,2026-05-20 16:17:31.310,0D,0A,0D,0,0,0,0,58,0,0,0,1,3,0,0,0
241,2026-05-20 16:17:31.517,0,EB,8,0D,0A,0D,0,0,0,0,58,0,0,0,1,3
242,2026-05-20 16:17:31.716,0,0,0,0,EB,8,0D,0A,0D,0,0,0,0,58,0,0
243,2026-05-20 16:17:31.933,0,1,3,0,0,0,0,EB,8,0D,0A,0D,0,0,0,0
244,2026-05-20 16:17:32.132,58,0,0,0,1,3,0,0,0,0,EB,8,0D,0A,0D,0
245,2026-05-20 16:17:32.152,0,0,0,58,0,0,0,1,3,0,0,0,0,EE,8,0D
246,2026-05-20 16:17:32.357,0A,0D,0,0,0,0,58,0,0,0,1,3,0,0,0,0
247,2026-05-20 16:17:32.565,EB,8,0D,0A,0D,0,0,0,0,59,0,0,0,1,3,0
248,2026-05-20 16:17:32.778,0,0,0,EB,8,0D,0A,0D,0,0,0,0,59,0,0,0
249,2026-05-20 16:17:32.984,1,3,0,0,0,0,EB,8,0D,0A,0D,0,0,0,0,59
250,2026-05-20 16:17:33.190,0,0,0,1,3,0,0,0,0,EE,8,0D,0A,0D,0,0
251,2026-05-20 16:17:33.199,0,0,59,0,0,0,1,3,0,0,0,0,EB,8,0D,0A
252,2026-05-20 16:17:33.408,0D,0,0,0,0,59,0,0,0,1,3,0,0,0,0,EB
253,2026-05-20 16:17:33.622,8,0D,0A,0D,0,0,0,0,59,0,0,0,1,3,0,0
254,2026-05-20 16:17:33.817,0,0,EB,8,0D,0A,0D,0,0,0,0,59,0,0,0,1
255,2026-05-20 16:17:34.033,3,0,0,0,0,EB,8,0D,0A,0D,0,0,0,0,59,0
256,2026-05-20 16:17:34.233,0,0,1,3,0,0,0,0,EB,8,0D,0A,0D,0,0,0
257,2026-05-20 16:17:34.448,0,59,0,0,0,1,3,0,0,0,0,EB,8,0D,0A,0D
258,2026-05-20 16:17:34.471,0,0,0,0,59,0,0,0,1,3,0,0,0,0,EB,8
259,2026-05-20 16:17:34.674,0D,0A,0D,0,0,0,0,58,0,0,0,1,3,0,0,0
260,2026-05-20 16:17:34.883,0,EB,8,0D,0A,0D,0,0,0,0,59,0,0,0,1,3
261,2026-05-20 16:17:35.082,0,0,0,0,EE,8,0D,0A,0D,0,0,0,0,59,0,0
262,2026-05-20 16:17:35.300,0,1,3,0,0,0,0,EB,8,0D,0A,0D,0,0,0,0
263,2026-05-20 16:17:35.499,59,0,0,0,1,3,0,0,0,0,EB,8,0D,0A,0D,0
264,2026-05-20 16:17:35.519,0,0,0,59,0,0,0,1,3,0,0,0,0,EB,8,0D
265,2026-05-20 16:17:35.715,0A,0D,0,0,0,0,59,0,0,0,1,3,0,0,0,0
266,2026-05-20 16:17:35.935,EB,8,0D,0A,0D,0,0,0,0,59,0,0,0,1,3,0
267,2026-05-20 16:17:36.133,0,0,0,EB,8,0D,0A,0D,0,0,0,0,59,0,0,0
268,2026-05-20 16:17:36.347,1,3,0,0,0,0,EB,8,0D,0A,0D,0,0,0,0,58
269,2026-05-20 16:17:36.549,0,0,0,1,3,0,0,0,0,EB,8,0D,0A,0D,0,0
270,2026-05-20 16:17:36.567,0,0,58,0,0,0,1,3,0,0,0,0,EE,8,0D,0A
271,2026-05-20 16:17:36.777,0D,0,0,0,0,58,0,0,0,1,3,0,0,0,0,EB
272,2026-05-20 16:17:36.981,8,0D,0A,0D,0,0,0,0,58,0,0,0,1,3,0,0
273,2026-05-20 16:17:37.185,0,0,EB,8,0D,0A,0D,0,0,0,0,58,0,0,0,1
274,2026-05-20 16:17:37.401,3,0,0,0,0,EB,8,0D,0A,0D,0,0,0,0,58,0
275,2026-05-20 16:17:37.605,0,0,1,3,0,0,0,0,EB,8,0D,0A,0D,0,0,0
276,2026-05-20 16:17:37.817,0,58,0,0,0,1,3,0,0,0,0,EB,8,0D,0A,0D
277,2026-05-20 16:17:37.828,0,0,0,0,58,0,0,0,1,3,0,0,0,0,EE,8
278,2026-05-20 16:17:38.034,0D,0A,0D,0,0,0,0,57,0,0,0,1,3,0,0,0
279,2026-05-20 16:17:38.232,0,EE,8,0D,0A,0D,0,0,0,0,58,0,0,0,1,3
280,2026-05-20 16:17:38.453,0,0,0,0,EB,8,0D,0A,0D,0,0,0,0,58,0,0
281,2026-05-20 16:17:38.650,0,1,3,0,0,0,0,EB,8,0D,0A,0D,0,0,0,0
282,2026-05-20 16:17:38.866,58,0,0,0,1,3,0,0,0,0,EB,8,0D,0A,0D,0
283,2026-05-20 16:17:38.880,0,0,0,57,0,0,0,1,3,0,0,0,0,EE,8,0D
284,2026-05-20 16:17:39.084,0A,0D,0,0,0,0,58,0,0,0,1,3,0,0,0,0
285,2026-05-20 16:17:39.283,EB,8,0D,0A,0D,0,0,0,0,58,0,0,0,1,3,0
286,2026-05-20 16:17:39.499,0,0,0,EB,8,0D,0A,0D,0,0,0,0,58,0,0,0
287,2026-05-20 16:17:39.704,1,3,0,0,0,0,EB,8,0D,0A,0D,0,0,0,0,58
288,2026-05-20 16:17:39.914,0,0,0,1,3,0,0,0,0,EB,8,0D,0A,0D,0,0
289,2026-05-20 16:17:39.934,0,0,58,0,0,0,1,3,0,0,0,0,E9,8,0D,0A
290,2026-05-20 16:17:40.133,0D,0,0,0,0,58,0,0,0,1,3,0,0,0,0,EB
291,2026-05-20 16:17:40.348,8,0D,0A,0D,0,0,0,0,58,0,0,0,1,3,0,0
292,2026-05-20 16:17:40.549,0,0,EB,8,0D,0A,0D,0,0,0,0,58,0,0,0,1
293,2026-05-20 16:17:40.765,3,0,0,0,0,EE,8,0D,0A,0D,0,0,0,0,58,0
294,2026-05-20 16:17:40.973,0,0,1,3,0,0,0,0,EE,8,0D,0A,0D,0,0,0
295,2026-05-20 16:17:41.182,0,58,0,0,0,1,3,0,0,0,0,EB,8,0D,0A,0D
296,2026-05-20 16:17:41.193,0,0,0,0,58,0,0,0,1,3,0,0,0,0,EE,8
297,2026-05-20 16:17:41.398,0D,0A,0D,0,0,0,0,58,0,0,0,1,3,0,0,0
298,2026-05-20 16:17:41.598,0,EB,8,0D,0A,0D,0,0,0,0,58,0,0,0,1,3
299,2026-05-20 16:17:41.815,0,0,0,0,EB,8,0D,0A,0D,0,0,0,0,58,0,0
300,2026-05-20 16:17:42.014,0,1,3,0,0,0,0,EB,8,0D,0A,0D,0,0,0,0
301,2026-05-20 16:17:42.233,58,0,0,0,1,3,0,0,0,0,EE,8,0D,0A,0D,0
302,2026-05-20 16:17:42.250,0,0,0,58,0,0,0,1,3,0,0,0,0,EB,8,0D
303,2026-05-20 16:17:42.448,0A,0D,0,0,0,0,58,0,0,0,1,3,0,0,0,0
304,2026-05-20 16:17:42.647,EB,8,0D,0A,0D,0,0,0,0,58,0,0,0,1,3,0
305,2026-05-20 16:17:42.867,0,0,0,EB,8,0D,0A,0D,0,0,0,0,58,0,0,0
306,2026-05-20 16:17:43.066,1,3,0,0,0,0,EB,8,0D,0A,0D,0,0,0,0,59
307,2026-05-20 16:17:43.284,0,0,0,1,3,0,0,0,0,EB,8,0D,0A,0D,0,0
308,2026-05-20 16:17:43.284,0,0,58,0,0,0,1,3,0,0,0,0,EB,8,0D,0A
309,2026-05-20 16:17:43.499,0D,0,0,0,0,58,0,0,0,1,3,0,0,0,0,EB
310,2026-05-20 16:17:43.698,8,0D,0A,0D,0,0,0,0,58,0,0,0,1,3,0,0
311,2026-05-20 16:17:43.914,0,0,EB,8,0D,0A,0D,0,0,0,0,59,0,0,0,1
312,2026-05-20 16:17:44.116,3,0,0,0,0,EB,8,0D,0A,0D,0,0,0,0,58,0
313,2026-05-20 16:17:44.335,0,0,1,3,0,0,0,0,EB,8,0D,0A,0D,0,0,0
314,2026-05-20 16:17:44.533,0,58,0,0,0,1,3,0,0,0,0,EB,8,0D,0A,0D
315,2026-05-20 16:17:44.548,0,0,0,0,58,0,0,0,1,3,0,0,0,0,EB,8
316,2026-05-20 16:17:44.765,0D,0A,0D,0,0,0,0,58,0,0,0,1,3,0,0,0
317,2026-05-20 16:17:44.974,0,EB,8,0D,0A,0D,0,0,0,0,58,0,0,0,1,3
318,2026-05-20 16:17:45.181,0,0,0,0,EB,8,0D,0A,0D,0,0,0,0,58,0,0
319,2026-05-20 16:17:45.386,0,1,3,0,0,0,0,EB,8,0D,0A,0D,0,0,0,0
320,2026-05-20 16:17:45.599,58,0,0,0,1,3,0,0,0,0,EB,8,0D,0A,0D,0
321,2026-05-20 16:17:45.608,0,0,0,58,0,0,0,1,3,0,0,0,0,EB,8,0D
322,2026-05-20 16:17:45.816,0A,0D,0,0,0,0,58,0,0,0,1,3,0,0,0,0
323,2026-05-20 16:17:46.016,EB,8,0D,0A,0D,0,0,0,0,58,0,0,0,1,3,0
324,2026-05-20 16:17:46.231,0,0,0,EB,8,0D,0A,0D,0,0,0,0,59,0,0,0
325,2026-05-20 16:17:46.432,1,3,0,0,0,0,EB,8,0D,0A,0D,0,0,0,0,59
326,2026-05-20 16:17:46.648,0,0,0,1,3,0,0,0,0,EE,8,0D,0A,0D,0,0
327,2026-05-20 16:17:46.654,0,0,59,0,0,0,1,3,0,0,0,0,EB,8,0D,0A
328,2026-05-20 16:17:46.864,0D,0,0,0,0,59,0,0,0,1,3,0,0,0,0,EB
329,2026-05-20 16:17:47.064,8,0D,0A,0D,0,0,0,0,59,0,0,0,1,3,0,0
330,2026-05-20 16:17:47.282,0,0,EB,8,0D,0A,0D,0,0,0,0,59,0,0,0,1
331,2026-05-20 16:17:47.488,3,0,0,0,0,EB,8,0D,0A,0D,0,0,0,0,59,0
332,2026-05-20 16:17:47.696,0,0,1,3,0,0,0,0,EB,8,0D,0A,0D,0,0,0
333,2026-05-20 16:17:47.897,0,59,0,0,0,1,3,0,0,0,0,EB,8,0D,0A,0D
334,2026-05-20 16:17:47.913,0,0,0,0,59,0,0,0,1,3,0,0,0,0,EB,8
335,2026-05-20 16:17:48.116,0D,0A,0D,0,0,0,0,59,0,0,0,1,3,0,0,0
336,2026-05-20 16:17:48.332,0,EB,8,0D,0A,0D,0,0,0,0,59,0,0,0,1,3
337,2026-05-20 16:17:48.532,0,0,0,0,EB,8,0D,0A,0D,0,0,0,0,59,0,0
338,2026-05-20 16:17:48.748,0,1,3,0,0,0,0,EB,8,0D,0A,0D,0,0,0,0
339,2026-05-20 16:17:48.948,59,0,0,0,1,3,0,0,0,0,EB,8,0D,0A,0D,0
340,2026-05-20 16:17:48.972,0,0,0,59,0,0,0,1,3,0,0,0,0,EB,8,0D
341,2026-05-20 16:17:49.180,0A,0D,0,0,0,0,59,0,0,0,1,3,0,0,0,0
342,2026-05-20 16:17:49.389,EB,8,0D,0A,0D,0,0,0,0,59,0,0,0,1,3,0
343,2026-05-20 16:17:49.597,0,0,0,EE,8,0D,0A,0D,0,0,0,0,59,0,0,0
344,2026-05-20 16:17:49.799,1,3,0,0,0,0,EB,8,0D,0A,0D,0,0,0,0,59
345,2026-05-20 16:17:50.015,0,0,0,1,3,0,0,0,0,EE,8,0D,0A,0D,0,0
346,2026-05-20 16:17:50.027,0,0,59,0,0,0,1,3,0,0,0,0,EB,8,0D,0A
347,2026-05-20 16:17:50.230,0D,0,0,0,0,59,0,0,0,1,3,0,0,0,0,EB
348,2026-05-20 16:17:50.433,8,0D,0A,0D,0,0,0,0,59,0,0,0,1,3,0,0
349,2026-05-20 16:17:50.652,0,0,EB,8,0D,0A,0D,0,0,0,0,59,0,0,0,1
350,2026-05-20 16:17:50.849,3,0,0,0,0,EE,8,0D,0A,0D,0,0,0,0,59,0
351,2026-05-20 16:17:51.065,0,0,1,3,0,0,0,0,EB,8,0D,0A,0D,0,0,0
352,2026-05-20 16:17:51.267,0,59,0,0,0,1,3,0,0,0,0,EB,8,0D,0A,0D
353,2026-05-20 16:17:51.285,0,0,0,0,59,0,0,0,1,3,0,0,0,0,EB,8
354,2026-05-20 16:17:51.492,0D,0A,0D,0,0,0,0,59,0,0,0,1,3,0,0,0
355,2026-05-20 16:17:51.697,0,EB,8,0D,0A,0D,0,0,0,0,59,0,0,0,1,3
356,2026-05-20 16:17:51.900,0,0,0,0,EB,8,0D,0A,0D,0,0,0,0,59,0,0
357,2026-05-20 16:17:52.113,0,1,3,0,0,0,0,EE,8,0D,0A,0D,0,0,0,0
358,2026-05-20 16:17:52.315,59,0,0,0,1,3,0,0,0,0,EB,8,0D,0A,0D,0
359,2026-05-20 16:17:52.341,0,0,0,59,0,0,0,1,3,0,0,0,0,EE,8,0D
360,2026-05-20 16:17:52.534,0A,0D,0,0,0,0,59,0,0,0,1,3,0,0,0,0
361,2026-05-20 16:17:52.748,EB,8,0D,0A,0D,0,0,0,0,59,0,0,0,1,3,0
362,2026-05-20 16:17:52.961,0,0,0,EB,8,0D,0A,0D,0,0,0,0,59,0,0,0
363,2026-05-20 16:17:53.166,1,3,0,0,0,0,EE,8,0D,0A,0D,0,0,0,0,59
364,2026-05-20 16:17:53.364,0,0,0,1,3,0,0,0,0,EB,8,0D,0A,0D,0,0
365,2026-05-20 16:17:53.380,0,0,59,0,0,0,1,3,0,0,0,0,EB,8,0D,0A
366,2026-05-20 16:17:53.594,0D,0,0,0,0,59,0,0,0,1,3,0,0,0,0,EE
367,2026-05-20 16:17:53.798,8,0D,0A,0D,0,0,0,0,59,0,0,0,1,3,0,0
368,2026-05-20 16:17:54.012,0,0,EB,8,0D,0A,0D,0,0,0,0,59,0,0,0,1
369,2026-05-20 16:17:54.215,3,0,0,0,0,EB,8,0D,0A,0D,0,0,0,0,59,0
370,2026-05-20 16:17:54.415,0,0,1,3,0,0,0,0,EB,8,0D,0A,0D,0,0,0
371,2026-05-20 16:17:54.632,0,59,0,0,0,1,3,0,0,0,0,EB,8,0D,0A,0D
372,2026-05-20 16:17:54.632,0,0,0,0,59,0,0,0,1,3,0,0,0,0,EE,8
373,2026-05-20 16:17:54.851,0D,0A,0D,0,0,0,0,59,0,0,0,1,3,0,0,0
374,2026-05-20 16:17:55.064,0,EB,8,0D,0A,0D,0,0,0,0,59,0,0,0,1,3
375,2026-05-20 16:17:55.266,0,0,0,0,EB,8,0D,0A,0D,0,0,0,0,58,0,0
376,2026-05-20 16:17:55.480,0,1,3,0,0,0,0,EB,8,0D,0A,0D,0,0,0,0
377,2026-05-20 16:17:55.690,58,0,0,0,1,3,0,0,0,0,EE,8,0D,0A,0D,0
378,2026-05-20 16:17:55.710,0,0,0,58,0,0,0,1,3,0,0,0,0,EB,8,0D
379,2026-05-20 16:17:55.902,0A,0D,0,0,0,0,57,0,0,0,1,3,0,0,0,0
380,2026-05-20 16:17:56.116,EE,8,0D,0A,0D,0,0,0,0,58,0,0,0,1,3,0
381,2026-05-20 16:17:56.316,0,0,0,E9,8,0D,0A,0D,0,0,0,0,57,0,0,0
382,2026-05-20 16:17:56.532,1,3,0,0,0,0,EB,8,0D,0A,0D,0,0,0,0,58
383,2026-05-20 16:17:56.742,0,0,0,1,3,0,0,0,0,EE,8,0D,0A,0D,0,0
384,2026-05-20 16:17:56.752,0,0,57,0,0,0,1,3,0,0,0,0,EB,8,0D,0A
385,2026-05-20 16:17:56.958,0D,0,0,0,0,58,0,0,0,1,3,0,0,0,0,EE
386,2026-05-20 16:17:57.157,8,0D,0A,0D,0,0,0,0,58,0,0,0,1,3,0,0
387,2026-05-20 16:17:57.374,0,0,EB,8,0D,0A,0D,0,0,0,0,58,0,0,0,1
388,2026-05-20 16:17:57.581,3,0,0,0,0,EB,8,0D,0A,0D,0,0,0,0,58,0
389,2026-05-20 16:17:57.793,0,0,1,3,0,0,0,0,EB,8,0D,0A,0D,0,0,0
390,2026-05-20 16:17:58.009,0,58,0,0,0,1,3,0,0,0,0,EB,8,0D,0A,0D
391,2026-05-20 16:17:58.025,0,0,0,0,58,0,0,0,1,3,0,0,0,0,EB,8
392,2026-05-20 16:17:58.217,0D,0A,0D,0,0,0,0,58,0,0,0,1,3,0,0,0
393,2026-05-20 16:17:58.420,0,EE,8,0D,0A,0D,0,0,0,0,58,0,0,0,1,3
394,2026-05-20 16:17:58.632,0,0,0,0,EB,8,0D,0A,0D,0,0,0,0,59,0,0
395,2026-05-20 16:17:58.834,0,1,3,0,0,0,0,EE,8,0D,0A,0D,0,0,0,0
396,2026-05-20 16:17:59.049,59,0,0,0,1,3,0,0,0,0,EB,8,0D,0A,0D,0
397,2026-05-20 16:17:59.049,0,0,0,58,0,0,0,1,3,0,0,0,0,EE,8,0D
398,2026-05-20 16:17:59.256,0A,0D,0,0,0,0,58,0,0,0,1,3,0,0,0,0
399,2026-05-20 16:17:59.470,EB,8,0D,0A,0D,0,0,0,0,58,0,0,0,1,3,0
400,2026-05-20 16:17:59.682,0,0,0,EE,8,0D,0A,0D,0,0,0,0,58,0,0,0
401,2026-05-20 16:17:59.896,1,3,0,0,0,0,EE,8,0D,0A,0D,0,0,0,0,58
402,2026-05-20 16:18:00.102,0,0,0,1,3,0,0,0,0,EE,8,0D,0A,0D,0,0
403,2026-05-20 16:18:00.102,0,0,58,0,0,0,1,3,0,0,0,0,EB,8,0D,0A
404,2026-05-20 16:18:00.320,0D,0,0,0,0,59,0,0,0,1,3,0,0,0,0,EB
405,2026-05-20 16:18:00.527,8,0D,0A,0D,0,0,0,0,59,0,0,0,1,3,0,0
406,2026-05-20 16:18:00.739,0,0,EE,8,0D,0A,0D,0,0,0,0,59,0,0,0,1
407,2026-05-20 16:18:00.933,3,0,0,0,0,EE,8,0D,0A,0D,0,0,0,0,59,0
408,2026-05-20 16:18:01.149,0,0,1,3,0,0,0,0,EB,8,0D,0A,0D,0,0,0
409,2026-05-20 16:18:01.351,0,59,0,0,0,1,3,0,0,0,0,EB,8,0D,0A,0D
410,2026-05-20 16:18:01.375,0,0,0,0,59,0,0,0,1,3,0,0,0,0,E9,8
411,2026-05-20 16:18:01.569,0D,0A,0D,0,0,0,0,59,0,0,0,1,3,0,0,0
412,2026-05-20 16:18:01.786,0,EB,8,0D,0A,0D,0,0,0,0,59,0,0,0,1,3
413,2026-05-20 16:18:01.999,0,0,0,0,EB,8,0D,0A,0D,0,0,0,0,59,0,0
414,2026-05-20 16:18:02.203,0,1,3,0,0,0,0,EB,8,0D,0A,0D,0,0,0,0
415,2026-05-20 16:18:02.413,59,0,0,0,1,3,0,0,0,0,EB,8,0D,0A,0D,0
416,2026-05-20 16:18:02.423,0,0,0,58,0,0,0,1,3,0,0,0,0,EE,8,0D
417,2026-05-20 16:18:02.621,0A,0D,0,0,0,0,59,0,0,0,1,3,0,0,0,0
418,2026-05-20 16:18:02.836,EB,8,0D,0A,0D,0,0,0,0,58,0,0,0,1,3,0
419,2026-05-20 16:18:03.049,0,0,0,EB,8,0D,0A,0D,0,0,0,0,59,0,0,0
420,2026-05-20 16:18:03.256,1,3,0,0,0,0,EB,8,0D,0A,0D,0,0,0,0,58
421,2026-05-20 16:18:03.465,0,0,0,1,3,0,0,0,0,EB,8,0D,0A,0D,0,0
422,2026-05-20 16:18:03.476,0,0,59,0,0,0,1,3,0,0,0,0,E9,8,0D,0A
423,2026-05-20 16:18:03.673,0D,0,0,0,0,58,0,0,0,1,3,0,0,0,0,EE
424,2026-05-20 16:18:03.882,8,0D,0A,0D,0,0,0,0,59,0,0,0,1,3,0,0
425,2026-05-20 16:18:04.099,0,0,EE,8,0D,0A,0D,0,0,0,0,58,0,0,0,1
426,2026-05-20 16:18:04.306,3,0,0,0,0,EB,8,0D,0A,0D,0,0,0,0,59,0
427,2026-05-20 16:18:04.515,0,0,1,3,0,0,0,0,EB,8,0D,0A,0D,0,0,0
428,2026-05-20 16:18:04.724,0,58,0,0,0,1,3,0,0,0,0,EB,8,0D,0A,0D
429,2026-05-20 16:18:04.724,0,0,0,0,59,0,0,0,1,3,0,0,0,0,EB,8
430,2026-05-20 16:18:04.933,0D,0A,0D,0,0,0,0,58,0,0,0,1,3,0,0,0
431,2026-05-20 16:18:05.151,0,EB,8,0D,0A,0D,0,0,0,0,58,0,0,0,1,3
432,2026-05-20 16:18:05.349,0,0,0,0,EB,8,0D,0A,0D,0,0,0,0,58,0,0
433,2026-05-20 16:18:05.564,0,1,3,0,0,0,0,EE,8,0D,0A,0D,0,0,0,0
434,2026-05-20 16:18:05.779,59,0,0,0,1,3,0,0,0,0,EB,8,0D,0A,0D,0
435,2026-05-20 16:18:05.788,0,0,0,58,0,0,0,1,3,0,0,0,0,EB,8,0D
436,2026-05-20 16:18:05.983,0A,0D,0,0,0,0,58,0,0,0,1,3,0,0,0,0
437,2026-05-20 16:18:06.206,EB,8,0D,0A,0D,0,0,0,0,59,0,0,0,1,3,0
438,2026-05-20 16:18:06.409,0,0,0,EB,8,0D,0A,0D,0,0,0,0,58,0,0,0
439,2026-05-20 16:18:06.615,1,3,0,0,0,0,EE,8,0D,0A,0D,0,0,0,0,58
440,2026-05-20 16:18:06.830,0,0,0,1,3,0,0,0,0,EB,8,0D,0A,0D,0,0
441,2026-05-20 16:18:06.846,0,0,58,0,0,0,1,3,0,0,0,0,EE,8,0D,0A
442,2026-05-20 16:18:07.034,0D,0,0,0,0,58,0,0,0,1,3,0,0,0,0,EE
443,2026-05-20 16:18:07.256,8,0D,0A,0D,0,0,0,0,58,0,0,0,1,3,0,0
444,2026-05-20 16:18:07.453,0,0,EB,8,0D,0A,0D,0,0,0,0,58,0,0,0,1
445,2026-05-20 16:18:07.670,3,0,0,0,0,EB,8,0D,0A,0D,0,0,0,0,58,0
446,2026-05-20 16:18:07.882,0,0,1,3,0,0,0,0,EB,8,0D,0A,0D,0,0,0
447,2026-05-20 16:18:08.084,0,58,0,0,0,1,3,0,0,0,0,EB,8,0D,0A,0D
448,2026-05-20 16:18:08.084,0,0,0,0,58,0,0,0,1,3,0,0,0,0,EB,8
449,2026-05-20 16:18:08.307,0D,0A,0D,0,0,0,0,58,0,0,0,1,3,0,0,0
450,2026-05-20 16:18:08.511,0,EB,8,0D,0A,0D,0,0,0,0,58,0,0,0,1,3
451,2026-05-20 16:18:08.724,0,0,0,0,EE,8,0D,0A,0D,0,0,0,0,58,0,0
452,2026-05-20 16:18:08.933,0,1,3,0,0,0,0,EB,8,0D,0A,0D,0,0,0,0
453,2026-05-20 16:18:09.142,58,0,0,0,1,3,0,0,0,0,EB,8,0D,0A,0D,0
454,2026-05-20 16:18:09.151,0,0,0,58,0,0,0,1,3,0,0,0,0,EB,8,0D
455,2026-05-20 16:18:09.350,0A,0D,0,0,0,0,59,0,0,0,1,3,0,0,0,0
456,2026-05-20 16:18:09.559,EB,8,0D,0A,0D,0,0,0,0,59,0,0,0,1,3,0
457,2026-05-20 16:18:09.776,0,0,0,EB,8,0D,0A,0D,0,0,0,0,59,0,0,0
458,2026-05-20 16:18:09.987,1,3,0,0,0,0,EB,8,0D,0A,0D,0,0,0,0,59
459,2026-05-20 16:18:10.183,0,0,0,1,3,0,0,0,0,EB,8,0D,0A,0D,0,0
460,2026-05-20 16:18:10.205,0,0,59,0,0,0,1,3,0,0,0,0,EE,8,0D,0A
461,2026-05-20 16:18:10.410,0D,0,0,0,0,59,0,0,0,1,3,0,0,0,0,EB
462,2026-05-20 16:18:10.619,8,0D,0A,0D,0,0,0,0,58,0,0,0,1,3,0,0
463,2026-05-20 16:18:10.821,0,0,EB,8,0D,0A,0D,0,0,0,0,59,0,0,0,1
464,2026-05-20 16:18:11.033,3,0,0,0,0,EB,8,0D,0A,0D,0,0,0,0,58,0
465,2026-05-20 16:18:11.245,0,0,1,3,0,0,0,0,EB,8,0D,0A,0D,0,0,0
466,2026-05-20 16:18:11.450,0,59,0,0,0,1,3,0,0,0,0,EE,8,0D,0A,0D
467,2026-05-20 16:18:11.450,0,0,0,0,58,0,0,0,1,3,0,0,0,0,EB,8
468,2026-05-20 16:18:11.670,0D,0A,0D,0,0,0,0,58,0,0,0,1,3,0,0,0
469,2026-05-20 16:18:11.868,0,EB,8,0D,0A,0D,0,0,0,0,58,0,0,0,1,3
470,2026-05-20 16:18:12.081,0,0,0,0,EB,8,0D,0A,0D,0,0,0,0,58,0,0
471,2026-05-20 16:18:12.287,0,1,3,0,0,0,0,EB,8,0D,0A,0D,0,0,0,0
472,2026-05-20 16:18:12.507,58,0,0,0,1,3,0,0,0,0,EE,8,0D,0A,0D,0
473,2026-05-20 16:18:12.518,0,0,0,59,0,0,0,1,3,0,0,0,0,EE,8,0D
474,2026-05-20 16:18:12.721,0A,0D,0,0,0,0,58,0,0,0,1,3,0,0,0,0
475,2026-05-20 16:18:12.917,EE,8,0D,0A,0D,0,0,0,0,59,0,0,0,1,3,0
476,2026-05-20 16:18:13.131,0,0,0,EE,8,0D,0A,0D,0,0,0,0,58,0,0,0
477,2026-05-20 16:18:13.334,1,3,0,0,0,0,EE,8,0D,0A,0D,0,0,0,0,59
478,2026-05-20 16:18:13.550,0,0,0,1,3,0,0,0,0,E9,8,0D,0A,0D,0,0
479,2026-05-20 16:18:13.567,0,0,58,0,0,0,1,3,0,0,0,0,EB,8,0D,0A
480,2026-05-20 16:18:13.772,0D,0,0,0,0,58,0,0,0,1,3,0,0,0,0,EB
481,2026-05-20 16:18:13.980,8,0D,0A,0D,0,0,0,0,58,0,0,0,1,3,0,0
482,2026-05-20 16:18:14.182,0,0,EB,8,0D,0A,0D,0,0,0,0,58,0,0,0,1
483,2026-05-20 16:18:14.399,3,0,0,0,0,EB,8,0D,0A,0D,0,0,0,0,58,0
484,2026-05-20 16:18:14.598,0,0,1,3,0,0,0,0,EE,8,0D,0A,0D,0,0,0
485,2026-05-20 16:18:14.807,0,58,0,0,0,1,3,0,0,0,0,EE,8,0D,0A,0D
486,2026-05-20 16:18:14.826,0,0,0,0,58,0,0,0,1,3,0,0,0,0,EE,8
487,2026-05-20 16:18:15.032,0D,0A,0D,0,0,0,0,58,0,0,0,1,3,0,0,0
488,2026-05-20 16:18:15.242,0,EB,8,0D,0A,0D,0,0,0,0,58,0,0,0,1,3
489,2026-05-20 16:18:15.450,0,0,0,0,EE,8,0D,0A,0D,0,0,0,0,58,0,0
490,2026-05-20 16:18:15.648,0,1,3,0,0,0,0,EB,8,0D,0A,0D,0,0,0,0
491,2026-05-20 16:18:15.868,58,0,0,0,1,3,0,0,0,0,EB,8,0D,0A,0D,0
492,2026-05-20 16:18:15.874,0,0,0,58,0,0,0,1,3,0,0,0,0,EB,8,0D
493,2026-05-20 16:18:16.083,0A,0D,0,0,0,0,59,0,0,0,1,3,0,0,0,0
494,2026-05-20 16:18:16.287,EB,8,0D,0A,0D,0,0,0,0,58,0,0,0,1,3,0
495,2026-05-20 16:18:16.500,0,0,0,EB,8,0D,0A,0D,0,0,0,0,58,0,0,0
496,2026-05-20 16:18:16.700,1,3,0,0,0,0,EE,8,0D,0A,0D,0,0,0,0,58
497,2026-05-20 16:18:16.920,0,0,0,1,3,0,0,0,0,EB,8,0D,0A,0D,0,0
498,2026-05-20 16:18:16.923,0,0,59,0,0,0,1,3,0,0,0,0,EB,8,0D,0A
499,2026-05-20 16:18:17.134,0D,0,0,0,0,58,0,0,0,1,3,0,0,0,0,EB
500,2026-05-20 16:18:17.336,8,0D,0A,0D,0,0,0,0,58,0,0,0,1,3,0,0
501,2026-05-20 16:18:17.550,0,0,EB,8,0D,0A,0D,0,0,0,0,58,0,0,0,1
502,2026-05-20 16:18:17.759,3,0,0,0,0,EE,8,0D,0A,0D,0,0,0,0,58,0
503,2026-05-20 16:18:17.971,0,0,1,3,0,0,0,0,EB,8,0D,0A,0D,0,0,0
504,2026-05-20 16:18:18.168,0,58,0,0,0,1,3,0,0,0,0,EE,8,0D,0A,0D
505,2026-05-20 16:18:18.190,0,0,0,0,58,0,0,0,1,3,0,0,0,0,EE,8
506,2026-05-20 16:18:18.384,0D,0A,0D,0,0,0,0,58,0,0,0,1,3,0,0,0
507,2026-05-20 16:18:18.602,0,EB,8,0D,0A,0D,0,0,0,0,58,0,0,0,1,3
508,2026-05-20 16:18:18.803,0,0,0,0,EB,8,0D,0A,0D,0,0,0,0,58,0,0
509,2026-05-20 16:18:19.024,0,1,3,0,0,0,0,EB,8,0D,0A,0D,0,0,0,0
510,2026-05-20 16:18:19.222,58,0,0,0,1,3,0,0,0,0,EB,8,0D,0A,0D,0
511,2026-05-20 16:18:19.250,0,0,0,58,0,0,0,1,3,0,0,0,0,EE,8,0D
512,2026-05-20 16:18:19.434,0A,0D,0,0,0,0,58,0,0,0,1,3,0,0,0,0
513,2026-05-20 16:18:19.658,EB,8,0D,0A,0D,0,0,0,0,57,0,0,0,1,3,0
514,2026-05-20 16:18:19.866,0,0,0,EB,8,0D,0A,0D,0,0,0,0,58,0,0,0
515,2026-05-20 16:18:20.074,1,3,0,0,0,0,EE,8,0D,0A,0D,0,0,0,0,57
516,2026-05-20 16:18:20.274,0,0,0,1,3,0,0,0,0,EE,8,0D,0A,0D,0,0
517,2026-05-20 16:18:20.293,0,0,58,0,0,0,1,3,0,0,0,0,EB,8,0D,0A
518,2026-05-20 16:18:20.485,0D,0,0,0,0,57,0,0,0,1,3,0,0,0,0,EB
519,2026-05-20 16:18:20.704,8,0D,0A,0D,0,0,0,0,58,0,0,0,1,3,0,0
520,2026-05-20 16:18:20.917,0,0,EB,8,0D,0A,0D,0,0,0,0,57,0,0,0,1
521,2026-05-20 16:18:21.125,3,0,0,0,0,EB,8,0D,0A,0D,0,0,0,0,58,0
522,2026-05-20 16:18:21.324,0,0,1,3,0,0,0,0,EE,8,0D,0A,0D,0,0,0
523,2026-05-20 16:18:21.533,0,58,0,0,0,1,3,0,0,0,0,EE,8,0D,0A,0D
524,2026-05-20 16:18:21.567,0,0,0,0,58,0,0,0,1,3,0,0,0,0,EB,8
525,2026-05-20 16:18:21.757,0D,0A,0D,0,0,0,0,57,0,0,0,1,3,0,0,0
526,2026-05-20 16:18:21.966,0,EE,8,0D,0A,0D,0,0,0,0,58,0,0,0,1,3
527,2026-05-20 16:18:22.177,0,0,0,0,EB,8,0D,0A,0D,0,0,0,0,57,0,0
528,2026-05-20 16:18:22.383,0,1,3,0,0,0,0,EB,8,0D,0A,0D,0,0,0,0
529,2026-05-20 16:18:22.584,58,0,0,0,1,3,0,0,0,0,EB,8,0D,0A,0D,0
530,2026-05-20 16:18:22.612,0,0,0,58,0,0,0,1,3,0,0,0,0,EB,8,0D
531,2026-05-20 16:18:22.803,0A,0D,0,0,0,0,58,0,0,0,1,3,0,0,0,0
532,2026-05-20 16:18:23.017,EB,8,0D,0A,0D,0,0,0,0,58,0,0,0,1,3,0
533,2026-05-20 16:18:23.226,0,0,0,EB,8,0D,0A,0D,0,0,0,0,58,0,0,0
534,2026-05-20 16:18:23.433,1,3,0,0,0,0,EB,8,0D,0A,0D,0,0,0,0,58
535,2026-05-20 16:18:23.633,0,0,0,1,3,0,0,0,0,EE,8,0D,0A,0D,0,0
536,2026-05-20 16:18:23.657,0,0,57,0,0,0,1,3,0,0,0,0,EE,8,0D,0A
537,2026-05-20 16:18:23.855,0D,0,0,0,0,58,0,0,0,1,3,0,0,0,0,EE
538,2026-05-20 16:18:24.066,8,0D,0A,0D,0,0,0,0,57,0,0,0,1,3,0,0
539,2026-05-20 16:18:24.272,0,0,EB,8,0D,0A,0D,0,0,0,0,57,0,0,0,1
540,2026-05-20 16:18:24.484,3,0,0,0,0,EB,8,0D,0A,0D,0,0,0,0,57,0
541,2026-05-20 16:18:24.683,0,0,1,3,0,0,0,0,EB,8,0D,0A,0D,0,0,0
542,2026-05-20 16:18:24.903,0,57,0,0,0,1,3,0,0,0,0,EB,8,0D,0A,0D
543,2026-05-20 16:18:24.918,0,0,0,0,57,0,0,0,1,3,0,0,0,0,EB,8
544,2026-05-20 16:18:25.118,0D,0A,0D,0,0,0,0,58,0,0,0,1,3,0,0,0
545,2026-05-20 16:18:25.330,0,EB,8,0D,0A,0D,0,0,0,0,58,0,0,0,1,3
546,2026-05-20 16:18:25.534,0,0,0,0,EB,8,0D,0A,0D,0,0,0,0,58,0,0
547,2026-05-20 16:18:25.749,0,1,3,0,0,0,0,EB,8,0D,0A,0D,0,0,0,0
548,2026-05-20 16:18:25.956,58,0,0,0,1,3,0,0,0,0,EE,8,0D,0A,0D,0
549,2026-05-20 16:18:25.966,0,0,0,58,0,0,0,1,3,0,0,0,0,EB,8,0D
550,2026-05-20 16:18:26.168,0A,0D,0,0,0,0,58,0,0,0,1,3,0,0,0,0
551,2026-05-20 16:18:26.383,EB,8,0D,0A,0D,0,0,0,0,57,0,0,0,1,3,0
552,2026-05-20 16:18:26.583,0,0,0,EB,8,0D,0A,0D,0,0,0,0,57,0,0,0
553,2026-05-20 16:18:26.787,1,3,0,0,0,0,EB,8,0D,0A,0D,0,0,0,0,57
554,2026-05-20 16:18:27.019,0,0,0,1,3,0,0,0,0,EE,8,0D,0A,0D,0,0
555,2026-05-20 16:18:27.033,0,0,57,0,0,0,1,3,0,0,0,0,EB,8,0D,0A
556,2026-05-20 16:18:27.217,0D,0,0,0,0,59,0,0,0,1,3,0,0,0,0,EB
557,2026-05-20 16:18:27.434,8,0D,0A,0D,0,0,0,0,58,0,0,0,1,3,0,0
558,2026-05-20 16:18:27.635,0,0,EB,8,0D,0A,0D,0,0,0,0,58,0,0,0,1
559,2026-05-20 16:18:27.851,3,0,0,0,0,EE,8,0D,0A,0D,0,0,0,0,58,0
560,2026-05-20 16:18:28.057,0,0,1,3,0,0,0,0,EB,8,0D,0A,0D,0,0,0
561,2026-05-20 16:18:28.257,0,58,0,0,0,1,3,0,0,0,0,EB,8,0D,0A,0D
562,2026-05-20 16:18:28.272,0,0,0,0,57,0,0,0,1,3,0,0,0,0,EB,8
563,2026-05-20 16:18:28.481,0D,0A,0D,0,0,0,0,58,0,0,0,1,3,0,0,0
564,2026-05-20 16:18:28.683,0,EB,8,0D,0A,0D,0,0,0,0,57,0,0,0,1,3
565,2026-05-20 16:18:28.899,0,0,0,0,EE,8,0D,0A,0D,0,0,0,0,58,0,0
566,2026-05-20 16:18:29.111,0,1,3,0,0,0,0,EB,8,0D,0A,0D,0,0,0,0
567,2026-05-20 16:18:29.320,57,0,0,0,1,3,0,0,0,0,EB,8,0D,0A,0D,0
568,2026-05-20 16:18:29.320,0,0,0,58,0,0,0,1,3,0,0,0,0,EB,8,0D
569,2026-05-20 16:18:29.533,0A,0D,0,0,0,0,59,0,0,0,1,3,0,0,0,0
570,2026-05-20 16:18:29.746,EE,8,0D,0A,0D,0,0,0,0,58,0,0,0,1,3,0
571,2026-05-20 16:18:29.951,0,0,0,EB,8,0D,0A,0D,0,0,0,0,57,0,0,0
572,2026-05-20 16:18:30.157,1,3,0,0,0,0,EE,8,0D,0A,0D,0,0,0,0,58
573,2026-05-20 16:18:30.365,0,0,0,1,3,0,0,0,0,EE,8,0D,0A,0D,0,0
574,2026-05-20 16:18:30.386,0,0,57,0,0,0,1,3,0,0,0,0,EB,8,0D,0A
575,2026-05-20 16:18:30.584,0D,0,0,0,0,58,0,0,0,1,3,0,0,0,0,EB
576,2026-05-20 16:18:30.788,8,0D,0A,0D,0,0,0,0,57,0,0,0,1,3,0,0
577,2026-05-20 16:18:30.999,0,0,EB,8,0D,0A,0D,0,0,0,0,57,0,0,0,1
578,2026-05-20 16:18:31.214,3,0,0,0,0,EB,8,0D,0A,0D,0,0,0,0,57,0
579,2026-05-20 16:18:31.418,0,0,1,3,0,0,0,0,EB,8,0D,0A,0D,0,0,0
580,2026-05-20 16:18:31.631,0,57,0,0,0,1,3,0,0,0,0,EB,8,0D,0A,0D
581,2026-05-20 16:18:31.648,0,0,0,0,57,0,0,0,1,3,0,0,0,0,EB,8
582,2026-05-20 16:18:31.835,0D,0A,0D,0,0,0,0,57,0,0,0,1,3,0,0,0
583,2026-05-20 16:18:32.058,0,EB,8,0D,0A,0D,0,0,0,0,57,0,0,0,1,3
584,2026-05-20 16:18:32.266,0,0,0,0,EB,8,0D,0A,0D,0,0,0,0,57,0,0
585,2026-05-20 16:18:32.467,0,1,3,0,0,0,0,EB,8,0D,0A,0D,0,0,0,0
586,2026-05-20 16:18:32.683,57,0,0,0,1,3,0,0,0,0,EB,8,0D,0A,0D,0
587,2026-05-20 16:18:32.695,0,0,0,58,0,0,0,1,3,0,0,0,0,EE,8,0D
588,2026-05-20 16:18:32.887,0A,0D,0,0,0,0,58,0,0,0,1,3,0,0,0,0
589,2026-05-20 16:18:33.100,EE,8,0D,0A,0D,0,0,0,0,58,0,0,0,1,3,0
590,2026-05-20 16:18:33.318,0,0,0,EB,8,0D,0A,0D,0,0,0,0,57,0,0,0
591,2026-05-20 16:18:33.520,1,3,0,0,0,0,EE,8,0D,0A,0D,0,0,0,0,57
592,2026-05-20 16:18:33.735,0,0,0,1,3,0,0,0,0,EE,8,0D,0A,0D,0,0
593,2026-05-20 16:18:33.748,0,0,57,0,0,0,1,3,0,0,0,0,EE,8,0D,0A
594,2026-05-20 16:18:33.952,0D,0,0,0,0,57,0,0,0,1,3,0,0,0,0,EB
595,2026-05-20 16:18:34.150,8,0D,0A,0D,0,0,0,0,58,0,0,0,1,3,0,0
596,2026-05-20 16:18:34.367,0,0,EB,8,0D,0A,0D,0,0,0,0,57,0,0,0,1
597,2026-05-20 16:18:34.568,3,0,0,0,0,EB,8,0D,0A,0D,0,0,0,0,57,0
598,2026-05-20 16:18:34.778,0,0,1,3,0,0,0,0,EE,8,0D,0A,0D,0,0,0
599,2026-05-20 16:18:34.988,0,57,0,0,0,1,3,0,0,0,0,EB,8,0D,0A,0D
600,2026-05-20 16:18:35.006,0,0,0,0,57,0,0,0,1,3,0,0,0,0,EB,8
601,2026-05-20 16:18:35.202,0D,0A,0D,0,0,0,0,57,0,0,0,1,3,0,0,0
602,2026-05-20 16:18:35.426,0,EB,8,0D,0A,0D,0,0,0,0,57,0,0,0,1,3
603,2026-05-20 16:18:35.618,0,0,0,0,EB,8,0D,0A,0D,0,0,0,0,57,0,0
604,2026-05-20 16:18:35.839,0,1,3,0,0,0,0,EB,8,0D,0A,0D,0,0,0,0
605,2026-05-20 16:18:36.039,57,0,0,0,1,3,0,0,0,0,EB,8,0D,0A,0D,0
606,2026-05-20 16:18:36.052,0,0,0,57,0,0,0,1,3,0,0,0,0,EE,8,0D
607,2026-05-20 16:18:36.257,0A,0D,0,0,0,0,57,0,0,0,1,3,0,0,0,0
608,2026-05-20 16:18:36.468,EE,8,0D,0A,0D,0,0,0,0,57,0,0,0,1,3,0
609,2026-05-20 16:18:36.668,0,0,0,EE,8,0D,0A,0D,0,0,0,0,57,0,0,0
610,2026-05-20 16:18:36.884,1,3,0,0,0,0,EB,8,0D,0A,0D,0,0,0,0,58
611,2026-05-20 16:18:37.086,0,0,0,1,3,0,0,0,0,EB,8,0D,0A,0D,0,0
612,2026-05-20 16:18:37.102,0,0,57,0,0,0,1,3,0,0,0,0,EB,8,0D,0A
613,2026-05-20 16:18:37.305,0D,0,0,0,0,57,0,0,0,1,3,0,0,0,0,EE
614,2026-05-20 16:18:37.519,8,0D,0A,0D,0,0,0,0,57,0,0,0,1,3,0,0
615,2026-05-20 16:18:37.737,0,0,EB,8,0D,0A,0D,0,0,0,0,57,0,0,0,1
616,2026-05-20 16:18:37.941,3,0,0,0,0,EB,8,0D,0A,0D,0,0,0,0,57,0
617,2026-05-20 16:18:38.142,0,0,1,3,0,0,0,0,EB,8,0D,0A,0D,0,0,0
618,2026-05-20 16:18:38.350,0,57,0,0,0,1,3,0,0,0,0,EE,8,0D,0A,0D
619,2026-05-20 16:18:38.382,0,0,0,0,57,0,0,0,1,3,0,0,0,0,EB,8
620,2026-05-20 16:18:38.575,0D,0A,0D,0,0,0,0,57,0,0,0,1,3,0,0,0
621,2026-05-20 16:18:38.775,0,EE,8,0D,0A,0D,0,0,0,0,58,0,0,0,1,3
622,2026-05-20 16:18:38.983,0,0,0,0,EB,8,0D,0A,0D,0,0,0,0,57,0,0
623,2026-05-20 16:18:39.200,0,1,3,0,0,0,0,EB,8,0D,0A,0D,0,0,0,0
624,2026-05-20 16:18:39.411,58,0,0,0,1,3,0,0,0,0,EB,8,0D,0A,0D,0
625,2026-05-20 16:18:39.422,0,0,0,57,0,0,0,1,3,0,0,0,0,EE,8,0D
626,2026-05-20 16:18:39.627,0A,0D,0,0,0,0,57,0,0,0,1,3,0,0,0,0
627,2026-05-20 16:18:39.830,EE,8,0D,0A,0D,0,0,0,0,57,0,0,0,1,3,0
628,2026-05-20 16:18:40.043,0,0,0,EE,8,0D,0A,0D,0,0,0,0,57,0,0,0
629,2026-05-20 16:18:40.253,1,3,0,0,0,0,EB,8,0D,0A,0D,0,0,0,0,57
630,2026-05-20 16:18:40.453,0,0,0,1,3,0,0,0,0,EB,8,0D,0A,0D,0,0
631,2026-05-20 16:18:40.475,0,0,57,0,0,0,1,3,0,0,0,0,EB,8,0D,0A
632,2026-05-20 16:18:40.680,0D,0,0,0,0,57,0,0,0,1,3,0,0,0,0,EE
633,2026-05-20 16:18:40.883,8,0D,0A,0D,0,0,0,0,57,0,0,0,1,3,0,0
634,2026-05-20 16:18:41.096,0,0,EB,8,0D,0A,0D,0,0,0,0,57,0,0,0,1
635,2026-05-20 16:18:41.307,3,0,0,0,0,EB,8,0D,0A,0D,0,0,0,0,57,0
636,2026-05-20 16:18:41.505,0,0,1,3,0,0,0,0,EE,8,0D,0A,0D,0,0,0
637,2026-05-20 16:18:41.723,0,57,0,0,0,1,3,0,0,0,0,EB,8,0D,0A,0D
638,2026-05-20 16:18:41.732,0,0,0,0,57,0,0,0,1,3,0,0,0,0,EB,8
639,2026-05-20 16:18:41.941,0D,0A,0D,0,0,0,0,57,0,0,0,1,3,0,0,0
640,2026-05-20 16:18:42.144,0,EB,8,0D,0A,0D,0,0,0,0,57,0,0,0,1,3
641,2026-05-20 16:18:42.354,0,0,0,0,EE,8,0D,0A,0D,0,0,0,0,57,0,0
642,2026-05-20 16:18:42.566,0,1,3,0,0,0,0,EB,8,0D,0A,0D,0,0,0,0
643,2026-05-20 16:18:42.775,57,0,0,0,1,3,0,0,0,0,EE,8,0D,0A,0D,0
644,2026-05-20 16:18:42.788,0,0,0,57,0,0,0,1,3,0,0,0,0,EB,8,0D
645,2026-05-20 16:18:42.985,0A,0D,0,0,0,0,57,0,0,0,1,3,0,0,0,0
646,2026-05-20 16:18:43.200,EB,8,0D,0A,0D,0,0,0,0,57,0,0,0,1,3,0
647,2026-05-20 16:18:43.410,0,0,0,EB,8,0D,0A,0D,0,0,0,0,57,0,0,0
648,2026-05-20 16:18:43.603,1,3,0,0,0,0,EB,8,0D,0A,0D,0,0,0,0,57
649,2026-05-20 16:18:43.825,0,0,0,1,3,0,0,0,0,EB,8,0D,0A,0D,0,0
650,2026-05-20 16:18:43.837,0,0,57,0,0,0,1,3,0,0,0,0,EB,8,0D,0A
651,2026-05-20 16:18:44.041,0D,0,0,0,0,57,0,0,0,1,3,0,0,0,0,EB
652,2026-05-20 16:18:44.252,8,0D,0A,0D,0,0,0,0,57,0,0,0,1,3,0,0
653,2026-05-20 16:18:44.454,0,0,EB,8,0D,0A,0D,0,0,0,0,57,0,0,0,1
654,2026-05-20 16:18:44.669,3,0,0,0,0,EB,8,0D,0A,0D,0,0,0,0,57,0
655,2026-05-20 16:18:44.877,0,0,1,3,0,0,0,0,EB,8,0D,0A,0D,0,0,0
656,2026-05-20 16:18:45.074,0,57,0,0,0,1,3,0,0,0,0,EB,8,0D,0A,0D
657,2026-05-20 16:18:45.090,0,0,0,0,57,0,0,0,1,3,0,0,0,0,EB,8
658,2026-05-20 16:18:45.302,0D,0A,0D,0,0,0,0,57,0,0,0,1,3,0,0,0
659,2026-05-20 16:18:45.510,0,EE,8,0D,0A,0D,0,0,0,0,57,0,0,0,1,3
660,2026-05-20 16:18:45.709,0,0,0,0,EB,8,0D,0A,0D,0,0,0,0,57,0,0
661,2026-05-20 16:18:45.928,0,1,3,0,0,0,0,EB,8,0D,0A,0D,0,0,0,0
662,2026-05-20 16:18:46.126,57,0,0,0,1,3,0,0,0,0,EB,8,0D,0A,0D,0
663,2026-05-20 16:18:46.143,0,0,0,57,0,0,0,1,3,0,0,0,0,EB,8,0D
664,2026-05-20 16:18:46.348,0A,0D,0,0,0,0,57,0,0,0,1,3,0,0,0,0
665,2026-05-20 16:18:46.559,EE,8,0D,0A,0D,0,0,0,0,57,0,0,0,1,3,0
666,2026-05-20 16:18:46.772,0,0,0,EB,8,0D,0A,0D,0,0,0,0,57,0,0,0
667,2026-05-20 16:18:46.967,1,3,0,0,0,0,EB,8,0D,0A,0D,0,0,0,0,57
668,2026-05-20 16:18:47.183,0,0,0,1,3,0,0,0,0,EB,8,0D,0A,0D,0,0
669,2026-05-20 16:18:47.183,0,0,57,0,0,0,1,3,0,0,0,0,EB,8,0D,0A
670,2026-05-20 16:18:47.398,0D,0,0,0,0,57,0,0,0,1,3,0,0,0,0,EE
671,2026-05-20 16:18:47.608,8,0D,0A,0D,0,0,0,0,57,0,0,0,1,3,0,0
672,2026-05-20 16:18:47.824,0,0,EE,8,0D,0A,0D,0,0,0,0,57,0,0,0,1
673,2026-05-20 16:18:48.032,3,0,0,0,0,EB,8,0D,0A,0D,0,0,0,0,57,0
674,2026-05-20 16:18:48.242,0,0,1,3,0,0,0,0,EE,8,0D,0A,0D,0,0,0
675,2026-05-20 16:18:48.442,0,57,0,0,0,1,3,0,0,0,0,EB,8,0D,0A,0D
676,2026-05-20 16:18:48.462,0,0,0,0,57,0,0,0,1,3,0,0,0,0,EB,8
677,2026-05-20 16:18:48.653,0D,0A,0D,0,0,0,0,57,0,0,0,1,3,0,0,0
678,2026-05-20 16:18:48.870,0,EB,8,0D,0A,0D,0,0,0,0,57,0,0,0,1,3
679,2026-05-20 16:18:49.085,0,0,0,0,EB,8,0D,0A,0D,0,0,0,0,57,0,0
680,2026-05-20 16:18:49.292,0,1,3,0,0,0,0,EB,8,0D,0A,0D,0,0,0,0
681,2026-05-20 16:18:49.501,58,0,0,0,1,3,0,0,0,0,EB,8,0D,0A,0D,0
682,2026-05-20 16:18:49.514,0,0,0,58,0,0,0,1,3,0,0,0,0,EB,8,0D
683,2026-05-20 16:18:49.718,0A,0D,0,0,0,0,58,0,0,0,1,3,0,0,0,0
684,2026-05-20 16:18:49.927,EE,8,0D,0A,0D,0,0,0,0,57,0,0,0,1,3,0
685,2026-05-20 16:18:50.135,0,0,0,EB,8,0D,0A,0D,0,0,0,0,57,0,0,0
686,2026-05-20 16:18:50.343,1,3,0,0,0,0,EE,8,0D,0A,0D,0,0,0,0,58
687,2026-05-20 16:18:50.553,0,0,0,1,3,0,0,0,0,EB,8,0D,0A,0D,0,0
688,2026-05-20 16:18:50.566,0,0,57,0,0,0,1,3,0,0,0,0,EE,8,0D,0A
689,2026-05-20 16:18:50.770,0D,0,0,0,0,58,0,0,0,1,3,0,0,0,0,EE
690,2026-05-20 16:18:50.978,8,0D,0A,0D,0,0,0,0,57,0,0,0,1,3,0,0
691,2026-05-20 16:18:51.188,0,0,EB,8,0D,0A,0D,0,0,0,0,58,0,0,0,1
692,2026-05-20 16:18:51.394,3,0,0,0,0,EB,8,0D,0A,0D,0,0,0,0,57,0
693,2026-05-20 16:18:51.594,0,0,1,3,0,0,0,0,EB,8,0D,0A,0D,0,0,0
694,2026-05-20 16:18:51.811,0,58,0,0,0,1,3,0,0,0,0,EB,8,0D,0A,0D
695,2026-05-20 16:18:51.825,0,0,0,0,57,0,0,0,1,3,0,0,0,0,EB,8
696,2026-05-20 16:18:52.028,0D,0A,0D,0,0,0,0,58,0,0,0,1,3,0,0,0
697,2026-05-20 16:18:52.225,0,EB,8,0D,0A,0D,0,0,0,0,57,0,0,0,1,3
698,2026-05-20 16:18:52.444,0,0,0,0,EB,8,0D,0A,0D,0,0,0,0,58,0,0
699,2026-05-20 16:18:52.656,0,1,3,0,0,0,0,EB,8,0D,0A,0D,0,0,0,0
700,2026-05-20 16:18:52.855,57,0,0,0,1,3,0,0,0,0,E9,8,0D,0A,0D,0
701,2026-05-20 16:18:52.871,0,0,0,57,0,0,0,1,3,0,0,0,0,EB,8,0D
702,2026-05-20 16:18:53.081,0A,0D,0,0,0,0,57,0,0,0,1,3,0,0,0,0
703,2026-05-20 16:18:53.286,EB,8,0D,0A,0D,0,0,0,0,58,0,0,0,1,3,0
704,2026-05-20 16:18:53.499,0,0,0,EB,8,0D,0A,0D,0,0,0,0,57,0,0,0
705,2026-05-20 16:18:53.693,1,3,0,0,0,0,EB,8,0D,0A,0D,0,0,0,0,58
706,2026-05-20 16:18:53.915,0,0,0,1,3,0,0,0,0,EE,8,0D,0A,0D,0,0
707,2026-05-20 16:18:53.927,0,0,57,0,0,0,1,3,0,0,0,0,EE,8,0D,0A
708,2026-05-20 16:18:54.133,0D,0,0,0,0,57,0,0,0,1,3,0,0,0,0,EB
709,2026-05-20 16:18:54.342,8,0D,0A,0D,0,0,0,0,58,0,0,0,1,3,0,0
710,2026-05-20 16:18:54.549,0,0,EB,8,0D,0A,0D,0,0,0,0,58,0,0,0,1
711,2026-05-20 16:18:54.758,3,0,0,0,0,EB,8,0D,0A,0D,0,0,0,0,58,0
712,2026-05-20 16:18:54.968,0,0,1,3,0,0,0,0,EB,8,0D,0A,0D,0,0,0
713,2026-05-20 16:18:55.167,0,58,0,0,0,1,3,0,0,0,0,EB,8,0D,0A,0D
714,2026-05-20 16:18:55.199,0,0,0,0,58,0,0,0,1,3,0,0,0,0,EB,8
715,2026-05-20 16:18:55.384,0D,0A,0D,0,0,0,0,59,0,0,0,1,3,0,0,0
716,2026-05-20 16:18:55.600,0,EB,8,0D,0A,0D,0,0,0,0,59,0,0,0,1,3
717,2026-05-20 16:18:55.800,0,0,0,0,EB,8,0D,0A,0D,0,0,0,0,58,0,0
718,2026-05-20 16:18:56.016,0,1,3,0,0,0,0,EB,8,0D,0A,0D,0,0,0,0
719,2026-05-20 16:18:56.217,57,0,0,0,1,3,0,0,0,0,EB,8,0D,0A,0D,0
720,2026-05-20 16:18:56.238,0,0,0,55,0,0,0,1,3,0,0,0,0,EB,8,0D
721,2026-05-20 16:18:56.434,0A,0D,0,0,0,0,56,0,0,0,1,3,0,0,0,0
722,2026-05-20 16:18:56.650,EB,8,0D,0A,0D,0,0,0,0,55,0,0,0,1,3,0
723,2026-05-20 16:18:56.860,0,0,0,EB,8,0D,0A,0D,0,0,0,0,56,0,0,0
724,2026-05-20 16:18:57.066,1,3,0,0,0,0,EB,8,0D,0A,0D,0,0,0,0,56
725,2026-05-20 16:18:57.267,0,0,0,1,3,0,0,0,0,EB,8,0D,0A,0D,0,0
726,2026-05-20 16:18:57.283,0,0,56,0,0,0,1,3,0,0,0,0,EB,8,0D,0A
727,2026-05-20 16:18:57.485,0D,0,0,0,0,56,0,0,0,1,3,0,0,0,0,EB
728,2026-05-20 16:18:57.700,8,0D,0A,0D,0,0,0,0,56,0,0,0,1,3,0,0
729,2026-05-20 16:18:57.900,0,0,EB,8,0D,0A,0D,0,0,0,0,56,0,0,0,1
730,2026-05-20 16:18:58.117,3,0,0,0,0,EB,8,0D,0A,0D,0,0,0,0,56,0
731,2026-05-20 16:18:58.333,0,0,1,3,0,0,0,0,EB,8,0D,0A,0D,0,0,0
732,2026-05-20 16:18:58.536,0,56,0,0,0,1,3,0,0,0,0,EE,8,0D,0A,0D
733,2026-05-20 16:18:58.547,0,0,0,0,56,0,0,0,1,3,0,0,0,0,EE,8
734,2026-05-20 16:18:58.753,0D,0A,0D,0,0,0,0,56,0,0,0,1,3,0,0,0
735,2026-05-20 16:18:58.962,0,EB,8,0D,0A,0D,0,0,0,0,56,0,0,0,1,3
736,2026-05-20 16:18:59.168,0,0,0,0,EB,8,0D,0A,0D,0,0,0,0,56,0,0
737,2026-05-20 16:18:59.367,0,1,3,0,0,0,0,EB,8,0D,0A,0D,0,0,0,0
738,2026-05-20 16:18:59.586,56,0,0,0,1,3,0,0,0,0,EB,8,0D,0A,0D,0
739,2026-05-20 16:18:59.616,0,0,0,56,0,0,0,1,3,0,0,0,0,EB,8,0D
740,2026-05-20 16:18:59.802,0A,0D,0,0,0,0,56,0,0,0,1,3,0,0,0,0
741,2026-05-20 16:19:00.017,EB,8,0D,0A,0D,0,0,0,0,56,0,0,0,1,3,0
742,2026-05-20 16:19:00.217,0,0,0,EB,8,0D,0A,0D,0,0,0,0,56,0,0,0
743,2026-05-20 16:19:00.433,1,3,0,0,0,0,EB,8,0D,0A,0D,0,0,0,0,56
744,2026-05-20 16:19:00.634,0,0,0,1,3,0,0,0,0,EB,8,0D,0A,0D,0,0
745,2026-05-20 16:19:00.653,0,0,56,0,0,0,1,3,0,0,0,0,EB,8,0D,0A
746,2026-05-20 16:19:00.852,0D,0,0,0,0,56,0,0,0,1,3,0,0,0,0,EB
747,2026-05-20 16:19:01.068,8,0D,0A,0D,0,0,0,0,56,0,0,0,1,3,0,0
748,2026-05-20 16:19:01.268,0,0,EB,8,0D,0A,0D,0,0,0,0,56,0,0,0,1
749,2026-05-20 16:19:01.483,3,0,0,0,0,EB,8,0D,0A,0D,0,0,0,0,56,0
750,2026-05-20 16:19:01.684,0,0,1,3,0,0,0,0,EB,8,0D,0A,0D,0,0,0
751,2026-05-20 16:19:01.902,0,55,0,0,0,1,3,0,0,0,0,EE,8,0D,0A,0D
752,2026-05-20 16:19:01.905,0,0,0,0,56,0,0,0,1,3,0,0,0,0,EB,8
753,2026-05-20 16:19:02.118,0D,0A,0D,0,0,0,0,56,0,0,0,1,3,0,0,0
754,2026-05-20 16:19:02.317,0,EB,8,0D,0A,0D,0,0,0,0,56,0,0,0,1,3
755,2026-05-20 16:19:02.535,0,0,0,0,EB,8,0D,0A,0D,0,0,0,0,56,0,0
756,2026-05-20 16:19:02.734,0,1,3,0,0,0,0,EE,8,0D,0A,0D,0,0,0,0
757,2026-05-20 16:19:02.951,56,0,0,0,1,3,0,0,0,0,EB,8,0D,0A,0D,0
758,2026-05-20 16:19:02.967,0,0,0,56,0,0,0,1,3,0,0,0,0,EB,8,0D
759,2026-05-20 16:19:03.168,0A,0D,0,0,0,0,56,0,0,0,1,3,0,0,0,0
760,2026-05-20 16:19:03.380,EE,8,0D,0A,0D,0,0,0,0,56,0,0,0,1,3,0
761,2026-05-20 16:19:03.585,0,0,0,EE,8,0D,0A,0D,0,0,0,0,56,0,0,0
762,2026-05-20 16:19:03.784,1,3,0,0,0,0,EB,8,0D,0A,0D,0,0,0,0,56
763,2026-05-20 16:19:04.005,0,0,0,1,3,0,0,0,0,EE,8,0D,0A,0D,0,0
764,2026-05-20 16:19:04.015,0,0,56,0,0,0,1,3,0,0,0,0,EB,8,0D,0A
765,2026-05-20 16:19:04.220,0D,0,0,0,0,56,0,0,0,1,3,0,0,0,0,EB
766,2026-05-20 16:19:04.418,8,0D,0A,0D,0,0,0,0,56,0,0,0,1,3,0,0
767,2026-05-20 16:19:04.634,0,0,EB,8,0D,0A,0D,0,0,0,0,56,0,0,0,1
768,2026-05-20 16:19:04.849,3,0,0,0,0,EB,8,0D,0A,0D,0,0,0,0,56,0
769,2026-05-20 16:19:05.051,0,0,1,3,0,0,0,0,EB,8,0D,0A,0D,0,0,0
770,2026-05-20 16:19:05.267,0,56,0,0,0,1,3,0,0,0,0,EB,8,0D,0A,0D
771,2026-05-20 16:19:05.268,0,0,0,0,56,0,0,0,1,3,0,0,0,0,EB,8
772,2026-05-20 16:19:05.484,0D,0A,0D,0,0,0,0,56,0,0,0,1,3,0,0,0
773,2026-05-20 16:19:05.692,0,EB,8,0D,0A,0D,0,0,0,0,56,0,0,0,1,3
774,2026-05-20 16:19:05.900,0,0,0,0,EB,8,0D,0A,0D,0,0,0,0,56,0,0
775,2026-05-20 16:19:06.109,0,1,3,0,0,0,0,EE,8,0D,0A,0D,0,0,0,0
776,2026-05-20 16:19:06.308,56,0,0,0,1,3,0,0,0,0,EE,8,0D,0A,0D,0
777,2026-05-20 16:19:06.328,0,0,0,56,0,0,0,1,3,0,0,0,0,EB,8,0D
778,2026-05-20 16:19:06.535,0A,0D,0,0,0,0,56,0,0,0,1,3,0,0,0,0
779,2026-05-20 16:19:06.734,EB,8,0D,0A,0D,0,0,0,0,56,0,0,0,1,3,0
780,2026-05-20 16:19:06.949,0,0,0,EE,8,0D,0A,0D,0,0,0,0,56,0,0,0
781,2026-05-20 16:19:07.151,1,3,0,0,0,0,EE,8,0D,0A,0D,0,0,0,0,56
782,2026-05-20 16:19:07.367,0,0,0,1,3,0,0,0,0,EE,8,0D,0A,0D,0,0
783,2026-05-20 16:19:07.371,0,0,56,0,0,0,1,3,0,0,0,0,EB,8,0D,0A
784,2026-05-20 16:19:07.583,0D,0,0,0,0,56,0,0,0,1,3,0,0,0,0,EB
785,2026-05-20 16:19:07.784,8,0D,0A,0D,0,0,0,0,56,0,0,0,1,3,0,0
786,2026-05-20 16:19:08.003,0,0,EB,8,0D,0A,0D,0,0,0,0,56,0,0,0,1
787,2026-05-20 16:19:08.200,3,0,0,0,0,EB,8,0D,0A,0D,0,0,0,0,56,0
788,2026-05-20 16:19:08.418,0,0,1,3,0,0,0,0,EB,8,0D,0A,0D,0,0,0
789,2026-05-20 16:19:08.618,0,56,0,0,0,1,3,0,0,0,0,EB,8,0D,0A,0D
790,2026-05-20 16:19:08.639,0,0,0,0,56,0,0,0,1,3,0,0,0,0,EB,8
791,2026-05-20 16:19:08.838,0D,0A,0D,0,0,0,0,56,0,0,0,1,3,0,0,0
792,2026-05-20 16:19:09.051,0,EB,8,0D,0A,0D,0,0,0,0,56,0,0,0,1,3
793,2026-05-20 16:19:09.251,0,0,0,0,EB,8,0D,0A,0D,0,0,0,0,56,0,0
794,2026-05-20 16:19:09.469,0,1,3,0,0,0,0,EB,8,0D,0A,0D,0,0,0,0
795,2026-05-20 16:19:09.680,56,0,0,0,1,3,0,0,0,0,EB,8,0D,0A,0D,0
796,2026-05-20 16:19:09.689,0,0,0,56,0,0,0,1,3,0,0,0,0,EB,8,0D
797,2026-05-20 16:19:09.898,0A,0D,0,0,0,0,56,0,0,0,1,3,0,0,0,0
798,2026-05-20 16:19:10.102,EE,8,0D,0A,0D,0,0,0,0,56,0,0,0,1,3,0
799,2026-05-20 16:19:10.302,0,0,0,EB,8,0D,0A,0D,0,0,0,0,56,0,0,0
800,2026-05-20 16:19:10.517,1,3,0,0,0,0,EB,8,0D,0A,0D,0,0,0,0,56
801,2026-05-20 16:19:10.731,0,0,0,1,3,0,0,0,0,EB,8,0D,0A,0D,0,0
802,2026-05-20 16:19:10.749,0,0,56,0,0,0,1,3,0,0,0,0,EB,8,0D,0A
803,2026-05-20 16:19:10.935,0D,0,0,0,0,56,0,0,0,1,3,0,0,0,0,EB
804,2026-05-20 16:19:11.153,8,0D,0A,0D,0,0,0,0,56,0,0,0,1,3,0,0
805,2026-05-20 16:19:11.365,0,0,EB,8,0D,0A,0D,0,0,0,0,56,0,0,0,1
806,2026-05-20 16:19:11.575,3,0,0,0,0,EB,8,0D,0A,0D,0,0,0,0,56,0
807,2026-05-20 16:19:11.782,0,0,1,3,0,0,0,0,EB,8,0D,0A,0D,0,0,0
808,2026-05-20 16:19:11.983,0,56,0,0,0,1,3,0,0,0,0,EE,8,0D,0A,0D
809,2026-05-20 16:19:12.005,0,0,0,0,56,0,0,0,1,3,0,0,0,0,EB,8
810,2026-05-20 16:19:12.201,0D,0A,0D,0,0,0,0,56,0,0,0,1,3,0,0,0
811,2026-05-20 16:19:12.417,0,EB,8,0D,0A,0D,0,0,0,0,56,0,0,0,1,3
812,2026-05-20 16:19:12.616,0,0,0,0,EB,8,0D,0A,0D,0,0,0,0,56,0,0
813,2026-05-20 16:19:12.832,0,1,3,0,0,0,0,EB,8,0D,0A,0D,0,0,0,0
814,2026-05-20 16:19:13.033,56,0,0,0,1,3,0,0,0,0,EB,8,0D,0A,0D,0
815,2026-05-20 16:19:13.056,0,0,0,56,0,0,0,1,3,0,0,0,0,E9,8,0D
816,2026-05-20 16:19:13.251,0A,0D,0,0,0,0,56,0,0,0,1,3,0,0,0,0
817,2026-05-20 16:19:13.466,EB,8,0D,0A,0D,0,0,0,0,56,0,0,0,1,3,0
818,2026-05-20 16:19:13.678,0,0,0,E9,8,0D,0A,0D,0,0,0,0,56,0,0,0
819,2026-05-20 16:19:13.883,1,3,0,0,0,0,EE,8,0D,0A,0D,0,0,0,0,56
820,2026-05-20 16:19:14.084,0,0,0,1,3,0,0,0,0,EB,8,0D,0A,0D,0,0
821,2026-05-20 16:19:14.100,0,0,56,0,0,0,1,3,0,0,0,0,EE,8,0D,0A
822,2026-05-20 16:19:14.302,0D,0,0,0,0,56,0,0,0,1,3,0,0,0,0,EB
823,2026-05-20 16:19:14.520,8,0D,0A,0D,0,0,0,0,56,0,0,0,1,3,0,0
824,2026-05-20 16:19:14.718,0,0,EB,8,0D,0A,0D,0,0,0,0,57,0,0,0,1
825,2026-05-20 16:19:14.933,3,0,0,0,0,EB,8,0D,0A,0D,0,0,0,0,56,0
826,2026-05-20 16:19:15.139,0,0,1,3,0,0,0,0,E9,8,0D,0A,0D,0,0,0
827,2026-05-20 16:19:15.350,0,57,0,0,0,1,3,0,0,0,0,EB,8,0D,0A,0D
828,2026-05-20 16:19:15.362,0,0,0,0,56,0,0,0,1,3,0,0,0,0,EB,8
829,2026-05-20 16:19:15.568,0D,0A,0D,0,0,0,0,56,0,0,0,1,3,0,0,0
830,2026-05-20 16:19:15.768,0,EB,8,0D,0A,0D,0,0,0,0,56,0,0,0,1,3
831,2026-05-20 16:19:15.985,0,0,0,0,EB,8,0D,0A,0D,0,0,0,0,56,0,0
832,2026-05-20 16:19:16.184,0,1,3,0,0,0,0,EB,8,0D,0A,0D,0,0,0,0
833,2026-05-20 16:19:16.401,56,0,0,0,1,3,0,0,0,0,EB,8,0D,0A,0D,0
834,2026-05-20 16:19:16.430,0,0,0,56,0,0,0,1,3,0,0,0,0,EB,8,0D
835,2026-05-20 16:19:16.619,0A,0D,0,0,0,0,56,0,0,0,1,3,0,0,0,0
836,2026-05-20 16:19:16.831,EB,8,0D,0A,0D,0,0,0,0,56,0,0,0,1,3,0
837,2026-05-20 16:19:17.035,0,0,0,EE,8,0D,0A,0D,0,0,0,0,56,0,0,0
838,2026-05-20 16:19:17.235,1,3,0,0,0,0,EE,8,0D,0A,0D,0,0,0,0,56
839,2026-05-20 16:19:17.451,0,0,0,1,3,0,0,0,0,EB,8,0D,0A,0D,0,0
840,2026-05-20 16:19:17.468,0,0,56,0,0,0,1,3,0,0,0,0,EE,8,0D,0A
841,2026-05-20 16:19:17.669,0D,0,0,0,0,56,0,0,0,1,3,0,0,0,0,E9
842,2026-05-20 16:19:17.883,8,0D,0A,0D,0,0,0,0,56,0,0,0,1,3,0,0
843,2026-05-20 16:19:18.085,0,0,EE,8,0D,0A,0D,0,0,0,0,56,0,0,0,1
844,2026-05-20 16:19:18.301,3,0,0,0,0,EB,8,0D,0A,0D,0,0,0,0,56,0
845,2026-05-20 16:19:18.502,0,0,1,3,0,0,0,0,EB,8,0D,0A,0D,0,0,0
846,2026-05-20 16:19:18.717,0,56,0,0,0,1,3,0,0,0,0,EB,8,0D,0A,0D
847,2026-05-20 16:19:18.717,0,0,0,0,56,0,0,0,1,3,0,0,0,0,EB,8
848,2026-05-20 16:19:18.921,0D,0A,0D,0,0,0,0,56,0,0,0,1,3,0,0,0
849,2026-05-20 16:19:19.137,0,EB,8,0D,0A,0D,0,0,0,0,56,0,0,0,1,3
850,2026-05-20 16:19:19.351,0,0,0,0,EB,8,0D,0A,0D,0,0,0,0,56,0,0
851,2026-05-20 16:19:19.551,0,1,3,0,0,0,0,EE,8,0D,0A,0D,0,0,0,0
852,2026-05-20 16:19:19.767,56,0,0,0,1,3,0,0,0,0,EE,8,0D,0A,0D,0
853,2026-05-20 16:19:19.778,0,0,0,56,0,0,0,1,3,0,0,0,0,EB,8,0D
854,2026-05-20 16:19:19.986,0A,0D,0,0,0,0,56,0,0,0,1,3,0,0,0,0
855,2026-05-20 16:19:20.186,EB,8,0D,0A,0D,0,0,0,0,56,0,0,0,1,3,0
856,2026-05-20 16:19:20.403,0,0,0,EB,8,0D,0A,0D,0,0,0,0,57,0,0,0
857,2026-05-20 16:19:20.601,1,3,0,0,0,0,EB,8,0D,0A,0D,0,0,0,0,56
858,2026-05-20 16:19:20.818,0,0,0,1,3,0,0,0,0,EB,8,0D,0A,0D,0,0
859,2026-05-20 16:19:20.830,0,0,56,0,0,0,1,3,0,0,0,0,EB,8,0D,0A
860,2026-05-20 16:19:21.035,0D,0,0,0,0,56,0,0,0,1,3,0,0,0,0,EB
861,2026-05-20 16:19:21.235,8,0D,0A,0D,0,0,0,0,56,0,0,0,1,3,0,0
862,2026-05-20 16:19:21.453,0,0,EB,8,0D,0A,0D,0,0,0,0,56,0,0,0,1
863,2026-05-20 16:19:21.652,3,0,0,0,0,EB,8,0D,0A,0D,0,0,0,0,56,0
864,2026-05-20 16:19:21.868,0,0,1,3,0,0,0,0,EB,8,0D,0A,0D,0,0,0
865,2026-05-20 16:19:22.069,0,56,0,0,0,1,3,0,0,0,0,EB,8,0D,0A,0D
866,2026-05-20 16:19:22.088,0,0,0,0,56,0,0,0,1,3,0,0,0,0,E9,8
867,2026-05-20 16:19:22.300,0D,0A,0D,0,0,0,0,56,0,0,0,1,3,0,0,0
868,2026-05-20 16:19:22.507,0,EB,8,0D,0A,0D,0,0,0,0,56,0,0,0,1,3
869,2026-05-20 16:19:22.716,0,0,0,0,EB,8,0D,0A,0D,0,0,0,0,56,0,0
870,2026-05-20 16:19:22.923,0,1,3,0,0,0,0,EE,8,0D,0A,0D,0,0,0,0
871,2026-05-20 16:19:23.134,56,0,0,0,1,3,0,0,0,0,EB,8,0D,0A,0D,0
872,2026-05-20 16:19:23.142,0,0,0,56,0,0,0,1,3,0,0,0,0,EB,8,0D
873,2026-05-20 16:19:23.351,0A,0D,0,0,0,0,56,0,0,0,1,3,0,0,0,0
874,2026-05-20 16:19:23.558,EB,8,0D,0A,0D,0,0,0,0,56,0,0,0,1,3,0
875,2026-05-20 16:19:23.767,0,0,0,EB,8,0D,0A,0D,0,0,0,0,56,0,0,0
876,2026-05-20 16:19:23.977,1,3,0,0,0,0,EB,8,0D,0A,0D,0,0,0,0,56
877,2026-05-20 16:19:24.186,0,0,0,1,3,0,0,0,0,EB,8,0D,0A,0D,0,0
878,2026-05-20 16:19:24.196,0,0,56,0,0,0,1,3,0,0,0,0,EB,8,0D,0A
879,2026-05-20 16:19:24.391,0D,0,0,0,0,56,0,0,0,1,3,0,0,0,0,F0
880,2026-05-20 16:19:24.605,8,0D,0A,0D,0,0,0,0,56,0,0,0,1,3,0,0
881,2026-05-20 16:19:24.821,0,0,EB,8,0D,0A,0D,0,0,0,0,56,0,0,0,1
882,2026-05-20 16:19:25.019,3,0,0,0,0,EB,8,0D,0A,0D,0,0,0,0,56,0
883,2026-05-20 16:19:25.234,0,0,1,3,0,0,0,0,EB,8,0D,0A,0D,0,0,0
884,2026-05-20 16:19:25.435,0,56,0,0,0,1,3,0,0,0,0,EB,8,0D,0A,0D
885,2026-05-20 16:19:25.454,0,0,0,0,56,0,0,0,1,3,0,0,0,0,EB,8
886,2026-05-20 16:19:25.650,0D,0A,0D,0,0,0,0,56,0,0,0,1,3,0,0,0
887,2026-05-20 16:19:25.871,0,EB,8,0D,0A,0D,0,0,0,0,56,0,0,0,1,3
888,2026-05-20 16:19:26.069,0,0,0,0,EB,8,0D,0A,0D,0,0,0,0,56,0,0
889,2026-05-20 16:19:26.285,0,1,3,0,0,0,0,EB,8,0D,0A,0D,0,0,0,0
890,2026-05-20 16:19:26.492,56,0,0,0,1,3,0,0,0,0,EB,8,0D,0A,0D,0
891,2026-05-20 16:19:26.505,0,0,0,56,0,0,0,1,3,0,0,0,0,EB,8,0D
892,2026-05-20 16:19:26.702,0A,0D,0,0,0,0,56,0,0,0,1,3,0,0,0,0
893,2026-05-20 16:19:26.919,EE,8,0D,0A,0D,0,0,0,0,56,0,0,0,1,3,0
894,2026-05-20 16:19:27.119,0,0,0,EB,8,0D,0A,0D,0,0,0,0,56,0,0,0
895,2026-05-20 16:19:27.335,1,3,0,0,0,0,EB,8,0D,0A,0D,0,0,0,0,56
896,2026-05-20 16:19:27.534,0,0,0,1,3,0,0,0,0,EB,8,0D,0A,0D,0,0
897,2026-05-20 16:19:27.550,0,0,56,0,0,0,1,3,0,0,0,0,EB,8,0D,0A
898,2026-05-20 16:19:27.753,0D,0,0,0,0,56,0,0,0,1,3,0,0,0,0,EB
899,2026-05-20 16:19:27.973,8,0D,0A,0D,0,0,0,0,57,0,0,0,1,3,0,0
900,2026-05-20 16:19:28.170,0,0,EB,8,0D,0A,0D,0,0,0,0,56,0,0,0,1
901,2026-05-20 16:19:28.385,3,0,0,0,0,F0,8,0D,0A,0D,0,0,0,0,56,0
902,2026-05-20 16:19:28.594,0,0,1,3,0,0,0,0,EB,8,0D,0A,0D,0,0,0
903,2026-05-20 16:19:28.802,0,56,0,0,0,1,3,0,0,0,0,EB,8,0D,0A,0D
904,2026-05-20 16:19:28.821,0,0,0,0,57,0,0,0,1,3,0,0,0,0,EB,8
905,2026-05-20 16:19:29.020,0D,0A,0D,0,0,0,0,56,0,0,0,1,3,0,0,0
906,2026-05-20 16:19:29.233,0,EB,8,0D,0A,0D,0,0,0,0,56,0,0,0,1,3
907,2026-05-20 16:19:29.435,0,0,0,0,EB,8,0D,0A,0D,0,0,0,0,56,0,0
908,2026-05-20 16:19:29.651,0,1,3,0,0,0,0,EB,8,0D,0A,0D,0,0,0,0
909,2026-05-20 16:19:29.852,56,0,0,0,1,3,0,0,0,0,EB,8,0D,0A,0D,0
910,2026-05-20 16:19:29.871,0,0,0,56,0,0,0,1,3,0,0,0,0,EB,8,0D
911,2026-05-20 16:19:30.069,0A,0D,0,0,0,0,56,0,0,0,1,3,0,0,0,0
912,2026-05-20 16:19:30.284,EB,8,0D,0A,0D,0,0,0,0,56,0,0,0,1,3,0
913,2026-05-20 16:19:30.485,0,0,0,EB,8,0D,0A,0D,0,0,0,0,56,0,0,0
914,2026-05-20 16:19:30.701,1,3,0,0,0,0,EB,8,0D,0A,0D,0,0,0,0,56
915,2026-05-20 16:19:30.902,0,0,0,1,3,0,0,0,0,EB,8,0D,0A,0D,0,0
916,2026-05-20 16:19:30.930,0,0,56,0,0,0,1,3,0,0,0,0,EB,8,0D,0A
917,2026-05-20 16:19:31.119,0D,0,0,0,0,56,0,0,0,1,3,0,0,0,0,EB
918,2026-05-20 16:19:31.334,8,0D,0A,0D,0,0,0,0,56,0,0,0,1,3,0,0
919,2026-05-20 16:19:31.546,0,0,EB,8,0D,0A,0D,0,0,0,0,56,0,0,0,1
920,2026-05-20 16:19:31.752,3,0,0,0,0,EE,8,0D,0A,0D,0,0,0,0,56,0
921,2026-05-20 16:19:31.952,0,0,1,3,0,0,0,0,EB,8,0D,0A,0D,0,0,0
922,2026-05-20 16:19:32.171,0,56,0,0,0,1,3,0,0,0,0,EE,8,0D,0A,0D
923,2026-05-20 16:19:32.182,0,0,0,0,56,0,0,0,1,3,0,0,0,0,EB,8
924,2026-05-20 16:19:32.387,0D,0A,0D,0,0,0,0,56,0,0,0,1,3,0,0,0
925,2026-05-20 16:19:32.598,0,EB,8,0D,0A,0D,0,0,0,0,56,0,0,0,1,3
926,2026-05-20 16:19:32.802,0,0,0,0,EB,8,0D,0A,0D,0,0,0,0,56,0,0
927,2026-05-20 16:19:33.015,0,1,3,0,0,0,0,EB,8,0D,0A,0D,0,0,0,0
928,2026-05-20 16:19:33.218,56,0,0,0,1,3,0,0,0,0,EB,8,0D,0A,0D,0
929,2026-05-20 16:19:33.218,0,0,0,56,0,0,0,1,3,0,0,0,0,EB,8,0D
930,2026-05-20 16:19:33.434,0A,0D,0,0,0,0,56,0,0,0,1,3,0,0,0,0
931,2026-05-20 16:19:33.635,EB,8,0D,0A,0D,0,0,0,0,56,0,0,0,1,3,0
932,2026-05-20 16:19:33.852,0,0,0,EB,8,0D,0A,0D,0,0,0,0,56,0,0,0
933,2026-05-20 16:19:34.067,1,3,0,0,0,0,EB,8,0D,0A,0D,0,0,0,0,56
934,2026-05-20 16:19:34.268,0,0,0,1,3,0,0,0,0,EB,8,0D,0A,0D,0,0
935,2026-05-20 16:19:34.290,0,0,56,0,0,0,1,3,0,0,0,0,EE,8,0D,0A
936,2026-05-20 16:19:34.486,0D,0,0,0,0,56,0,0,0,1,3,0,0,0,0,E9
937,2026-05-20 16:19:34.700,8,0D,0A,0D,0,0,0,0,56,0,0,0,1,3,0,0
938,2026-05-20 16:19:34.903,0,0,EB,8,0D,0A,0D,0,0,0,0,56,0,0,0,1
939,2026-05-20 16:19:35.118,3,0,0,0,0,EB,8,0D,0A,0D,0,0,0,0,56,0
940,2026-05-20 16:19:35.320,0,0,1,3,0,0,0,0,EB,8,0D,0A,0D,0,0,0
941,2026-05-20 16:19:35.534,0,56,0,0,0,1,3,0,0,0,0,EE,8,0D,0A,0D
942,2026-05-20 16:19:35.534,0,0,0,0,56,0,0,0,1,3,0,0,0,0,EE,8
943,2026-05-20 16:19:35.738,0D,0A,0D,0,0,0,0,56,0,0,0,1,3,0,0,0
944,2026-05-20 16:19:35.953,0,E9,8,0D,0A,0D,0,0,0,0,56,0,0,0,1,3
945,2026-05-20 16:19:36.168,0,0,0,0,EB,8,0D,0A,0D,0,0,0,0,57,0,0
946,2026-05-20 16:19:36.369,0,1,3,0,0,0,0,EB,8,0D,0A,0D,0,0,0,0
947,2026-05-20 16:19:36.585,56,0,0,0,1,3,0,0,0,0,EE,8,0D,0A,0D,0
948,2026-05-20 16:19:36.595,0,0,0,57,0,0,0,1,3,0,0,0,0,EB,8,0D
949,2026-05-20 16:19:36.802,0A,0D,0,0,0,0,57,0,0,0,1,3,0,0,0,0
950,2026-05-20 16:19:37.011,EB,8,0D,0A,0D,0,0,0,0,57,0,0,0,1,3,0
951,2026-05-20 16:19:37.226,0,0,0,E9,8,0D,0A,0D,0,0,0,0,56,0,0,0
952,2026-05-20 16:19:37.419,1,3,0,0,0,0,E9,8,0D,0A,0D,0,0,0,0,57
953,2026-05-20 16:19:37.635,0,0,0,1,3,0,0,0,0,EB,8,0D,0A,0D,0,0
954,2026-05-20 16:19:37.645,0,0,56,0,0,0,1,3,0,0,0,0,EB,8,0D,0A
955,2026-05-20 16:19:37.852,0D,0,0,0,0,56,0,0,0,1,3,0,0,0,0,EB
956,2026-05-20 16:19:38.052,8,0D,0A,0D,0,0,0,0,56,0,0,0,1,3,0,0
957,2026-05-20 16:19:38.269,0,0,EB,8,0D,0A,0D,0,0,0,0,56,0,0,0,1
958,2026-05-20 16:19:38.469,3,0,0,0,0,EB,8,0D,0A,0D,0,0,0,0,56,0
959,2026-05-20 16:19:38.685,0,0,1,3,0,0,0,0,EB,8,0D,0A,0D,0,0,0
960,2026-05-20 16:19:38.885,0,57,0,0,0,1,3,0,0,0,0,EB,8,0D,0A,0D
961,2026-05-20 16:19:38.908,0,0,0,0,56,0,0,0,1,3,0,0,0,0,EE,8
962,2026-05-20 16:19:39.104,0D,0A,0D,0,0,0,0,57,0,0,0,1,3,0,0,0
963,2026-05-20 16:19:39.319,0,EB,8,0D,0A,0D,0,0,0,0,56,0,0,0,1,3
964,2026-05-20 16:19:39.527,0,0,0,0,EB,8,0D,0A,0D,0,0,0,0,57,0,0
965,2026-05-20 16:19:39.736,0,1,3,0,0,0,0,EB,8,0D,0A,0D,0,0,0,0
966,2026-05-20 16:19:39.936,56,0,0,0,1,3,0,0,0,0,EB,8,0D,0A,0D,0
967,2026-05-20 16:19:39.952,0,0,0,57,0,0,0,1,3,0,0,0,0,EE,8,0D
968,2026-05-20 16:19:40.154,0A,0D,0,0,0,0,56,0,0,0,1,3,0,0,0,0
969,2026-05-20 16:19:40.369,EB,8,0D,0A,0D,0,0,0,0,57,0,0,0,1,3,0
970,2026-05-20 16:19:40.569,0,0,0,EB,8,0D,0A,0D,0,0,0,0,56,0,0,0
971,2026-05-20 16:19:40.786,1,3,0,0,0,0,EB,8,0D,0A,0D,0,0,0,0,57
972,2026-05-20 16:19:41.001,0,0,0,1,3,0,0,0,0,EB,8,0D,0A,0D,0,0
973,2026-05-20 16:19:41.006,0,0,56,0,0,0,1,3,0,0,0,0,EB,8,0D,0A
974,2026-05-20 16:19:41.206,0D,0,0,0,0,57,0,0,0,1,3,0,0,0,0,EB
975,2026-05-20 16:19:41.419,8,0D,0A,0D,0,0,0,0,56,0,0,0,1,3,0,0
976,2026-05-20 16:19:41.635,0,0,EB,8,0D,0A,0D,0,0,0,0,57,0,0,0,1
977,2026-05-20 16:19:41.843,3,0,0,0,0,EB,8,0D,0A,0D,0,0,0,0,56,0
978,2026-05-20 16:19:42.052,0,0,1,3,0,0,0,0,EB,8,0D,0A,0D,0,0,0
979,2026-05-20 16:19:42.252,0,57,0,0,0,1,3,0,0,0,0,EB,8,0D,0A,0D
980,2026-05-20 16:19:42.284,0,0,0,0,56,0,0,0,1,3,0,0,0,0,EB,8
981,2026-05-20 16:19:42.470,0D,0A,0D,0,0,0,0,57,0,0,0,1,3,0,0,0
982,2026-05-20 16:19:42.685,0,EB,8,0D,0A,0D,0,0,0,0,56,0,0,0,1,3
983,2026-05-20 16:19:42.886,0,0,0,0,EB,8,0D,0A,0D,0,0,0,0,57,0,0
984,2026-05-20 16:19:43.101,0,1,3,0,0,0,0,EB,8,0D,0A,0D,0,0,0,0
985,2026-05-20 16:19:43.308,56,0,0,0,1,3,0,0,0,0,EE,8,0D,0A,0D,0
986,2026-05-20 16:19:43.322,0,0,0,57,0,0,0,1,3,0,0,0,0,EB,8,0D
987,2026-05-20 16:19:43.520,0A,0D,0,0,0,0,56,0,0,0,1,3,0,0,0,0
988,2026-05-20 16:19:43.738,EB,8,0D,0A,0D,0,0,0,0,57,0,0,0,1,3,0
989,2026-05-20 16:19:43.962,0,0,0,EE,8,0D,0A,0D,0,0,0,0,56,0,0,0
990,2026-05-20 16:19:44.151,1,3,0,0,0,0,EB,8,0D,0A,0D,0,0,0,0,57
991,2026-05-20 16:19:44.352,0,0,0,1,3,0,0,0,0,EB,8,0D,0A,0D,0,0
992,2026-05-20 16:19:44.378,0,0,56,0,0,0,1,3,0,0,0,0,EE,8,0D,0A
993,2026-05-20 16:19:44.570,0D,0,0,0,0,57,0,0,0,1,3,0,0,0,0,EB
994,2026-05-20 16:19:44.786,8,0D,0A,0D,0,0,0,0,56,0,0,0,1,3,0,0
995,2026-05-20 16:19:44.986,0,0,EB,8,0D,0A,0D,0,0,0,0,57,0,0,0,1
996,2026-05-20 16:19:45.202,3,0,0,0,0,EE,8,0D,0A,0D,0,0,0,0,56,0
997,2026-05-20 16:19:45.410,0,0,1,3,0,0,0,0,EE,8,0D,0A,0D,0,0,0
998,2026-05-20 16:19:45.625,0,57,0,0,0,1,3,0,0,0,0,EB,8,0D,0A,0D
999,2026-05-20 16:19:45.636,0,0,0,0,57,0,0,0,1,3,0,0,0,0,EB,8
1000,2026-05-20 16:19:45.836,0D,0A,0D,0,0,0,0,57,0,0,0,1,3,0,0,0
1001,2026-05-20 16:19:46.051,0,EE,8,0D,0A,0D,0,0,0,0,57,0,0,0,1,3
1002,2026-05-20 16:19:46.259,0,0,0,0,EB,8,0D,0A,0D,0,0,0,0,57,0,0
1003,2026-05-20 16:19:46.468,0,1,3,0,0,0,0,EE,8,0D,0A,0D,0,0,0,0
1004,2026-05-20 16:19:46.676,57,0,0,0,1,3,0,0,0,0,EE,8,0D,0A,0D,0
1005,2026-05-20 16:19:46.676,0,0,0,56,0,0,0,1,3,0,0,0,0,EB,8,0D
1006,2026-05-20 16:19:46.893,0A,0D,0,0,0,0,57,0,0,0,1,3,0,0,0,0
1007,2026-05-20 16:19:47.102,EB,8,0D,0A,0D,0,0,0,0,56,0,0,0,1,3,0
1008,2026-05-20 16:19:47.310,0,0,0,EB,8,0D,0A,0D,0,0,0,0,56,0,0,0
1009,2026-05-20 16:19:47.516,1,3,0,0,0,0,EB,8,0D,0A,0D,0,0,0,0,56
1010,2026-05-20 16:19:47.719,0,0,0,1,3,0,0,0,0,EB,8,0D,0A,0D,0,0
1011,2026-05-20 16:19:47.740,0,0,56,0,0,0,1,3,0,0,0,0,EB,8,0D,0A
1012,2026-05-20 16:19:47.937,0D,0,0,0,0,56,0,0,0,1,3,0,0,0,0,EB
1013,2026-05-20 16:19:48.151,8,0D,0A,0D,0,0,0,0,56,0,0,0,1,3,0,0
1014,2026-05-20 16:19:48.353,0,0,EE,8,0D,0A,0D,0,0,0,0,56,0,0,0,1
1015,2026-05-20 16:19:48.569,3,0,0,0,0,EB,8,0D,0A,0D,0,0,0,0,56,0
1016,2026-05-20 16:19:48.769,0,0,1,3,0,0,0,0,EB,8,0D,0A,0D,0,0,0
1017,2026-05-20 16:19:48.985,0,56,0,0,0,1,3,0,0,0,0,E9,8,0D,0A,0D
1018,2026-05-20 16:19:48.994,0,0,0,0,56,0,0,0,1,3,0,0,0,0,EB,8
1019,2026-05-20 16:19:49.202,0D,0A,0D,0,0,0,0,56,0,0,0,1,3,0,0,0
1020,2026-05-20 16:19:49.413,0,EB,8,0D,0A,0D,0,0,0,0,56,0,0,0,1,3
1021,2026-05-20 16:19:49.619,0,0,0,0,EB,8,0D,0A,0D,0,0,0,0,56,0,0
1022,2026-05-20 16:19:49.819,0,1,3,0,0,0,0,EB,8,0D,0A,0D,0,0,0,0
1023,2026-05-20 16:19:50.036,56,0,0,0,1,3,0,0,0,0,EB,8,0D,0A,0D,0
1024,2026-05-20 16:19:50.043,0,0,0,56,0,0,0,1,3,0,0,0,0,EB,8,0D
1025,2026-05-20 16:19:50.252,0A,0D,0,0,0,0,56,0,0,0,1,3,0,0,0,0
1026,2026-05-20 16:19:50.465,EB,8,0D,0A,0D,0,0,0,0,56,0,0,0,1,3,0
1027,2026-05-20 16:19:50.668,0,0,0,EB,8,0D,0A,0D,0,0,0,0,56,0,0,0
1028,2026-05-20 16:19:50.869,1,3,0,0,0,0,EB,8,0D,0A,0D,0,0,0,0,56
1029,2026-05-20 16:19:51.085,0,0,0,1,3,0,0,0,0,EB,8,0D,0A,0D,0,0
1030,2026-05-20 16:19:51.085,0,0,56,0,0,0,1,3,0,0,0,0,EB,8,0D,0A
1031,2026-05-20 16:19:51.305,0D,0,0,0,0,56,0,0,0,1,3,0,0,0,0,EB
1032,2026-05-20 16:19:51.515,8,0D,0A,0D,0,0,0,0,56,0,0,0,1,3,0,0
1033,2026-05-20 16:19:51.719,0,0,EB,8,0D,0A,0D,0,0,0,0,56,0,0,0,1
1034,2026-05-20 16:19:51.919,3,0,0,0,0,EB,8,0D,0A,0D,0,0,0,0,56,0
1035,2026-05-20 16:19:52.136,0,0,1,3,0,0,0,0,EB,8,0D,0A,0D,0,0,0
1036,2026-05-20 16:19:52.351,0,56,0,0,0,1,3,0,0,0,0,EB,8,0D,0A,0D
1037,2026-05-20 16:19:52.368,0,0,0,0,56,0,0,0,1,3,0,0,0,0,EB,8
1038,2026-05-20 16:19:52.568,0D,0A,0D,0,0,0,0,56,0,0,0,1,3,0,0,0
1039,2026-05-20 16:19:52.777,0,EB,8,0D,0A,0D,0,0,0,0,56,0,0,0,1,3
1040,2026-05-20 16:19:52.980,0,0,0,0,EE,8,0D,0A,0D,0,0,0,0,56,0,0
1041,2026-05-20 16:19:53.195,0,1,3,0,0,0,0,EB,8,0D,0A,0D,0,0,0,0
1042,2026-05-20 16:19:53.394,56,0,0,0,1,3,0,0,0,0,EE,8,0D,0A,0D,0
1043,2026-05-20 16:19:53.411,0,0,0,56,0,0,0,1,3,0,0,0,0,EB,8,0D
1044,2026-05-20 16:19:53.621,0A,0D,0,0,0,0,56,0,0,0,1,3,0,0,0,0
1045,2026-05-20 16:19:53.828,EB,8,0D,0A,0D,0,0,0,0,56,0,0,0,1,3,0
1046,2026-05-20 16:19:54.037,0,0,0,EB,8,0D,0A,0D,0,0,0,0,56,0,0,0
1047,2026-05-20 16:19:54.240,1,3,0,0,0,0,EE,8,0D,0A,0D,0,0,0,0,56
1048,2026-05-20 16:19:54.453,0,0,0,1,3,0,0,0,0,EB,8,0D,0A,0D,0,0
1049,2026-05-20 16:19:54.461,0,0,56,0,0,0,1,3,0,0,0,0,EB,8,0D,0A
1050,2026-05-20 16:19:54.667,0D,0,0,0,0,56,0,0,0,1,3,0,0,0,0,EE
1051,2026-05-20 16:19:54.869,8,0D,0A,0D,0,0,0,0,56,0,0,0,1,3,0,0
1052,2026-05-20 16:19:55.086,0,0,EE,8,0D,0A,0D,0,0,0,0,56,0,0,0,1
1053,2026-05-20 16:19:55.287,3,0,0,0,0,EB,8,0D,0A,0D,0,0,0,0,56,0
1054,2026-05-20 16:19:55.501,0,0,1,3,0,0,0,0,EB,8,0D,0A,0D,0,0,0
1055,2026-05-20 16:19:55.719,0,56,0,0,0,1,3,0,0,0,0,EB,8,0D,0A,0D
1056,2026-05-20 16:19:55.736,0,0,0,0,56,0,0,0,1,3,0,0,0,0,EE,8
1057,2026-05-20 16:19:55.921,0D,0A,0D,0,0,0,0,56,0,0,0,1,3,0,0,0
1058,2026-05-20 16:19:56.145,0,EE,8,0D,0A,0D,0,0,0,0,56,0,0,0,1,3
1059,2026-05-20 16:19:56.338,0,0,0,0,EB,8,0D,0A,0D,0,0,0,0,56,0,0
1060,2026-05-20 16:19:56.552,0,1,3,0,0,0,0,EB,8,0D,0A,0D,0,0,0,0
1061,2026-05-20 16:19:56.755,56,0,0,0,1,3,0,0,0,0,EB,8,0D,0A,0D,0
1062,2026-05-20 16:19:56.776,0,0,0,56,0,0,0,1,3,0,0,0,0,EB,8,0D
1063,2026-05-20 16:19:56.972,0A,0D,0,0,0,0,56,0,0,0,1,3,0,0,0,0
1064,2026-05-20 16:19:57.187,EB,8,0D,0A,0D,0,0,0,0,56,0,0,0,1,3,0
1065,2026-05-20 16:19:57.387,0,0,0,EB,8,0D,0A,0D,0,0,0,0,56,0,0,0
1066,2026-05-20 16:19:57.605,1,3,0,0,0,0,EE,8,0D,0A,0D,0,0,0,0,56
1067,2026-05-20 16:19:57.803,0,0,0,1,3,0,0,0,0,EB,8,0D,0A,0D,0,0
1068,2026-05-20 16:19:57.826,0,0,56,0,0,0,1,3,0,0,0,0,EB,8,0D,0A
1069,2026-05-20 16:19:58.022,0D,0,0,0,0,56,0,0,0,1,3,0,0,0,0,EB
1070,2026-05-20 16:19:58.239,8,0D,0A,0D,0,0,0,0,56,0,0,0,1,3,0,0
1071,2026-05-20 16:19:58.450,0,0,EB,8,0D,0A,0D,0,0,0,0,56,0,0,0,1
1072,2026-05-20 16:19:58.655,3,0,0,0,0,EB,8,0D,0A,0D,0,0,0,0,56,0
1073,2026-05-20 16:19:58.854,0,0,1,3,0,0,0,0,EB,8,0D,0A,0D,0,0,0
1074,2026-05-20 16:19:59.071,0,56,0,0,0,1,3,0,0,0,0,EB,8,0D,0A,0D
1075,2026-05-20 16:19:59.071,0,0,0,0,56,0,0,0,1,3,0,0,0,0,EB,8
1076,2026-05-20 16:19:59.288,0D,0A,0D,0,0,0,0,56,0,0,0,1,3,0,0,0
1077,2026-05-20 16:19:59.524,0,EB,8,0D,0A,0D,0,0,0,0,56,0,0,0,1,3
1078,2026-05-20 16:19:59.704,0,0,0,0,EE,8,0D,0A,0D,0,0,0,0,56,0,0
1079,2026-05-20 16:19:59.918,0,1,3,0,0,0,0,EB,8,0D,0A,0D,0,0,0,0
1080,2026-05-20 16:20:00.126,56,0,0,0,1,3,0,0,0,0,EB,8,0D,0A,0D,0
1081,2026-05-20 16:20:00.139,0,0,0,56,0,0,0,1,3,0,0,0,0,EB,8,0D
1082,2026-05-20 16:20:00.346,0A,0D,0,0,0,0,56,0,0,0,1,3,0,0,0,0
1083,2026-05-20 16:20:00.552,EB,8,0D,0A,0D,0,0,0,0,56,0,0,0,1,3,0
1084,2026-05-20 16:20:00.763,0,0,0,EB,8,0D,0A,0D,0,0,0,0,56,0,0,0
1085,2026-05-20 16:20:00.972,1,3,0,0,0,0,EB,8,0D,0A,0D,0,0,0,0,56
1086,2026-05-20 16:20:01.170,0,0,0,1,3,0,0,0,0,EB,8,0D,0A,0D,0,0
1087,2026-05-20 16:20:01.189,0,0,56,0,0,0,1,3,0,0,0,0,EB,8,0D,0A
1088,2026-05-20 16:20:01.388,0D,0,0,0,0,56,0,0,0,1,3,0,0,0,0,EB
1089,2026-05-20 16:20:01.601,8,0D,0A,0D,0,0,0,0,56,0,0,0,1,3,0,0
1090,2026-05-20 16:20:01.821,0,0,EB,8,0D,0A,0D,0,0,0,0,56,0,0,0,1
1091,2026-05-20 16:20:02.026,3,0,0,0,0,EE,8,0D,0A,0D,0,0,0,0,56,0
1092,2026-05-20 16:20:02.235,0,0,1,3,0,0,0,0,EB,8,0D,0A,0D,0,0,0
1093,2026-05-20 16:20:02.443,0,56,0,0,0,1,3,0,0,0,0,EB,8,0D,0A,0D
1094,2026-05-20 16:20:02.458,0,0,0,0,56,0,0,0,1,3,0,0,0,0,EB,8
1095,2026-05-20 16:20:02.656,0D,0A,0D,0,0,0,0,56,0,0,0,1,3,0,0,0
1096,2026-05-20 16:20:02.861,0,EB,8,0D,0A,0D,0,0,0,0,56,0,0,0,1,3
1097,2026-05-20 16:20:03.061,0,0,0,0,EB,8,0D,0A,0D,0,0,0,0,56,0,0
1098,2026-05-20 16:20:03.278,0,1,3,0,0,0,0,EE,8,0D,0A,0D,0,0,0,0
1099,2026-05-20 16:20:03.493,56,0,0,0,1,3,0,0,0,0,EB,8,0D,0A,0D,0
1100,2026-05-20 16:20:03.496,0,0,0,56,0,0,0,1,3,0,0,0,0,EB,8,0D
1101,2026-05-20 16:20:03.705,0A,0D,0,0,0,0,56,0,0,0,1,3,0,0,0,0
1102,2026-05-20 16:20:03.919,EB,8,0D,0A,0D,0,0,0,0,56,0,0,0,1,3,0
1103,2026-05-20 16:20:04.122,0,0,0,EE,8,0D,0A,0D,0,0,0,0,56,0,0,0
1104,2026-05-20 16:20:04.329,1,3,0,0,0,0,EB,8,0D,0A,0D,0,0,0,0,56
1105,2026-05-20 16:20:04.544,0,0,0,1,3,0,0,0,0,EB,8,0D,0A,0D,0,0
1106,2026-05-20 16:20:04.553,0,0,56,0,0,0,1,3,0,0,0,0,EB,8,0D,0A
1107,2026-05-20 16:20:04.755,0D,0,0,0,0,56,0,0,0,1,3,0,0,0,0,EB
1108,2026-05-20 16:20:04.957,8,0D,0A,0D,0,0,0,0,56,0,0,0,1,3,0,0
1109,2026-05-20 16:20:05.170,0,0,EB,8,0D,0A,0D,0,0,0,0,56,0,0,0,1
1110,2026-05-20 16:20:05.386,3,0,0,0,0,EB,8,0D,0A,0D,0,0,0,0,56,0
1111,2026-05-20 16:20:05.587,0,0,1,3,0,0,0,0,EB,8,0D,0A,0D,0,0,0
1112,2026-05-20 16:20:05.803,0,56,0,0,0,1,3,0,0,0,0,EB,8,0D,0A,0D
1113,2026-05-20 16:20:05.806,0,0,0,0,56,0,0,0,1,3,0,0,0,0,EB,8
1114,2026-05-20 16:20:06.021,0D,0A,0D,0,0,0,0,56,0,0,0,1,3,0,0,0
1115,2026-05-20 16:20:06.220,0,EB,8,0D,0A,0D,0,0,0,0,56,0,0,0,1,3
1116,2026-05-20 16:20:06.439,0,0,0,0,EB,8,0D,0A,0D,0,0,0,0,56,0,0
1117,2026-05-20 16:20:06.648,0,1,3,0,0,0,0,EB,8,0D,0A,0D,0,0,0,0
1118,2026-05-20 16:20:06.856,56,0,0,0,1,3,0,0,0,0,EB,8,0D,0A,0D,0
1119,2026-05-20 16:20:06.874,0,0,0,56,0,0,0,1,3,0,0,0,0,EB,8,0D
1120,2026-05-20 16:20:07.072,0A,0D,0,0,0,0,56,0,0,0,1,3,0,0,0,0
1121,2026-05-20 16:20:07.271,EB,8,0D,0A,0D,0,0,0,0,56,0,0,0,1,3,0
1122,2026-05-20 16:20:07.488,0,0,0,EB,8,0D,0A,0D,0,0,0,0,56,0,0,0
1123,2026-05-20 16:20:07.687,1,3,0,0,0,0,EB,8,0D,0A,0D,0,0,0,0,56
1124,2026-05-20 16:20:07.903,0,0,0,1,3,0,0,0,0,E9,8,0D,0A,0D,0,0
1125,2026-05-20 16:20:07.920,0,0,56,0,0,0,1,3,0,0,0,0,EB,8,0D,0A
1126,2026-05-20 16:20:08.122,0D,0,0,0,0,56,0,0,0,1,3,0,0,0,0,EB
1127,2026-05-20 16:20:08.321,8,0D,0A,0D,0,0,0,0,56,0,0,0,1,3,0,0
1128,2026-05-20 16:20:08.536,0,0,EB,8,0D,0A,0D,0,0,0,0,56,0,0,0,1
1129,2026-05-20 16:20:08.737,3,0,0,0,0,EB,8,0D,0A,0D,0,0,0,0,56,0
1130,2026-05-20 16:20:08.954,0,0,1,3,0,0,0,0,EB,8,0D,0A,0D,0,0,0
1131,2026-05-20 16:20:09.153,0,56,0,0,0,1,3,0,0,0,0,EB,8,0D,0A,0D
1132,2026-05-20 16:20:09.175,0,0,0,0,56,0,0,0,1,3,0,0,0,0,EB,8
1133,2026-05-20 16:20:09.371,0D,0A,0D,0,0,0,0,56,0,0,0,1,3,0,0,0
1134,2026-05-20 16:20:09.587,0,EB,8,0D,0A,0D,0,0,0,0,56,0,0,0,1,3
1135,2026-05-20 16:20:09.787,0,0,0,0,EE,8,0D,0A,0D,0,0,0,0,56,0,0
1136,2026-05-20 16:20:10.004,0,1,3,0,0,0,0,EB,8,0D,0A,0D,0,0,0,0
1137,2026-05-20 16:20:10.219,56,0,0,0,1,3,0,0,0,0,EE,8,0D,0A,0D,0
1138,2026-05-20 16:20:10.219,0,0,0,56,0,0,0,1,3,0,0,0,0,EB,8,0D
1139,2026-05-20 16:20:10.435,0A,0D,0,0,0,0,56,0,0,0,1,3,0,0,0,0
1140,2026-05-20 16:20:10.645,EE,8,0D,0A,0D,0,0,0,0,56,0,0,0,1,3,0
1141,2026-05-20 16:20:10.851,0,0,0,EB,8,0D,0A,0D,0,0,0,0,56,0,0,0
1142,2026-05-20 16:20:11.054,1,3,0,0,0,0,EB,8,0D,0A,0D,0,0,0,0,56
1143,2026-05-20 16:20:11.269,0,0,0,1,3,0,0,0,0,EE,8,0D,0A,0D,0,0
1144,2026-05-20 16:20:11.269,0,0,56,0,0,0,1,3,0,0,0,0,EB,8,0D,0A
1145,2026-05-20 16:20:11.485,0D,0,0,0,0,56,0,0,0,1,3,0,0,0,0,EB
1146,2026-05-20 16:20:11.695,8,0D,0A,0D,0,0,0,0,56,0,0,0,1,3,0,0
1147,2026-05-20 16:20:11.904,0,0,EB,8,0D,0A,0D,0,0,0,0,56,0,0,0,1
1148,2026-05-20 16:20:12.113,3,0,0,0,0,EE,8,0D,0A,0D,0,0,0,0,56,0
1149,2026-05-20 16:20:12.321,0,0,1,3,0,0,0,0,EE,8,0D,0A,0D,0,0,0
1150,2026-05-20 16:20:12.528,0,56,0,0,0,1,3,0,0,0,0,EB,8,0D,0A,0D
1151,2026-05-20 16:20:12.541,0,0,0,0,56,0,0,0,1,3,0,0,0,0,EB,8
1152,2026-05-20 16:20:12.747,0D,0A,0D,0,0,0,0,56,0,0,0,1,3,0,0,0
1153,2026-05-20 16:20:12.955,0,EB,8,0D,0A,0D,0,0,0,0,56,0,0,0,1,3
1154,2026-05-20 16:20:13.156,0,0,0,0,EE,8,0D,0A,0D,0,0,0,0,56,0,0
1155,2026-05-20 16:20:13.373,0,1,3,0,0,0,0,EB,8,0D,0A,0D,0,0,0,0
1156,2026-05-20 16:20:13.571,56,0,0,0,1,3,0,0,0,0,EB,8,0D,0A,0D,0
1157,2026-05-20 16:20:13.592,0,0,0,56,0,0,0,1,3,0,0,0,0,EB,8,0D
1158,2026-05-20 16:20:13.788,0A,0D,0,0,0,0,56,0,0,0,1,3,0,0,0,0
1159,2026-05-20 16:20:14.003,EB,8,0D,0A,0D,0,0,0,0,56,0,0,0,1,3,0
1160,2026-05-20 16:20:14.203,0,0,0,EB,8,0D,0A,0D,0,0,0,0,56,0,0,0
1161,2026-05-20 16:20:14.420,1,3,0,0,0,0,EE,8,0D,0A,0D,0,0,0,0,56
1162,2026-05-20 16:20:14.620,0,0,0,1,3,0,0,0,0,EB,8,0D,0A,0D,0,0
1163,2026-05-20 16:20:14.640,0,0,56,0,0,0,1,3,0,0,0,0,EE,8,0D,0A
1164,2026-05-20 16:20:14.840,0D,0,0,0,0,56,0,0,0,1,3,0,0,0,0,EB
1165,2026-05-20 16:20:15.054,8,0D,0A,0D,0,0,0,0,56,0,0,0,1,3,0,0
1166,2026-05-20 16:20:15.254,0,0,EB,8,0D,0A,0D,0,0,0,0,56,0,0,0,1
1167,2026-05-20 16:20:15.470,3,0,0,0,0,EE,8,0D,0A,0D,0,0,0,0,56,0
1168,2026-05-20 16:20:15.686,0,0,1,3,0,0,0,0,EE,8,0D,0A,0D,0,0,0
1169,2026-05-20 16:20:15.887,0,56,0,0,0,1,3,0,0,0,0,EB,8,0D,0A,0D
1170,2026-05-20 16:20:15.887,0,0,0,0,56,0,0,0,1,3,0,0,0,0,EB,8
1171,2026-05-20 16:20:16.106,0D,0A,0D,0,0,0,0,56,0,0,0,1,3,0,0,0
1172,2026-05-20 16:20:16.321,0,EE,8,0D,0A,0D,0,0,0,0,56,0,0,0,1,3
1173,2026-05-20 16:20:16.520,0,0,0,0,EB,8,0D,0A,0D,0,0,0,0,56,0,0
1174,2026-05-20 16:20:16.735,0,1,3,0,0,0,0,EB,8,0D,0A,0D,0,0,0,0
1175,2026-05-20 16:20:16.942,56,0,0,0,1,3,0,0,0,0,EB,8,0D,0A,0D,0
1176,2026-05-20 16:20:16.953,0,0,0,56,0,0,0,1,3,0,0,0,0,EB,8,0D
1177,2026-05-20 16:20:17.155,0A,0D,0,0,0,0,56,0,0,0,1,3,0,0,0,0
1178,2026-05-20 16:20:17.356,EB,8,0D,0A,0D,0,0,0,0,56,0,0,0,1,3,0
1179,2026-05-20 16:20:17.572,0,0,0,EB,8,0D,0A,0D,0,0,0,0,56,0,0,0
1180,2026-05-20 16:20:17.786,1,3,0,0,0,0,EB,8,0D,0A,0D,0,0,0,0,56
1181,2026-05-20 16:20:17.987,0,0,0,1,3,0,0,0,0,EE,8,0D,0A,0D,0,0
1182,2026-05-20 16:20:18.008,0,0,56,0,0,0,1,3,0,0,0,0,EB,8,0D,0A
1183,2026-05-20 16:20:18.206,0D,0,0,0,0,56,0,0,0,1,3,0,0,0,0,F0
1184,2026-05-20 16:20:18.420,8,0D,0A,0D,0,0,0,0,56,0,0,0,1,3,0,0
1185,2026-05-20 16:20:18.620,0,0,EB,8,0D,0A,0D,0,0,0,0,56,0,0,0,1
1186,2026-05-20 16:20:18.837,3,0,0,0,0,EB,8,0D,0A,0D,0,0,0,0,57,0
1187,2026-05-20 16:20:19.043,0,0,1,3,0,0,0,0,EE,8,0D,0A,0D,0,0,0
1188,2026-05-20 16:20:19.253,0,56,0,0,0,1,3,0,0,0,0,EB,8,0D,0A,0D
1189,2026-05-20 16:20:19.268,0,0,0,0,56,0,0,0,1,3,0,0,0,0,EB,8
1190,2026-05-20 16:20:19.474,0D,0A,0D,0,0,0,0,56,0,0,0,1,3,0,0,0
1191,2026-05-20 16:20:19.683,0,EE,8,0D,0A,0D,0,0,0,0,56,0,0,0,1,3
1192,2026-05-20 16:20:19.892,0,0,0,0,EB,8,0D,0A,0D,0,0,0,0,56,0,0
1193,2026-05-20 16:20:20.094,0,1,3,0,0,0,0,EE,8,0D,0A,0D,0,0,0,0
1194,2026-05-20 16:20:20.304,57,0,0,0,1,3,0,0,0,0,EB,8,0D,0A,0D,0
1195,2026-05-20 16:20:20.304,0,0,0,57,0,0,0,1,3,0,0,0,0,EB,8,0D
1196,2026-05-20 16:20:20.525,0A,0D,0,0,0,0,56,0,0,0,1,3,0,0,0,0
1197,2026-05-20 16:20:20.735,EE,8,0D,0A,0D,0,0,0,0,56,0,0,0,1,3,0
1198,2026-05-20 16:20:20.943,0,0,0,EB,8,0D,0A,0D,0,0,0,0,56,0,0,0
1199,2026-05-20 16:20:21.156,1,3,0,0,0,0,EE,8,0D,0A,0D,0,0,0,0,56
1200,2026-05-20 16:20:21.359,0,0,0,1,3,0,0,0,0,EE,8,0D,0A,0D,0,0
1201,2026-05-20 16:20:21.368,0,0,56,0,0,0,1,3,0,0,0,0,EB,8,0D,0A
1202,2026-05-20 16:20:21.572,0D,0,0,0,0,57,0,0,0,1,3,0,0,0,0,EB
1203,2026-05-20 16:20:21.771,8,0D,0A,0D,0,0,0,0,56,0,0,0,1,3,0,0
1204,2026-05-20 16:20:21.990,0,0,EB,8,0D,0A,0D,0,0,0,0,57,0,0,0,1
1205,2026-05-20 16:20:22.203,3,0,0,0,0,EB,8,0D,0A,0D,0,0,0,0,56,0
1206,2026-05-20 16:20:22.411,0,0,1,3,0,0,0,0,EB,8,0D,0A,0D,0,0,0
1207,2026-05-20 16:20:22.620,0,56,0,0,0,1,3,0,0,0,0,EB,8,0D,0A,0D
1208,2026-05-20 16:20:22.630,0,0,0,0,56,0,0,0,1,3,0,0,0,0,EB,8
1209,2026-05-20 16:20:22.838,0D,0A,0D,0,0,0,0,56,0,0,0,1,3,0,0,0
1210,2026-05-20 16:20:23.040,0,EB,8,0D,0A,0D,0,0,0,0,56,0,0,0,1,3
1211,2026-05-20 16:20:23.252,0,0,0,0,EB,8,0D,0A,0D,0,0,0,0,57,0,0
1212,2026-05-20 16:20:23.461,0,1,3,0,0,0,0,EB,8,0D,0A,0D,0,0,0,0
1213,2026-05-20 16:20:23.670,56,0,0,0,1,3,0,0,0,0,EE,8,0D,0A,0D,0
1214,2026-05-20 16:20:23.670,0,0,0,56,0,0,0,1,3,0,0,0,0,EB,8,0D
1215,2026-05-20 16:20:23.887,0A,0D,0,0,0,0,56,0,0,0,1,3,0,0,0,0
1216,2026-05-20 16:20:24.087,EB,8,0D,0A,0D,0,0,0,0,56,0,0,0,1,3,0
1217,2026-05-20 16:20:24.306,0,0,0,EE,8,0D,0A,0D,0,0,0,0,56,0,0,0
1218,2026-05-20 16:20:24.504,1,3,0,0,0,0,EB,8,0D,0A,0D,0,0,0,0,56
1219,2026-05-20 16:20:24.719,0,0,0,1,3,0,0,0,0,EE,8,0D,0A,0D,0,0
1220,2026-05-20 16:20:24.727,0,0,56,0,0,0,1,3,0,0,0,0,EE,8,0D,0A
1221,2026-05-20 16:20:24.937,0D,0,0,0,0,56,0,0,0,1,3,0,0,0,0,E9
1222,2026-05-20 16:20:25.137,8,0D,0A,0D,0,0,0,0,56,0,0,0,1,3,0,0
1223,2026-05-20 16:20:25.354,0,0,EB,8,0D,0A,0D,0,0,0,0,56,0,0,0,1
1224,2026-05-20 16:20:25.572,3,0,0,0,0,EB,8,0D,0A,0D,0,0,0,0,56,0
1225,2026-05-20 16:20:25.769,0,0,1,3,0,0,0,0,EB,8,0D,0A,0D,0,0,0
1226,2026-05-20 16:20:25.970,0,56,0,0,0,1,3,0,0,0,0,EB,8,0D,0A,0D
1227,2026-05-20 16:20:25.994,0,0,0,0,56,0,0,0,1,3,0,0,0,0,EE,8
1228,2026-05-20 16:20:26.189,0D,0A,0D,0,0,0,0,56,0,0,0,1,3,0,0,0
1229,2026-05-20 16:20:26.404,0,EB,8,0D,0A,0D,0,0,0,0,56,0,0,0,1,3
1230,2026-05-20 16:20:26.604,0,0,0,0,EB,8,0D,0A,0D,0,0,0,0,56,0,0
1231,2026-05-20 16:20:26.821,0,1,3,0,0,0,0,EB,8,0D,0A,0D,0,0,0,0
1232,2026-05-20 16:20:27.021,56,0,0,0,1,3,0,0,0,0,EE,8,0D,0A,0D,0
1233,2026-05-20 16:20:27.047,0,0,0,56,0,0,0,1,3,0,0,0,0,EB,8,0D
1234,2026-05-20 16:20:27.252,0A,0D,0,0,0,0,56,0,0,0,1,3,0,0,0,0
1235,2026-05-20 16:20:27.454,EB,8,0D,0A,0D,0,0,0,0,56,0,0,0,1,3,0
1236,2026-05-20 16:20:27.654,0,0,0,EB,8,0D,0A,0D,0,0,0,0,56,0,0,0
1237,2026-05-20 16:20:27.871,1,3,0,0,0,0,EE,8,0D,0A,0D,0,0,0,0,56
1238,2026-05-20 16:20:28.071,0,0,0,1,3,0,0,0,0,EB,8,0D,0A,0D,0,0
1239,2026-05-20 16:20:28.097,0,0,56,0,0,0,1,3,0,0,0,0,EB,8,0D,0A
1240,2026-05-20 16:20:28.303,0D,0,0,0,0,56,0,0,0,1,3,0,0,0,0,EB
1241,2026-05-20 16:20:28.512,8,0D,0A,0D,0,0,0,0,56,0,0,0,1,3,0,0
1242,2026-05-20 16:20:28.720,0,0,EE,8,0D,0A,0D,0,0,0,0,56,0,0,0,1
1243,2026-05-20 16:20:28.921,3,0,0,0,0,EB,8,0D,0A,0D,0,0,0,0,56,0
1244,2026-05-20 16:20:29.136,0,0,1,3,0,0,0,0,EB,8,0D,0A,0D,0,0,0
1245,2026-05-20 16:20:29.337,0,56,0,0,0,1,3,0,0,0,0,EB,8,0D,0A,0D
1246,2026-05-20 16:20:29.366,0,0,0,0,56,0,0,0,1,3,0,0,0,0,EB,8
1247,2026-05-20 16:20:29.555,0D,0A,0D,0,0,0,0,57,0,0,0,1,3,0,0,0
1248,2026-05-20 16:20:29.772,0,EE,8,0D,0A,0D,0,0,0,0,57,0,0,0,1,3
1249,2026-05-20 16:20:29.972,0,0,0,0,EB,8,0D,0A,0D,0,0,0,0,57,0,0
1250,2026-05-20 16:20:30.187,0,1,3,0,0,0,0,EB,8,0D,0A,0D,0,0,0,0
1251,2026-05-20 16:20:30.388,56,0,0,0,1,3,0,0,0,0,EB,8,0D,0A,0D,0
1252,2026-05-20 16:20:30.411,0,0,0,56,0,0,0,1,3,0,0,0,0,EB,8,0D
1253,2026-05-20 16:20:30.625,0A,0D,0,0,0,0,56,0,0,0,1,3,0,0,0,0
1254,2026-05-20 16:20:30.822,EB,8,0D,0A,0D,0,0,0,0,56,0,0,0,1,3,0
1255,2026-05-20 16:20:31.021,0,0,0,EB,8,0D,0A,0D,0,0,0,0,57,0,0,0
1256,2026-05-20 16:20:31.236,1,3,0,0,0,0,EE,8,0D,0A,0D,0,0,0,0,56
1257,2026-05-20 16:20:31.437,0,0,0,1,3,0,0,0,0,EE,8,0D,0A,0D,0,0
1258,2026-05-20 16:20:31.458,0,0,56,0,0,0,1,3,0,0,0,0,EE,8,0D,0A
1259,2026-05-20 16:20:31.656,0D,0,0,0,0,57,0,0,0,1,3,0,0,0,0,EB
1260,2026-05-20 16:20:31.873,8,0D,0A,0D,0,0,0,0,57,0,0,0,1,3,0,0
1261,2026-05-20 16:20:32.071,0,0,EB,8,0D,0A,0D,0,0,0,0,57,0,0,0,1
1262,2026-05-20 16:20:32.288,3,0,0,0,0,EB,8,0D,0A,0D,0,0,0,0,57,0
1263,2026-05-20 16:20:32.488,0,0,1,3,0,0,0,0,EB,8,0D,0A,0D,0,0,0
1264,2026-05-20 16:20:32.704,0,58,0,0,0,1,3,0,0,0,0,EB,8,0D,0A,0D
1265,2026-05-20 16:20:32.725,0,0,0,0,58,0,0,0,1,3,0,0,0,0,EB,8
1266,2026-05-20 16:20:32.922,0D,0A,0D,0,0,0,0,57,0,0,0,1,3,0,0,0
1267,2026-05-20 16:20:33.123,0,EB,8,0D,0A,0D,0,0,0,0,57,0,0,0,1,3
1268,2026-05-20 16:20:33.338,0,0,0,0,EB,8,0D,0A,0D,0,0,0,0,57,0,0
1269,2026-05-20 16:20:33.538,0,1,3,0,0,0,0,EE,8,0D,0A,0D,0,0,0,0
1270,2026-05-20 16:20:33.758,57,0,0,0,1,3,0,0,0,0,EB,8,0D,0A,0D,0
1271,2026-05-20 16:20:33.772,0,0,0,57,0,0,0,1,3,0,0,0,0,EE,8,0D
1272,2026-05-20 16:20:33.986,0A,0D,0,0,0,0,57,0,0,0,1,3,0,0,0,0
1273,2026-05-20 16:20:34.186,EB,8,0D,0A,0D,0,0,0,0,57,0,0,0,1,3,0
1274,2026-05-20 16:20:34.388,0,0,0,EB,8,0D,0A,0D,0,0,0,0,57,0,0,0
1275,2026-05-20 16:20:34.604,1,3,0,0,0,0,EB,8,0D,0A,0D,0,0,0,0,57
1276,2026-05-20 16:20:34.804,0,0,0,1,3,0,0,0,0,EB,8,0D,0A,0D,0,0
1277,2026-05-20 16:20:34.824,0,0,57,0,0,0,1,3,0,0,0,0,EB,8,0D,0A
1278,2026-05-20 16:20:35.022,0D,0,0,0,0,57,0,0,0,1,3,0,0,0,0,EB
1279,2026-05-20 16:20:35.236,8,0D,0A,0D,0,0,0,0,57,0,0,0,1,3,0,0
1280,2026-05-20 16:20:35.438,0,0,EB,8,0D,0A,0D,0,0,0,0,57,0,0,0,1
1281,2026-05-20 16:20:35.656,3,0,0,0,0,EB,8,0D,0A,0D,0,0,0,0,57,0
1282,2026-05-20 16:20:35.861,0,0,1,3,0,0,0,0,EE,8,0D,0A,0D,0,0,0
1283,2026-05-20 16:20:36.070,0,57,0,0,0,1,3,0,0,0,0,EB,8,0D,0A,0D
1284,2026-05-20 16:20:36.070,0,0,0,0,57,0,0,0,1,3,0,0,0,0,EB,8
1285,2026-05-20 16:20:36.286,0D,0A,0D,0,0,0,0,57,0,0,0,1,3,0,0,0
1286,2026-05-20 16:20:36.487,0,EE,8,0D,0A,0D,0,0,0,0,57,0,0,0,1,3
1287,2026-05-20 16:20:36.704,0,0,0,0,EB,8,0D,0A,0D,0,0,0,0,57,0,0
1288,2026-05-20 16:20:36.908,0,1,3,0,0,0,0,EE,8,0D,0A,0D,0,0,0,0
1289,2026-05-20 16:20:37.120,57,0,0,0,1,3,0,0,0,0,EB,8,0D,0A,0D,0
1290,2026-05-20 16:20:37.120,0,0,0,57,0,0,0,1,3,0,0,0,0,EB,8,0D
1291,2026-05-20 16:20:37.338,0A,0D,0,0,0,0,57,0,0,0,1,3,0,0,0,0
1292,2026-05-20 16:20:37.537,EB,8,0D,0A,0D,0,0,0,0,57,0,0,0,1,3,0
1293,2026-05-20 16:20:37.756,0,0,0,EB,8,0D,0A,0D,0,0,0,0,58,0,0,0
1294,2026-05-20 16:20:37.963,1,3,0,0,0,0,EB,8,0D,0A,0D,0,0,0,0,58
1295,2026-05-20 16:20:38.176,0,0,0,1,3,0,0,0,0,E9,8,0D,0A,0D,0,0
1296,2026-05-20 16:20:38.202,0,0,58,0,0,0,1,3,0,0,0,0,EE,8,0D,0A
1297,2026-05-20 16:20:38.390,0D,0,0,0,0,58,0,0,0,1,3,0,0,0,0,EB
1298,2026-05-20 16:20:38.588,8,0D,0A,0D,0,0,0,0,58,0,0,0,1,3,0,0
1299,2026-05-20 16:20:38.805,0,0,EB,8,0D,0A,0D,0,0,0,0,58,0,0,0,1
1300,2026-05-20 16:20:39.004,3,0,0,0,0,EE,8,0D,0A,0D,0,0,0,0,58,0
1301,2026-05-20 16:20:39.221,0,0,1,3,0,0,0,0,EB,8,0D,0A,0D,0,0,0
1302,2026-05-20 16:20:39.421,0,58,0,0,0,1,3,0,0,0,0,EB,8,0D,0A,0D
1303,2026-05-20 16:20:39.439,0,0,0,0,59,0,0,0,1,3,0,0,0,0,EB,8
1304,2026-05-20 16:20:39.639,0D,0A,0D,0,0,0,0,59,0,0,0,1,3,0,0,0
1305,2026-05-20 16:20:39.859,0,EB,8,0D,0A,0D,0,0,0,0,59,0,0,0,1,3
1306,2026-05-20 16:20:40.065,0,0,0,0,EB,8,0D,0A,0D,0,0,0,0,59,0,0
1307,2026-05-20 16:20:40.272,0,1,3,0,0,0,0,EB,8,0D,0A,0D,0,0,0,0
1308,2026-05-20 16:20:40.487,59,0,0,0,1,3,0,0,0,0,EE,8,0D,0A,0D,0
1309,2026-05-20 16:20:40.487,0,0,0,59,0,0,0,1,3,0,0,0,0,EB,8,0D
1310,2026-05-20 16:20:40.705,0A,0D,0,0,0,0,59,0,0,0,1,3,0,0,0,0
1311,2026-05-20 16:20:40.905,EB,8,0D,0A,0D,0,0,0,0,57,0,0,0,1,3,0
1312,2026-05-20 16:20:41.120,0,0,0,EB,8,0D,0A,0D,0,0,0,0,58,0,0,0
1313,2026-05-20 16:20:41.321,1,3,0,0,0,0,EB,8,0D,0A,0D,0,0,0,0,57
1314,2026-05-20 16:20:41.536,0,0,0,1,3,0,0,0,0,EB,8,0D,0A,0D,0,0
1315,2026-05-20 16:20:41.546,0,0,58,0,0,0,1,3,0,0,0,0,EB,8,0D,0A
1316,2026-05-20 16:20:41.755,0D,0,0,0,0,57,0,0,0,1,3,0,0,0,0,EE
1317,2026-05-20 16:20:41.955,8,0D,0A,0D,0,0,0,0,58,0,0,0,1,3,0,0
1318,2026-05-20 16:20:42.170,0,0,EB,8,0D,0A,0D,0,0,0,0,58,0,0,0,1
1319,2026-05-20 16:20:42.372,3,0,0,0,0,EB,8,0D,0A,0D,0,0,0,0,59,0
1320,2026-05-20 16:20:42.588,0,0,1,3,0,0,0,0,EB,8,0D,0A,0D,0,0,0
1321,2026-05-20 16:20:42.788,0,58,0,0,0,1,3,0,0,0,0,EB,8,0D,0A,0D
1322,2026-05-20 16:20:42.821,0,0,0,0,58,0,0,0,1,3,0,0,0,0,EB,8
1323,2026-05-20 16:20:43.009,0D,0A,0D,0,0,0,0,57,0,0,0,1,3,0,0,0
1324,2026-05-20 16:20:43.224,0,EB,8,0D,0A,0D,0,0,0,0,58,0,0,0,1,3
1325,2026-05-20 16:20:43.421,0,0,0,0,EB,8,0D,0A,0D,0,0,0,0,59,0,0
1326,2026-05-20 16:20:43.638,0,1,3,0,0,0,0,EB,8,0D,0A,0D,0,0,0,0
1327,2026-05-20 16:20:43.838,59,0,0,0,1,3,0,0,0,0,EB,8,0D,0A,0D,0
1328,2026-05-20 16:20:43.862,0,0,0,59,0,0,0,1,3,0,0,0,0,EE,8,0D
1329,2026-05-20 16:20:44.068,0A,0D,0,0,0,0,59,0,0,0,1,3,0,0,0,0
1330,2026-05-20 16:20:44.271,EB,8,0D,0A,0D,0,0,0,0,59,0,0,0,1,3,0
1331,2026-05-20 16:20:44.489,0,0,0,EB,8,0D,0A,0D,0,0,0,0,59,0,0,0
1332,2026-05-20 16:20:44.688,1,3,0,0,0,0,EB,8,0D,0A,0D,0,0,0,0,58
1333,2026-05-20 16:20:44.903,0,0,0,1,3,0,0,0,0,EB,8,0D,0A,0D,0,0
1334,2026-05-20 16:20:44.910,0,0,59,0,0,0,1,3,0,0,0,0,EB,8,0D,0A
1335,2026-05-20 16:20:45.106,0D,0,0,0,0,58,0,0,0,1,3,0,0,0,0,EB
1336,2026-05-20 16:20:45.321,8,0D,0A,0D,0,0,0,0,57,0,0,0,1,3,0,0
1337,2026-05-20 16:20:45.539,0,0,EB,8,0D,0A,0D,0,0,0,0,57,0,0,0,1
1338,2026-05-20 16:20:45.738,3,0,0,0,0,EB,8,0D,0A,0D,0,0,0,0,58,0
1339,2026-05-20 16:20:45.953,0,0,1,3,0,0,0,0,EB,8,0D,0A,0D,0,0,0
1340,2026-05-20 16:20:46.154,0,57,0,0,0,1,3,0,0,0,0,EB,8,0D,0A,0D
1341,2026-05-20 16:20:46.174,0,0,0,0,58,0,0,0,1,3,0,0,0,0,EB,8
1342,2026-05-20 16:20:46.372,0D,0A,0D,0,0,0,0,58,0,0,0,1,3,0,0,0
1343,2026-05-20 16:20:46.589,0,EB,8,0D,0A,0D,0,0,0,0,58,0,0,0,1,3
1344,2026-05-20 16:20:46.787,0,0,0,0,EB,8,0D,0A,0D,0,0,0,0,58,0,0
1345,2026-05-20 16:20:47.005,0,1,3,0,0,0,0,EB,8,0D,0A,0D,0,0,0,0
1346,2026-05-20 16:20:47.205,58,0,0,0,1,3,0,0,0,0,E9,8,0D,0A,0D,0
1347,2026-05-20 16:20:47.226,0,0,0,59,0,0,0,1,3,0,0,0,0,EB,8,0D
1348,2026-05-20 16:20:47.423,0A,0D,0,0,0,0,58,0,0,0,1,3,0,0,0,0
1349,2026-05-20 16:20:47.637,EB,8,0D,0A,0D,0,0,0,0,58,0,0,0,1,3,0
1350,2026-05-20 16:20:47.838,0,0,0,EB,8,0D,0A,0D,0,0,0,0,58,0,0,0
1351,2026-05-20 16:20:48.054,1,3,0,0,0,0,EB,8,0D,0A,0D,0,0,0,0,59
1352,2026-05-20 16:20:48.255,0,0,0,1,3,0,0,0,0,EB,8,0D,0A,0D,0,0
1353,2026-05-20 16:20:48.277,0,0,59,0,0,0,1,3,0,0,0,0,EE,8,0D,0A
1354,2026-05-20 16:20:48.481,0D,0,0,0,0,59,0,0,0,1,3,0,0,0,0,EB
1355,2026-05-20 16:20:48.689,8,0D,0A,0D,0,0,0,0,59,0,0,0,1,3,0,0
1356,2026-05-20 16:20:48.889,0,0,EB,8,0D,0A,0D,0,0,0,0,5A,0,0,0,1
1357,2026-05-20 16:20:49.107,3,0,0,0,0,EB,8,0D,0A,0D,0,0,0,0,59,0
1358,2026-05-20 16:20:49.305,0,0,1,3,0,0,0,0,EB,8,0D,0A,0D,0,0,0
1359,2026-05-20 16:20:49.521,0,59,0,0,0,1,3,0,0,0,0,EE,8,0D,0A,0D
1360,2026-05-20 16:20:49.539,0,0,0,0,59,0,0,0,1,3,0,0,0,0,EB,8
1361,2026-05-20 16:20:49.739,0D,0A,0D,0,0,0,0,5A,0,0,0,1,3,0,0,0
1362,2026-05-20 16:20:49.938,0,E9,8,0D,0A,0D,0,0,0,0,59,0,0,0,1,3
1363,2026-05-20 16:20:50.155,0,0,0,0,EB,8,0D,0A,0D,0,0,0,0,59,0,0
1364,2026-05-20 16:20:50.357,0,1,3,0,0,0,0,EB,8,0D,0A,0D,0,0,0,0
1365,2026-05-20 16:20:50.576,59,0,0,0,1,3,0,0,0,0,EB,8,0D,0A,0D,0
1366,2026-05-20 16:20:50.588,0,0,0,59,0,0,0,1,3,0,0,0,0,EB,8,0D
1367,2026-05-20 16:20:50.789,0A,0D,0,0,0,0,59,0,0,0,1,3,0,0,0,0
1368,2026-05-20 16:20:51.004,EB,8,0D,0A,0D,0,0,0,0,59,0,0,0,1,3,0
1369,2026-05-20 16:20:51.205,0,0,0,EB,8,0D,0A,0D,0,0,0,0,59,0,0,0
1370,2026-05-20 16:20:51.420,1,3,0,0,0,0,EB,8,0D,0A,0D,0,0,0,0,59
1371,2026-05-20 16:20:51.622,0,0,0,1,3,0,0,0,0,EB,8,0D,0A,0D,0,0
1372,2026-05-20 16:20:51.646,0,0,59,0,0,0,1,3,0,0,0,0,EB,8,0D,0A
1373,2026-05-20 16:20:51.839,0D,0,0,0,0,59,0,0,0,1,3,0,0,0,0,EB
1374,2026-05-20 16:20:52.054,8,0D,0A,0D,0,0,0,0,59,0,0,0,1,3,0,0
1375,2026-05-20 16:20:52.254,0,0,EB,8,0D,0A,0D,0,0,0,0,59,0,0,0,1
1376,2026-05-20 16:20:52.470,3,0,0,0,0,E9,8,0D,0A,0D,0,0,0,0,59,0
1377,2026-05-20 16:20:52.678,0,0,1,3,0,0,0,0,EE,8,0D,0A,0D,0,0,0
1378,2026-05-20 16:20:52.888,0,59,0,0,0,1,3,0,0,0,0,EB,8,0D,0A,0D
1379,2026-05-20 16:20:52.903,0,0,0,0,59,0,0,0,1,3,0,0,0,0,EB,8
1380,2026-05-20 16:20:53.106,0D,0A,0D,0,0,0,0,59,0,0,0,1,3,0,0,0
1381,2026-05-20 16:20:53.306,0,EB,8,0D,0A,0D,0,0,0,0,59,0,0,0,1,3
1382,2026-05-20 16:20:53.521,0,0,0,0,EB,8,0D,0A,0D,0,0,0,0,59,0,0
1383,2026-05-20 16:20:53.721,0,1,3,0,0,0,0,EB,8,0D,0A,0D,0,0,0,0
1384,2026-05-20 16:20:53.938,59,0,0,0,1,3,0,0,0,0,EB,8,0D,0A,0D,0
1385,2026-05-20 16:20:53.938,0,0,0,59,0,0,0,1,3,0,0,0,0,EB,8,0D
1386,2026-05-20 16:20:54.156,0A,0D,0,0,0,0,59,0,0,0,1,3,0,0,0,0
1387,2026-05-20 16:20:54.355,EB,8,0D,0A,0D,0,0,0,0,59,0,0,0,1,3,0
1388,2026-05-20 16:20:54.572,0,0,0,EB,8,0D,0A,0D,0,0,0,0,59,0,0,0
1389,2026-05-20 16:20:54.779,1,3,0,0,0,0,EB,8,0D,0A,0D,0,0,0,0,59
1390,2026-05-20 16:20:54.988,0,0,0,1,3,0,0,0,0,EE,8,0D,0A,0D,0,0
1391,2026-05-20 16:20:55.004,0,0,59,0,0,0,1,3,0,0,0,0,EB,8,0D,0A
1392,2026-05-20 16:20:55.206,0D,0,0,0,0,59,0,0,0,1,3,0,0,0,0,EB
1393,2026-05-20 16:20:55.405,8,0D,0A,0D,0,0,0,0,59,0,0,0,1,3,0,0
1394,2026-05-20 16:20:55.623,0,0,EB,8,0D,0A,0D,0,0,0,0,59,0,0,0,1
1395,2026-05-20 16:20:55.837,3,0,0,0,0,EB,8,0D,0A,0D,0,0,0,0,59,0
1396,2026-05-20 16:20:56.038,0,0,1,3,0,0,0,0,EE,8,0D,0A,0D,0,0,0
1397,2026-05-20 16:20:56.254,0,59,0,0,0,1,3,0,0,0,0,EB,8,0D,0A,0D
1398,2026-05-20 16:20:56.266,0,0,0,0,59,0,0,0,1,3,0,0,0,0,EB,8
1399,2026-05-20 16:20:56.456,0D,0A,0D,0,0,0,0,59,0,0,0,1,3,0,0,0
1400,2026-05-20 16:20:56.672,0,EB,8,0D,0A,0D,0,0,0,0,59,0,0,0,1,3
1401,2026-05-20 16:20:56.887,0,0,0,0,EB,8,0D,0A,0D,0,0,0,0,59,0,0
1402,2026-05-20 16:20:57.089,0,1,3,0,0,0,0,EB,8,0D,0A,0D,0,0,0,0
1403,2026-05-20 16:20:57.304,59,0,0,0,1,3,0,0,0,0,EB,8,0D,0A,0D,0
1404,2026-05-20 16:20:57.313,0,0,0,59,0,0,0,1,3,0,0,0,0,EE,8,0D
1405,2026-05-20 16:20:57.520,0A,0D,0,0,0,0,59,0,0,0,1,3,0,0,0,0
1406,2026-05-20 16:20:57.722,EB,8,0D,0A,0D,0,0,0,0,59,0,0,0,1,3,0
1407,2026-05-20 16:20:57.939,0,0,0,EE,8,0D,0A,0D,0,0,0,0,59,0,0,0
1408,2026-05-20 16:20:58.138,1,3,0,0,0,0,EB,8,0D,0A,0D,0,0,0,0,59
1409,2026-05-20 16:20:58.354,0,0,0,1,3,0,0,0,0,EB,8,0D,0A,0D,0,0
1410,2026-05-20 16:20:58.362,0,0,59,0,0,0,1,3,0,0,0,0,EB,8,0D,0A
1411,2026-05-20 16:20:58.571,0D,0,0,0,0,59,0,0,0,1,3,0,0,0,0,EB
1412,2026-05-20 16:20:58.772,8,0D,0A,0D,0,0,0,0,59,0,0,0,1,3,0,0
1413,2026-05-20 16:20:59.004,0,0,EE,8,0D,0A,0D,0,0,0,0,59,0,0,0,1
1414,2026-05-20 16:20:59.189,3,0,0,0,0,EE,8,0D,0A,0D,0,0,0,0,59,0
1415,2026-05-20 16:20:59.405,0,0,1,3,0,0,0,0,EE,8,0D,0A,0D,0,0,0
1416,2026-05-20 16:20:59.617,0,59,0,0,0,1,3,0,0,0,0,EB,8,0D,0A,0D
1417,2026-05-20 16:20:59.626,0,0,0,0,59,0,0,0,1,3,0,0,0,0,EE,8
1418,2026-05-20 16:20:59.824,0D,0A,0D,0,0,0,0,59,0,0,0,1,3,0,0,0
1419,2026-05-20 16:21:00.039,0,EB,8,0D,0A,0D,0,0,0,0,59,0,0,0,1,3
1420,2026-05-20 16:21:00.240,0,0,0,0,EB,8,0D,0A,0D,0,0,0,0,59,0,0
1421,2026-05-20 16:21:00.455,0,1,3,0,0,0,0,EB,8,0D,0A,0D,0,0,0,0
1422,2026-05-20 16:21:00.655,59,0,0,0,1,3,0,0,0,0,EE,8,0D,0A,0D,0
1423,2026-05-20 16:21:00.671,0,0,0,59,0,0,0,1,3,0,0,0,0,EB,8,0D
1424,2026-05-20 16:21:00.886,0A,0D,0,0,0,0,59,0,0,0,1,3,0,0,0,0
1425,2026-05-20 16:21:01.097,EE,8,0D,0A,0D,0,0,0,0,59,0,0,0,1,3,0
1426,2026-05-20 16:21:01.289,0,0,0,EB,8,0D,0A,0D,0,0,0,0,59,0,0,0
1427,2026-05-20 16:21:01.505,1,3,0,0,0,0,EB,8,0D,0A,0D,0,0,0,0,59
1428,2026-05-20 16:21:01.721,0,0,0,1,3,0,0,0,0,EB,8,0D,0A,0D,0,0
1429,2026-05-20 16:21:01.730,0,0,59,0,0,0,1,3,0,0,0,0,EB,8,0D,0A
1430,2026-05-20 16:21:01.923,0D,0,0,0,0,59,0,0,0,1,3,0,0,0,0,E9
1431,2026-05-20 16:21:02.138,8,0D,0A,0D,0,0,0,0,59,0,0,0,1,3,0,0
1432,2026-05-20 16:21:02.355,0,0,EB,8,0D,0A,0D,0,0,0,0,59,0,0,0,1
1433,2026-05-20 16:21:02.555,3,0,0,0,0,EB,8,0D,0A,0D,0,0,0,0,59,0
1434,2026-05-20 16:21:02.771,0,0,1,3,0,0,0,0,EB,8,0D,0A,0D,0,0,0
1435,2026-05-20 16:21:02.972,0,59,0,0,0,1,3,0,0,0,0,EB,8,0D,0A,0D
1436,2026-05-20 16:21:02.993,0,0,0,0,59,0,0,0,1,3,0,0,0,0,EB,8
1437,2026-05-20 16:21:03.190,0D,0A,0D,0,0,0,0,59,0,0,0,1,3,0,0,0
1438,2026-05-20 16:21:03.418,0,EB,8,0D,0A,0D,0,0,0,0,59,0,0,0,1,3
1439,2026-05-20 16:21:03.608,0,0,0,0,EB,8,0D,0A,0D,0,0,0,0,59,0,0
1440,2026-05-20 16:21:03.822,0,1,3,0,0,0,0,EB,8,0D,0A,0D,0,0,0,0
1441,2026-05-20 16:21:04.023,59,0,0,0,1,3,0,0,0,0,EE,8,0D,0A,0D,0
1442,2026-05-20 16:21:04.050,0,0,0,59,0,0,0,1,3,0,0,0,0,EB,8,0D
1443,2026-05-20 16:21:04.239,0A,0D,0,0,0,0,59,0,0,0,1,3,0,0,0,0
1444,2026-05-20 16:21:04.454,EE,8,0D,0A,0D,0,0,0,0,59,0,0,0,1,3,0
1445,2026-05-20 16:21:04.655,0,0,0,EE,8,0D,0A,0D,0,0,0,0,59,0,0,0
1446,2026-05-20 16:21:04.871,1,3,0,0,0,0,EB,8,0D,0A,0D,0,0,0,0,59
1447,2026-05-20 16:21:05.072,0,0,0,1,3,0,0,0,0,EB,8,0D,0A,0D,0,0
1448,2026-05-20 16:21:05.090,0,0,58,0,0,0,1,3,0,0,0,0,EB,8,0D,0A
1449,2026-05-20 16:21:05.302,0D,0,0,0,0,58,0,0,0,1,3,0,0,0,0,EB
1450,2026-05-20 16:21:05.505,8,0D,0A,0D,0,0,0,0,57,0,0,0,1,3,0,0
1451,2026-05-20 16:21:05.705,0,0,EB,8,0D,0A,0D,0,0,0,0,57,0,0,0,1
1452,2026-05-20 16:21:05.921,3,0,0,0,0,EB,8,0D,0A,0D,0,0,0,0,56,0
1453,2026-05-20 16:21:06.123,0,0,1,3,0,0,0,0,EB,8,0D,0A,0D,0,0,0
1454,2026-05-20 16:21:06.348,0,58,0,0,0,1,3,0,0,0,0,EB,8,0D,0A,0D
1455,2026-05-20 16:21:06.357,0,0,0,0,57,0,0,0,1,3,0,0,0,0,EB,8
1456,2026-05-20 16:21:06.557,0D,0A,0D,0,0,0,0,58,0,0,0,1,3,0,0,0
1457,2026-05-20 16:21:06.756,0,EB,8,0D,0A,0D,0,0,0,0,57,0,0,0,1,3
1458,2026-05-20 16:21:06.972,0,0,0,0,EE,8,0D,0A,0D,0,0,0,0,58,0,0
1459,2026-05-20 16:21:07.188,0,1,3,0,0,0,0,EB,8,0D,0A,0D,0,0,0,0
1460,2026-05-20 16:21:07.404,58,0,0,0,1,3,0,0,0,0,EE,8,0D,0A,0D,0
1461,2026-05-20 16:21:07.425,0,0,0,58,0,0,0,1,3,0,0,0,0,EB,8,0D
1462,2026-05-20 16:21:07.607,0A,0D,0,0,0,0,58,0,0,0,1,3,0,0,0,0
1463,2026-05-20 16:21:07.820,EB,8,0D,0A,0D,0,0,0,0,58,0,0,0,1,3,0
1464,2026-05-20 16:21:08.025,0,0,0,EB,8,0D,0A,0D,0,0,0,0,57,0,0,0
1465,2026-05-20 16:21:08.238,1,3,0,0,0,0,EB,8,0D,0A,0D,0,0,0,0,57
1466,2026-05-20 16:21:08.439,0,0,0,1,3,0,0,0,0,EB,8,0D,0A,0D,0,0
1467,2026-05-20 16:21:08.459,0,0,57,0,0,0,1,3,0,0,0,0,EB,8,0D,0A
1468,2026-05-20 16:21:08.656,0D,0,0,0,0,58,0,0,0,1,3,0,0,0,0,EE
1469,2026-05-20 16:21:08.871,8,0D,0A,0D,0,0,0,0,57,0,0,0,1,3,0,0
1470,2026-05-20 16:21:09.073,0,0,EB,8,0D,0A,0D,0,0,0,0,57,0,0,0,1
1471,2026-05-20 16:21:09.289,3,0,0,0,0,EB,8,0D,0A,0D,0,0,0,0,57,0
1472,2026-05-20 16:21:09.494,0,0,1,3,0,0,0,0,F0,8,0D,0A,0D,0,0,0
1473,2026-05-20 16:21:09.706,0,57,0,0,0,1,3,0,0,0,0,EB,8,0D,0A,0D
1474,2026-05-20 16:21:09.706,0,0,0,0,57,0,0,0,1,3,0,0,0,0,EB,8
1475,2026-05-20 16:21:09.924,0D,0A,0D,0,0,0,0,56,0,0,0,1,3,0,0,0
1476,2026-05-20 16:21:10.133,0,EB,8,0D,0A,0D,0,0,0,0,56,0,0,0,1,3
1477,2026-05-20 16:21:10.338,0,0,0,0,EB,8,0D,0A,0D,0,0,0,0,57,0,0
1478,2026-05-20 16:21:10.539,0,1,3,0,0,0,0,EE,8,0D,0A,0D,0,0,0,0
1479,2026-05-20 16:21:10.755,57,0,0,0,1,3,0,0,0,0,EB,8,0D,0A,0D,0
1480,2026-05-20 16:21:10.769,0,0,0,57,0,0,0,1,3,0,0,0,0,EB,8,0D
1481,2026-05-20 16:21:10.974,0A,0D,0,0,0,0,57,0,0,0,1,3,0,0,0,0
1482,2026-05-20 16:21:11.172,EB,8,0D,0A,0D,0,0,0,0,57,0,0,0,1,3,0
1483,2026-05-20 16:21:11.389,0,0,0,EB,8,0D,0A,0D,0,0,0,0,56,0,0,0
1484,2026-05-20 16:21:11.596,1,3,0,0,0,0,EB,8,0D,0A,0D,0,0,0,0,57
1485,2026-05-20 16:21:11.811,0,0,0,1,3,0,0,0,0,EB,8,0D,0A,0D,0,0
1486,2026-05-20 16:21:11.826,0,0,58,0,0,0,1,3,0,0,0,0,EB,8,0D,0A
1487,2026-05-20 16:21:12.023,0D,0,0,0,0,57,0,0,0,1,3,0,0,0,0,EB
1488,2026-05-20 16:21:12.223,8,0D,0A,0D,0,0,0,0,57,0,0,0,1,3,0,0
1489,2026-05-20 16:21:12.439,0,0,EB,8,0D,0A,0D,0,0,0,0,57,0,0,0,1
1490,2026-05-20 16:21:12.639,3,0,0,0,0,EB,8,0D,0A,0D,0,0,0,0,57,0
1491,2026-05-20 16:21:12.855,0,0,1,3,0,0,0,0,EB,8,0D,0A,0D,0,0,0
1492,2026-05-20 16:21:13.071,0,58,0,0,0,1,3,0,0,0,0,EE,8,0D,0A,0D
1493,2026-05-20 16:21:13.079,0,0,0,0,57,0,0,0,1,3,0,0,0,0,EB,8
1494,2026-05-20 16:21:13.273,0D,0A,0D,0,0,0,0,57,0,0,0,1,3,0,0,0
1495,2026-05-20 16:21:13.489,0,EB,8,0D,0A,0D,0,0,0,0,57,0,0,0,1,3
1496,2026-05-20 16:21:13.705,0,0,0,0,EE,8,0D,0A,0D,0,0,0,0,58,0,0
1497,2026-05-20 16:21:13.906,0,1,3,0,0,0,0,EE,8,0D,0A,0D,0,0,0,0
1498,2026-05-20 16:21:14.123,58,0,0,0,1,3,0,0,0,0,EB,8,0D,0A,0D,0
1499,2026-05-20 16:21:14.135,0,0,0,58,0,0,0,1,3,0,0,0,0,EB,8,0D
1500,2026-05-20 16:21:14.325,0A,0D,0,0,0,0,57,0,0,0,1,3,0,0,0,0
1501,2026-05-20 16:21:14.539,EE,8,0D,0A,0D,0,0,0,0,58,0,0,0,1,3,0
1502,2026-05-20 16:21:14.754,0,0,0,EB,8,0D,0A,0D,0,0,0,0,57,0,0,0
1503,2026-05-20 16:21:14.955,1,3,0,0,0,0,EE,8,0D,0A,0D,0,0,0,0,58
1504,2026-05-20 16:21:15.171,0,0,0,1,3,0,0,0,0,EB,8,0D,0A,0D,0,0
1505,2026-05-20 16:21:15.171,0,0,58,0,0,0,1,3,0,0,0,0,EE,8,0D,0A
1506,2026-05-20 16:21:15.389,0D,0,0,0,0,58,0,0,0,1,3,0,0,0,0,EE
1507,2026-05-20 16:21:15.600,8,0D,0A,0D,0,0,0,0,58,0,0,0,1,3,0,0
1508,2026-05-20 16:21:15.806,0,0,EB,8,0D,0A,0D,0,0,0,0,58,0,0,0,1
1509,2026-05-20 16:21:16.008,3,0,0,0,0,EE,8,0D,0A,0D,0,0,0,0,58,0
1510,2026-05-20 16:21:16.222,0,0,1,3,0,0,0,0,EB,8,0D,0A,0D,0,0,0
1511,2026-05-20 16:21:16.422,0,58,0,0,0,1,3,0,0,0,0,EB,8,0D,0A,0D
1512,2026-05-20 16:21:16.448,0,0,0,0,58,0,0,0,1,3,0,0,0,0,EB,8
1513,2026-05-20 16:21:16.641,0D,0A,0D,0,0,0,0,58,0,0,0,1,3,0,0,0
1514,2026-05-20 16:21:16.856,0,EB,8,0D,0A,0D,0,0,0,0,58,0,0,0,1,3
1515,2026-05-20 16:21:17.056,0,0,0,0,EB,8,0D,0A,0D,0,0,0,0,58,0,0
1516,2026-05-20 16:21:17.272,0,1,3,0,0,0,0,EB,8,0D,0A,0D,0,0,0,0
1517,2026-05-20 16:21:17.472,58,0,0,0,1,3,0,0,0,0,E9,8,0D,0A,0D,0
1518,2026-05-20 16:21:17.496,0,0,0,58,0,0,0,1,3,0,0,0,0,EE,8,0D
1519,2026-05-20 16:21:17.702,0A,0D,0,0,0,0,57,0,0,0,1,3,0,0,0,0
1520,2026-05-20 16:21:17.913,EB,8,0D,0A,0D,0,0,0,0,57,0,0,0,1,3,0
1521,2026-05-20 16:21:18.107,0,0,0,EE,8,0D,0A,0D,0,0,0,0,57,0,0,0
1522,2026-05-20 16:21:18.322,1,3,0,0,0,0,EB,8,0D,0A,0D,0,0,0,0,57
1523,2026-05-20 16:21:18.538,0,0,0,1,3,0,0,0,0,EB,8,0D,0A,0D,0,0
1524,2026-05-20 16:21:18.538,0,0,58,0,0,0,1,3,0,0,0,0,EB,8,0D,0A
1525,2026-05-20 16:21:18.755,0D,0,0,0,0,58,0,0,0,1,3,0,0,0,0,EE
1526,2026-05-20 16:21:18.956,8,0D,0A,0D,0,0,0,0,58,0,0,0,1,3,0,0
1527,2026-05-20 16:21:19.172,0,0,EB,8,0D,0A,0D,0,0,0,0,58,0,0,0,1
1528,2026-05-20 16:21:19.372,3,0,0,0,0,EE,8,0D,0A,0D,0,0,0,0,58,0
1529,2026-05-20 16:21:19.587,0,0,1,3,0,0,0,0,EB,8,0D,0A,0D,0,0,0
1530,2026-05-20 16:21:19.789,0,58,0,0,0,1,3,0,0,0,0,E9,8,0D,0A,0D
1531,2026-05-20 16:21:19.811,0,0,0,0,57,0,0,0,1,3,0,0,0,0,EB,8
1532,2026-05-20 16:21:20.014,0D,0A,0D,0,0,0,0,57,0,0,0,1,3,0,0,0
1533,2026-05-20 16:21:20.221,0,EE,8,0D,0A,0D,0,0,0,0,57,0,0,0,1,3
1534,2026-05-20 16:21:20.423,0,0,0,0,EB,8,0D,0A,0D,0,0,0,0,57,0,0
1535,2026-05-20 16:21:20.638,0,1,3,0,0,0,0,EB,8,0D,0A,0D,0,0,0,0
1536,2026-05-20 16:21:20.839,57,0,0,0,1,3,0,0,0,0,EB,8,0D,0A,0D,0
1537,2026-05-20 16:21:20.861,0,0,0,57,0,0,0,1,3,0,0,0,0,EE,8,0D
1538,2026-05-20 16:21:21.057,0A,0D,0,0,0,0,57,0,0,0,1,3,0,0,0,0
1539,2026-05-20 16:21:21.271,EE,8,0D,0A,0D,0,0,0,0,57,0,0,0,1,3,0
1540,2026-05-20 16:21:21.472,0,0,0,EB,8,0D,0A,0D,0,0,0,0,57,0,0,0
1541,2026-05-20 16:21:21.689,1,3,0,0,0,0,EB,8,0D,0A,0D,0,0,0,0,57
1542,2026-05-20 16:21:21.889,0,0,0,1,3,0,0,0,0,EB,8,0D,0A,0D,0,0
1543,2026-05-20 16:21:21.934,0,0,57,0,0,0,1,3,0,0,0,0,EB,8,0D,0A
1544,2026-05-20 16:21:22.108,0D,0,0,0,0,58,0,0,0,1,3,0,0,0,0,EE
1545,2026-05-20 16:21:22.322,8,0D,0A,0D,0,0,0,0,58,0,0,0,1,3,0,0
1546,2026-05-20 16:21:22.522,0,0,EB,8,0D,0A,0D,0,0,0,0,58,0,0,0,1
1547,2026-05-20 16:21:22.739,3,0,0,0,0,EB,8,0D,0A,0D,0,0,0,0,58,0
1548,2026-05-20 16:21:22.940,0,0,1,3,0,0,0,0,EB,8,0D,0A,0D,0,0,0
1549,2026-05-20 16:21:23.156,0,57,0,0,0,1,3,0,0,0,0,EE,8,0D,0A,0D
1550,2026-05-20 16:21:23.178,0,0,0,0,58,0,0,0,1,3,0,0,0,0,EB,8
1551,2026-05-20 16:21:23.372,0D,0A,0D,0,0,0,0,57,0,0,0,1,3,0,0,0
1552,2026-05-20 16:21:23.573,0,EE,8,0D,0A,0D,0,0,0,0,57,0,0,0,1,3
1553,2026-05-20 16:21:23.789,0,0,0,0,EB,8,0D,0A,0D,0,0,0,0,57,0,0
1554,2026-05-20 16:21:23.995,0,1,3,0,0,0,0,EB,8,0D,0A,0D,0,0,0,0
1555,2026-05-20 16:21:24.209,58,0,0,0,1,3,0,0,0,0,EB,8,0D,0A,0D,0
1556,2026-05-20 16:21:24.221,0,0,0,57,0,0,0,1,3,0,0,0,0,EE,8,0D
1557,2026-05-20 16:21:24.424,0A,0D,0,0,0,0,58,0,0,0,1,3,0,0,0,0
1558,2026-05-20 16:21:24.623,EB,8,0D,0A,0D,0,0,0,0,57,0,0,0,1,3,0
1559,2026-05-20 16:21:24.841,0,0,0,EE,8,0D,0A,0D,0,0,0,0,58,0,0,0
1560,2026-05-20 16:21:25.056,1,3,0,0,0,0,EE,8,0D,0A,0D,0,0,0,0,57
1561,2026-05-20 16:21:25.256,0,0,0,1,3,0,0,0,0,EE,8,0D,0A,0D,0,0
1562,2026-05-20 16:21:25.278,0,0,58,0,0,0,1,3,0,0,0,0,EB,8,0D,0A
1563,2026-05-20 16:21:25.474,0D,0,0,0,0,57,0,0,0,1,3,0,0,0,0,EE
1564,2026-05-20 16:21:25.688,8,0D,0A,0D,0,0,0,0,58,0,0,0,1,3,0,0
1565,2026-05-20 16:21:25.890,0,0,EE,8,0D,0A,0D,0,0,0,0,57,0,0,0,1
1566,2026-05-20 16:21:26.105,3,0,0,0,0,EB,8,0D,0A,0D,0,0,0,0,58,0
1567,2026-05-20 16:21:26.311,0,0,1,3,0,0,0,0,EB,8,0D,0A,0D,0,0,0
1568,2026-05-20 16:21:26.523,0,57,0,0,0,1,3,0,0,0,0,EB,8,0D,0A,0D
1569,2026-05-20 16:21:26.532,0,0,0,0,58,0,0,0,1,3,0,0,0,0,EB,8
1570,2026-05-20 16:21:26.741,0D,0A,0D,0,0,0,0,57,0,0,0,1,3,0,0,0
1571,2026-05-20 16:21:26.940,0,E9,8,0D,0A,0D,0,0,0,0,58,0,0,0,1,3
1572,2026-05-20 16:21:27.157,0,0,0,0,EB,8,0D,0A,0D,0,0,0,0,57,0,0
1573,2026-05-20 16:21:27.357,0,1,3,0,0,0,0,EB,8,0D,0A,0D,0,0,0,0
1574,2026-05-20 16:21:27.573,58,0,0,0,1,3,0,0,0,0,EB,8,0D,0A,0D,0
1575,2026-05-20 16:21:27.578,0,0,0,57,0,0,0,1,3,0,0,0,0,EB,8,0D
1576,2026-05-20 16:21:27.793,0A,0D,0,0,0,0,58,0,0,0,1,3,0,0,0,0
1577,2026-05-20 16:21:27.990,EE,8,0D,0A,0D,0,0,0,0,57,0,0,0,1,3,0
1578,2026-05-20 16:21:28.212,0,0,0,EB,8,0D,0A,0D,0,0,0,0,58,0,0,0
1579,2026-05-20 16:21:28.413,1,3,0,0,0,0,E9,8,0D,0A,0D,0,0,0,0,57
1580,2026-05-20 16:21:28.627,0,0,0,1,3,0,0,0,0,EB,8,0D,0A,0D,0,0
1581,2026-05-20 16:21:28.634,0,0,58,0,0,0,1,3,0,0,0,0,EB,8,0D,0A
1582,2026-05-20 16:21:28.838,0D,0,0,0,0,57,0,0,0,1,3,0,0,0,0,EE
1583,2026-05-20 16:21:29.040,8,0D,0A,0D,0,0,0,0,58,0,0,0,1,3,0,0
1584,2026-05-20 16:21:29.258,0,0,EB,8,0D,0A,0D,0,0,0,0,57,0,0,0,1
1585,2026-05-20 16:21:29.456,3,0,0,0,0,E9,8,0D,0A,0D,0,0,0,0,58,0
1586,2026-05-20 16:21:29.672,0,0,1,3,0,0,0,0,EB,8,0D,0A,0D,0,0,0
1587,2026-05-20 16:21:29.873,0,57,0,0,0,1,3,0,0,0,0,EE,8,0D,0A,0D
1588,2026-05-20 16:21:29.889,0,0,0,0,58,0,0,0,1,3,0,0,0,0,EE,8
1589,2026-05-20 16:21:30.105,0D,0A,0D,0,0,0,0,57,0,0,0,1,3,0,0,0
1590,2026-05-20 16:21:30.306,0,EB,8,0D,0A,0D,0,0,0,0,57,0,0,0,1,3
1591,2026-05-20 16:21:30.522,0,0,0,0,EB,8,0D,0A,0D,0,0,0,0,57,0,0
1592,2026-05-20 16:21:30.722,0,1,3,0,0,0,0,EB,8,0D,0A,0D,0,0,0,0
1593,2026-05-20 16:21:30.940,58,0,0,0,1,3,0,0,0,0,EB,8,0D,0A,0D,0
1594,2026-05-20 16:21:30.954,0,0,0,57,0,0,0,1,3,0,0,0,0,EB,8,0D
1595,2026-05-20 16:21:31.157,0A,0D,0,0,0,0,57,0,0,0,1,3,0,0,0,0
1596,2026-05-20 16:21:31.357,EB,8,0D,0A,0D,0,0,0,0,57,0,0,0,1,3,0
1597,2026-05-20 16:21:31.573,0,0,0,EB,8,0D,0A,0D,0,0,0,0,57,0,0,0
1598,2026-05-20 16:21:31.772,1,3,0,0,0,0,EB,8,0D,0A,0D,0,0,0,0,57
1599,2026-05-20 16:21:31.989,0,0,0,1,3,0,0,0,0,EB,8,0D,0A,0D,0,0
1600,2026-05-20 16:21:32.002,0,0,57,0,0,0,1,3,0,0,0,0,EB,8,0D,0A
1601,2026-05-20 16:21:32.192,0D,0,0,0,0,57,0,0,0,1,3,0,0,0,0,EB
1602,2026-05-20 16:21:32.416,8,0D,0A,0D,0,0,0,0,57,0,0,0,1,3,0,0
1603,2026-05-20 16:21:32.622,0,0,EB,8,0D,0A,0D,0,0,0,0,57,0,0,0,1
1604,2026-05-20 16:21:32.823,3,0,0,0,0,EE,8,0D,0A,0D,0,0,0,0,57,0
1605,2026-05-20 16:21:33.040,0,0,1,3,0,0,0,0,EB,8,0D,0A,0D,0,0,0
1606,2026-05-20 16:21:33.239,0,57,0,0,0,1,3,0,0,0,0,EB,8,0D,0A,0D
1607,2026-05-20 16:21:33.255,0,0,0,0,57,0,0,0,1,3,0,0,0,0,EB,8
1608,2026-05-20 16:21:33.457,0D,0A,0D,0,0,0,0,57,0,0,0,1,3,0,0,0
1609,2026-05-20 16:21:33.673,0,EB,8,0D,0A,0D,0,0,0,0,58,0,0,0,1,3
1610,2026-05-20 16:21:33.873,0,0,0,0,EB,8,0D,0A,0D,0,0,0,0,57,0,0
1611,2026-05-20 16:21:34.090,0,1,3,0,0,0,0,EE,8,0D,0A,0D,0,0,0,0
1612,2026-05-20 16:21:34.289,57,0,0,0,1,3,0,0,0,0,EB,8,0D,0A,0D,0
1613,2026-05-20 16:21:34.305,0,0,0,57,0,0,0,1,3,0,0,0,0,EB,8,0D
1614,2026-05-20 16:21:34.518,0A,0D,0,0,0,0,57,0,0,0,1,3,0,0,0,0
1615,2026-05-20 16:21:34.723,EB,8,0D,0A,0D,0,0,0,0,56,0,0,0,1,3,0
1616,2026-05-20 16:21:34.923,0,0,0,EE,8,0D,0A,0D,0,0,0,0,56,0,0,0
1617,2026-05-20 16:21:35.140,1,3,0,0,0,0,EB,8,0D,0A,0D,0,0,0,0,56
1618,2026-05-20 16:21:35.354,0,0,0,1,3,0,0,0,0,EB,8,0D,0A,0D,0,0
1619,2026-05-20 16:21:35.366,0,0,57,0,0,0,1,3,0,0,0,0,EB,8,0D,0A
1620,2026-05-20 16:21:35.572,0D,0,0,0,0,57,0,0,0,1,3,0,0,0,0,EE
1621,2026-05-20 16:21:35.779,8,0D,0A,0D,0,0,0,0,57,0,0,0,1,3,0,0
1622,2026-05-20 16:21:35.974,0,0,EE,8,0D,0A,0D,0,0,0,0,57,0,0,0,1
1623,2026-05-20 16:21:36.189,3,0,0,0,0,EB,8,0D,0A,0D,0,0,0,0,57,0
1624,2026-05-20 16:21:36.405,0,0,1,3,0,0,0,0,EB,8,0D,0A,0D,0,0,0
1625,2026-05-20 16:21:36.606,0,57,0,0,0,1,3,0,0,0,0,EB,8,0D,0A,0D
1626,2026-05-20 16:21:36.632,0,0,0,0,57,0,0,0,1,3,0,0,0,0,EE,8
1627,2026-05-20 16:21:36.824,0D,0A,0D,0,0,0,0,57,0,0,0,1,3,0,0,0
1628,2026-05-20 16:21:37.039,0,EB,8,0D,0A,0D,0,0,0,0,57,0,0,0,1,3
1629,2026-05-20 16:21:37.240,0,0,0,0,EB,8,0D,0A,0D,0,0,0,0,57,0,0
1630,2026-05-20 16:21:37.455,0,1,3,0,0,0,0,EB,8,0D,0A,0D,0,0,0,0
1631,2026-05-20 16:21:37.656,58,0,0,0,1,3,0,0,0,0,EB,8,0D,0A,0D,0
1632,2026-05-20 16:21:37.678,0,0,0,57,0,0,0,1,3,0,0,0,0,EB,8,0D
1633,2026-05-20 16:21:37.874,0A,0D,0,0,0,0,57,0,0,0,1,3,0,0,0,0
1634,2026-05-20 16:21:38.091,EB,8,0D,0A,0D,0,0,0,0,57,0,0,0,1,3,0
1635,2026-05-20 16:21:38.290,0,0,0,EB,8,0D,0A,0D,0,0,0,0,57,0,0,0
1636,2026-05-20 16:21:38.506,1,3,0,0,0,0,EB,8,0D,0A,0D,0,0,0,0,57
1637,2026-05-20 16:21:38.706,0,0,0,1,3,0,0,0,0,EB,8,0D,0A,0D,0,0
1638,2026-05-20 16:21:38.722,0,0,57,0,0,0,1,3,0,0,0,0,EB,8,0D,0A
1639,2026-05-20 16:21:38.925,0D,0,0,0,0,57,0,0,0,1,3,0,0,0,0,EB
1640,2026-05-20 16:21:39.139,8,0D,0A,0D,0,0,0,0,57,0,0,0,1,3,0,0
1641,2026-05-20 16:21:39.340,0,0,E9,8,0D,0A,0D,0,0,0,0,57,0,0,0,1
1642,2026-05-20 16:21:39.570,3,0,0,0,0,EE,8,0D,0A,0D,0,0,0,0,57,0
1643,2026-05-20 16:21:39.757,0,0,1,3,0,0,0,0,EB,8,0D,0A,0D,0,0,0
1644,2026-05-20 16:21:39.973,0,57,0,0,0,1,3,0,0,0,0,EB,8,0D,0A,0D
1645,2026-05-20 16:21:39.987,0,0,0,0,57,0,0,0,1,3,0,0,0,0,EB,8
1646,2026-05-20 16:21:40.196,0D,0A,0D,0,0,0,0,57,0,0,0,1,3,0,0,0
1647,2026-05-20 16:21:40.391,0,EB,8,0D,0A,0D,0,0,0,0,57,0,0,0,1,3
1648,2026-05-20 16:21:40.605,0,0,0,0,EB,8,0D,0A,0D,0,0,0,0,58,0,0
1649,2026-05-20 16:21:40.822,0,1,3,0,0,0,0,EB,8,0D,0A,0D,0,0,0,0
1650,2026-05-20 16:21:41.024,57,0,0,0,1,3,0,0,0,0,EB,8,0D,0A,0D,0
1651,2026-05-20 16:21:41.043,0,0,0,59,0,0,0,1,3,0,0,0,0,EB,8,0D
1652,2026-05-20 16:21:41.243,0A,0D,0,0,0,0,58,0,0,0,1,3,0,0,0,0
1653,2026-05-20 16:21:41.454,EB,8,0D,0A,0D,0,0,0,0,59,0,0,0,1,3,0
1654,2026-05-20 16:21:41.657,0,0,0,EB,8,0D,0A,0D,0,0,0,0,58,0,0,0
1655,2026-05-20 16:21:41.873,1,3,0,0,0,0,EB,8,0D,0A,0D,0,0,0,0,59
1656,2026-05-20 16:21:42.073,0,0,0,1,3,0,0,0,0,EB,8,0D,0A,0D,0,0
1657,2026-05-20 16:21:42.090,0,0,58,0,0,0,1,3,0,0,0,0,EB,8,0D,0A
1658,2026-05-20 16:21:42.290,0D,0,0,0,0,58,0,0,0,1,3,0,0,0,0,EB
1659,2026-05-20 16:21:42.507,8,0D,0A,0D,0,0,0,0,57,0,0,0,1,3,0,0
1660,2026-05-20 16:21:42.707,0,0,EB,8,0D,0A,0D,0,0,0,0,58,0,0,0,1
1661,2026-05-20 16:21:42.924,3,0,0,0,0,EE,8,0D,0A,0D,0,0,0,0,57,0
1662,2026-05-20 16:21:43.125,0,0,1,3,0,0,0,0,EB,8,0D,0A,0D,0,0,0
1663,2026-05-20 16:21:43.339,0,58,0,0,0,1,3,0,0,0,0,EB,8,0D,0A,0D
1664,2026-05-20 16:21:43.350,0,0,0,0,57,0,0,0,1,3,0,0,0,0,EE,8
1665,2026-05-20 16:21:43.560,0D,0A,0D,0,0,0,0,58,0,0,0,1,3,0,0,0
1666,2026-05-20 16:21:43.757,0,EB,8,0D,0A,0D,0,0,0,0,57,0,0,0,1,3
1667,2026-05-20 16:21:43.973,0,0,0,0,EB,8,0D,0A,0D,0,0,0,0,58,0,0
1668,2026-05-20 16:21:44.173,0,1,3,0,0,0,0,EB,8,0D,0A,0D,0,0,0,0
1669,2026-05-20 16:21:44.390,58,0,0,0,1,3,0,0,0,0,EB,8,0D,0A,0D,0
1670,2026-05-20 16:21:44.404,0,0,0,58,0,0,0,1,3,0,0,0,0,EB,8,0D
1671,2026-05-20 16:21:44.606,0A,0D,0,0,0,0,58,0,0,0,1,3,0,0,0,0
1672,2026-05-20 16:21:44.808,EB,8,0D,0A,0D,0,0,0,0,58,0,0,0,1,3,0
1673,2026-05-20 16:21:45.027,0,0,0,EB,8,0D,0A,0D,0,0,0,0,58,0,0,0
1674,2026-05-20 16:21:45.236,1,3,0,0,0,0,EB,8,0D,0A,0D,0,0,0,0,58
1675,2026-05-20 16:21:45.440,0,0,0,1,3,0,0,0,0,E9,8,0D,0A,0D,0,0
1676,2026-05-20 16:21:45.448,0,0,58,0,0,0,1,3,0,0,0,0,EE,8,0D,0A
1677,2026-05-20 16:21:45.659,0D,0,0,0,0,58,0,0,0,1,3,0,0,0,0,EB
1678,2026-05-20 16:21:45.856,8,0D,0A,0D,0,0,0,0,58,0,0,0,1,3,0,0
1679,2026-05-20 16:21:46.073,0,0,EB,8,0D,0A,0D,0,0,0,0,58,0,0,0,1
1680,2026-05-20 16:21:46.273,3,0,0,0,0,EE,8,0D,0A,0D,0,0,0,0,58,0
1681,2026-05-20 16:21:46.490,0,0,1,3,0,0,0,0,EB,8,0D,0A,0D,0,0,0
1682,2026-05-20 16:21:46.690,0,58,0,0,0,1,3,0,0,0,0,EE,8,0D,0A,0D
1683,2026-05-20 16:21:46.716,0,0,0,0,57,0,0,0,1,3,0,0,0,0,EB,8
1684,2026-05-20 16:21:46.927,0D,0A,0D,0,0,0,0,58,0,0,0,1,3,0,0,0
1685,2026-05-20 16:21:47.131,0,EB,8,0D,0A,0D,0,0,0,0,57,0,0,0,1,3
1686,2026-05-20 16:21:47.329,0,0,0,0,EB,8,0D,0A,0D,0,0,0,0,57,0,0
1687,2026-05-20 16:21:47.548,0,1,3,0,0,0,0,EB,8,0D,0A,0D,0,0,0,0
1688,2026-05-20 16:21:47.756,57,0,0,0,1,3,0,0,0,0,EE,8,0D,0A,0D,0
1689,2026-05-20 16:21:47.775,0,0,0,57,0,0,0,1,3,0,0,0,0,EB,8,0D
1690,2026-05-20 16:21:47.973,0A,0D,0,0,0,0,57,0,0,0,1,3,0,0,0,0
1691,2026-05-20 16:21:48.182,EB,8,0D,0A,0D,0,0,0,0,57,0,0,0,1,3,0
1692,2026-05-20 16:21:48.391,0,0,0,EB,8,0D,0A,0D,0,0,0,0,57,0,0,0
1693,2026-05-20 16:21:48.599,1,3,0,0,0,0,EB,8,0D,0A,0D,0,0,0,0,57
1694,2026-05-20 16:21:48.808,0,0,0,1,3,0,0,0,0,E9,8,0D,0A,0D,0,0
1695,2026-05-20 16:21:48.817,0,0,57,0,0,0,1,3,0,0,0,0,EB,8,0D,0A
1696,2026-05-20 16:21:49.025,0D,0,0,0,0,57,0,0,0,1,3,0,0,0,0,EB
1697,2026-05-20 16:21:49.234,8,0D,0A,0D,0,0,0,0,57,0,0,0,1,3,0,0
1698,2026-05-20 16:21:49.443,0,0,EE,8,0D,0A,0D,0,0,0,0,57,0,0,0,1
1699,2026-05-20 16:21:49.682,3,0,0,0,0,EB,8,0D,0A,0D,0,0,0,0,57,0
1700,2026-05-20 16:21:49.860,0,0,1,3,0,0,0,0,EB,8,0D,0A,0D,0,0,0
1701,2026-05-20 16:21:50.056,0,58,0,0,0,1,3,0,0,0,0,EE,8,0D,0A,0D
1702,2026-05-20 16:21:50.078,0,0,0,0,57,0,0,0,1,3,0,0,0,0,EB,8
1703,2026-05-20 16:21:50.286,0D,0A,0D,0,0,0,0,58,0,0,0,1,3,0,0,0
1704,2026-05-20 16:21:50.494,0,EE,8,0D,0A,0D,0,0,0,0,58,0,0,0,1,3
1705,2026-05-20 16:21:50.703,0,0,0,0,EB,8,0D,0A,0D,0,0,0,0,58,0,0
1706,2026-05-20 16:21:50.911,0,1,3,0,0,0,0,E9,8,0D,0A,0D,0,0,0,0
1707,2026-05-20 16:21:51.120,58,0,0,0,1,3,0,0,0,0,EB,8,0D,0A,0D,0
1708,2026-05-20 16:21:51.129,0,0,0,58,0,0,0,1,3,0,0,0,0,EB,8,0D
1709,2026-05-20 16:21:51.336,0A,0D,0,0,0,0,58,0,0,0,1,3,0,0,0,0
1710,2026-05-20 16:21:51.545,EB,8,0D,0A,0D,0,0,0,0,58,0,0,0,1,3,0
1711,2026-05-20 16:21:51.747,0,0,0,EB,8,0D,0A,0D,0,0,0,0,58,0,0,0
1712,2026-05-20 16:21:51.963,1,3,0,0,0,0,EB,8,0D,0A,0D,0,0,0,0,58
1713,2026-05-20 16:21:52.171,0,0,0,1,3,0,0,0,0,EB,8,0D,0A,0D,0,0
1714,2026-05-20 16:21:52.179,0,0,58,0,0,0,1,3,0,0,0,0,EB,8,0D,0A
1715,2026-05-20 16:21:52.388,0D,0,0,0,0,58,0,0,0,1,3,0,0,0,0,EE
1716,2026-05-20 16:21:52.597,8,0D,0A,0D,0,0,0,0,58,0,0,0,1,3,0,0
1717,2026-05-20 16:21:52.805,0,0,EE,8,0D,0A,0D,0,0,0,0,58,0,0,0,1
1718,2026-05-20 16:21:53.013,3,0,0,0,0,EE,8,0D,0A,0D,0,0,0,0,58,0
1719,2026-05-20 16:21:53.216,0,0,1,3,0,0,0,0,EB,8,0D,0A,0D,0,0,0
1720,2026-05-20 16:21:53.432,0,58,0,0,0,1,3,0,0,0,0,EB,8,0D,0A,0D
1721,2026-05-20 16:21:53.442,0,0,0,0,58,0,0,0,1,3,0,0,0,0,EB,8
1722,2026-05-20 16:21:53.641,0D,0A,0D,0,0,0,0,58,0,0,0,1,3,0,0,0
1723,2026-05-20 16:21:53.857,0,EB,8,0D,0A,0D,0,0,0,0,58,0,0,0,1,3
1724,2026-05-20 16:21:54.058,0,0,0,0,EE,8,0D,0A,0D,0,0,0,0,57,0,0
1725,2026-05-20 16:21:54.273,0,1,3,0,0,0,0,EE,8,0D,0A,0D,0,0,0,0
1726,2026-05-20 16:21:54.474,58,0,0,0,1,3,0,0,0,0,EB,8,0D,0A,0D,0
1727,2026-05-20 16:21:54.498,0,0,0,57,0,0,0,1,3,0,0,0,0,EB,8,0D
1728,2026-05-20 16:21:54.692,0A,0D,0,0,0,0,58,0,0,0,1,3,0,0,0,0
1729,2026-05-20 16:21:54.906,EB,8,0D,0A,0D,0,0,0,0,57,0,0,0,1,3,0
1730,2026-05-20 16:21:55.108,0,0,0,EB,8,0D,0A,0D,0,0,0,0,58,0,0,0
1731,2026-05-20 16:21:55.324,1,3,0,0,0,0,EB,8,0D,0A,0D,0,0,0,0,57
1732,2026-05-20 16:21:55.524,0,0,0,1,3,0,0,0,0,EE,8,0D,0A,0D,0,0
1733,2026-05-20 16:21:55.546,0,0,58,0,0,0,1,3,0,0,0,0,EB,8,0D,0A
1734,2026-05-20 16:21:55.741,0D,0,0,0,0,57,0,0,0,1,3,0,0,0,0,EE
1735,2026-05-20 16:21:55.956,8,0D,0A,0D,0,0,0,0,58,0,0,0,1,3,0,0
1736,2026-05-20 16:21:56.158,0,0,E9,8,0D,0A,0D,0,0,0,0,57,0,0,0,1
1737,2026-05-20 16:21:56.374,3,0,0,0,0,EB,8,0D,0A,0D,0,0,0,0,58,0
1738,2026-05-20 16:21:56.574,0,0,1,3,0,0,0,0,EB,8,0D,0A,0D,0,0,0
1739,2026-05-20 16:21:56.790,0,57,0,0,0,1,3,0,0,0,0,EB,8,0D,0A,0D
1740,2026-05-20 16:21:56.805,0,0,0,0,58,0,0,0,1,3,0,0,0,0,EB,8
1741,2026-05-20 16:21:57.013,0D,0A,0D,0,0,0,0,57,0,0,0,1,3,0,0,0
1742,2026-05-20 16:21:57.207,0,EE,8,0D,0A,0D,0,0,0,0,58,0,0,0,1,3
1743,2026-05-20 16:21:57.425,0,0,0,0,EB,8,0D,0A,0D,0,0,0,0,57,0,0
1744,2026-05-20 16:21:57.624,0,1,3,0,0,0,0,EE,8,0D,0A,0D,0,0,0,0
1745,2026-05-20 16:21:57.841,58,0,0,0,1,3,0,0,0,0,EE,8,0D,0A,0D,0
1746,2026-05-20 16:21:57.841,0,0,0,57,0,0,0,1,3,0,0,0,0,EE,8,0D
1747,2026-05-20 16:21:58.059,0A,0D,0,0,0,0,57,0,0,0,1,3,0,0,0,0
1748,2026-05-20 16:21:58.259,EB,8,0D,0A,0D,0,0,0,0,57,0,0,0,1,3,0
1749,2026-05-20 16:21:58.474,0,0,0,EE,8,0D,0A,0D,0,0,0,0,57,0,0,0
1750,2026-05-20 16:21:58.674,1,3,0,0,0,0,EB,8,0D,0A,0D,0,0,0,0,57
1751,2026-05-20 16:21:58.891,0,0,0,1,3,0,0,0,0,EB,8,0D,0A,0D,0,0
1752,2026-05-20 16:21:58.908,0,0,58,0,0,0,1,3,0,0,0,0,EB,8,0D,0A
1753,2026-05-20 16:21:59.108,0D,0,0,0,0,57,0,0,0,1,3,0,0,0,0,EE
1754,2026-05-20 16:21:59.323,8,0D,0A,0D,0,0,0,0,58,0,0,0,1,3,0,0
1755,2026-05-20 16:21:59.525,0,0,EB,8,0D,0A,0D,0,0,0,0,57,0,0,0,1
1756,2026-05-20 16:21:59.739,3,0,0,0,0,EE,8,0D,0A,0D,0,0,0,0,57,0
1757,2026-05-20 16:21:59.942,0,0,1,3,0,0,0,0,EB,8,0D,0A,0D,0,0,0
1758,2026-05-20 16:22:00.156,0,57,0,0,0,1,3,0,0,0,0,EB,8,0D,0A,0D
1759,2026-05-20 16:22:00.156,0,0,0,0,57,0,0,0,1,3,0,0,0,0,EB,8
1760,2026-05-20 16:22:00.374,0D,0A,0D,0,0,0,0,57,0,0,0,1,3,0,0,0
1761,2026-05-20 16:22:00.576,0,EB,8,0D,0A,0D,0,0,0,0,57,0,0,0,1,3
1762,2026-05-20 16:22:00.790,0,0,0,0,EB,8,0D,0A,0D,0,0,0,0,57,0,0
1763,2026-05-20 16:22:00.990,0,1,3,0,0,0,0,EB,8,0D,0A,0D,0,0,0,0
1764,2026-05-20 16:22:01.206,58,0,0,0,1,3,0,0,0,0,EB,8,0D,0A,0D,0
1765,2026-05-20 16:22:01.216,0,0,0,57,0,0,0,1,3,0,0,0,0,EB,8,0D
1766,2026-05-20 16:22:01.434,0A,0D,0,0,0,0,57,0,0,0,1,3,0,0,0,0
1767,2026-05-20 16:22:01.624,EE,8,0D,0A,0D,0,0,0,0,57,0,0,0,1,3,0
1768,2026-05-20 16:22:01.841,0,0,0,EB,8,0D,0A,0D,0,0,0,0,57,0,0,0
1769,2026-05-20 16:22:02.044,1,3,0,0,0,0,EB,8,0D,0A,0D,0,0,0,0,57
1770,2026-05-20 16:22:02.256,0,0,0,1,3,0,0,0,0,EB,8,0D,0A,0D,0,0
1771,2026-05-20 16:22:02.268,0,0,57,0,0,0,1,3,0,0,0,0,EE,8,0D,0A
1772,2026-05-20 16:22:02.474,0D,0,0,0,0,57,0,0,0,1,3,0,0,0,0,EB
1773,2026-05-20 16:22:02.686,8,0D,0A,0D,0,0,0,0,57,0,0,0,1,3,0,0
1774,2026-05-20 16:22:02.892,0,0,EE,8,0D,0A,0D,0,0,0,0,57,0,0,0,1
1775,2026-05-20 16:22:03.091,3,0,0,0,0,EB,8,0D,0A,0D,0,0,0,0,57,0
1776,2026-05-20 16:22:03.307,0,0,1,3,0,0,0,0,EE,8,0D,0A,0D,0,0,0
1777,2026-05-20 16:22:03.507,0,57,0,0,0,1,3,0,0,0,0,EB,8,0D,0A,0D
1778,2026-05-20 16:22:03.532,0,0,0,0,57,0,0,0,1,3,0,0,0,0,EB,8
1779,2026-05-20 16:22:03.724,0D,0A,0D,0,0,0,0,57,0,0,0,1,3,0,0,0
1780,2026-05-20 16:22:03.946,0,EB,8,0D,0A,0D,0,0,0,0,57,0,0,0,1,3
1781,2026-05-20 16:22:04.156,0,0,0,0,EB,8,0D,0A,0D,0,0,0,0,57,0,0
1782,2026-05-20 16:22:04.358,0,1,3,0,0,0,0,EB,8,0D,0A,0D,0,0,0,0
1783,2026-05-20 16:22:04.558,57,0,0,0,1,3,0,0,0,0,EB,8,0D,0A,0D,0
1784,2026-05-20 16:22:04.583,0,0,0,57,0,0,0,1,3,0,0,0,0,EB,8,0D
1785,2026-05-20 16:22:04.790,0A,0D,0,0,0,0,57,0,0,0,1,3,0,0,0,0
1786,2026-05-20 16:22:04.992,EB,8,0D,0A,0D,0,0,0,0,57,0,0,0,1,3,0
1787,2026-05-20 16:22:05.209,0,0,0,EB,8,0D,0A,0D,0,0,0,0,57,0,0,0
1788,2026-05-20 16:22:05.407,1,3,0,0,0,0,EB,8,0D,0A,0D,0,0,0,0,57
1789,2026-05-20 16:22:05.625,0,0,0,1,3,0,0,0,0,EB,8,0D,0A,0D,0,0
1790,2026-05-20 16:22:05.642,0,0,57,0,0,0,1,3,0,0,0,0,EB,8,0D,0A
1791,2026-05-20 16:22:05.841,0D,0,0,0,0,57,0,0,0,1,3,0,0,0,0,EB
1792,2026-05-20 16:22:06.048,8,0D,0A,0D,0,0,0,0,57,0,0,0,1,3,0,0
1793,2026-05-20 16:22:06.255,0,0,EE,8,0D,0A,0D,0,0,0,0,57,0,0,0,1
1794,2026-05-20 16:22:06.457,3,0,0,0,0,EB,8,0D,0A,0D,0,0,0,0,57,0
1795,2026-05-20 16:22:06.673,0,0,1,3,0,0,0,0,EE,8,0D,0A,0D,0,0,0
1796,2026-05-20 16:22:06.883,0,57,0,0,0,1,3,0,0,0,0,EB,8,0D,0A,0D
1797,2026-05-20 16:22:06.902,0,0,0,0,56,0,0,0,1,3,0,0,0,0,EB,8
1798,2026-05-20 16:22:07.092,0D,0A,0D,0,0,0,0,57,0,0,0,1,3,0,0,0
1799,2026-05-20 16:22:07.308,0,EB,8,0D,0A,0D,0,0,0,0,56,0,0,0,1,3
1800,2026-05-20 16:22:07.507,0,0,0,0,EE,8,0D,0A,0D,0,0,0,0,57,0,0
1801,2026-05-20 16:22:07.724,0,1,3,0,0,0,0,EB,8,0D,0A,0D,0,0,0,0
1802,2026-05-20 16:22:07.924,56,0,0,0,1,3,0,0,0,0,EB,8,0D,0A,0D,0
1803,2026-05-20 16:22:07.940,0,0,0,57,0,0,0,1,3,0,0,0,0,EB,8,0D
1804,2026-05-20 16:22:08.150,0A,0D,0,0,0,0,56,0,0,0,1,3,0,0,0,0
1805,2026-05-20 16:22:08.357,EB,8,0D,0A,0D,0,0,0,0,57,0,0,0,1,3,0
1806,2026-05-20 16:22:08.557,0,0,0,EB,8,0D,0A,0D,0,0,0,0,56,0,0,0
1807,2026-05-20 16:22:08.774,1,3,0,0,0,0,EE,8,0D,0A,0D,0,0,0,0,57
1808,2026-05-20 16:22:08.974,0,0,0,1,3,0,0,0,0,EB,8,0D,0A,0D,0,0
1809,2026-05-20 16:22:08.998,0,0,57,0,0,0,1,3,0,0,0,0,EE,8,0D,0A
1810,2026-05-20 16:22:09.194,0D,0,0,0,0,57,0,0,0,1,3,0,0,0,0,EE
1811,2026-05-20 16:22:09.407,8,0D,0A,0D,0,0,0,0,57,0,0,0,1,3,0,0
1812,2026-05-20 16:22:09.608,0,0,EE,8,0D,0A,0D,0,0,0,0,57,0,0,0,1
1813,2026-05-20 16:22:09.825,3,0,0,0,0,EB,8,0D,0A,0D,0,0,0,0,57,0
1814,2026-05-20 16:22:10.040,0,0,1,3,0,0,0,0,EB,8,0D,0A,0D,0,0,0
1815,2026-05-20 16:22:10.241,0,57,0,0,0,1,3,0,0,0,0,EE,8,0D,0A,0D
1816,2026-05-20 16:22:10.259,0,0,0,0,57,0,0,0,1,3,0,0,0,0,EB,8
1817,2026-05-20 16:22:10.458,0D,0A,0D,0,0,0,0,57,0,0,0,1,3,0,0,0
1818,2026-05-20 16:22:10.673,0,EB,8,0D,0A,0D,0,0,0,0,57,0,0,0,1,3
1819,2026-05-20 16:22:10.874,0,0,0,0,EB,8,0D,0A,0D,0,0,0,0,57,0,0
1820,2026-05-20 16:22:11.090,0,1,3,0,0,0,0,EB,8,0D,0A,0D,0,0,0,0
1821,2026-05-20 16:22:11.300,57,0,0,0,1,3,0,0,0,0,EE,8,0D,0A,0D,0
1822,2026-05-20 16:22:11.313,0,0,0,57,0,0,0,1,3,0,0,0,0,EB,8,0D
1823,2026-05-20 16:22:11.518,0A,0D,0,0,0,0,57,0,0,0,1,3,0,0,0,0
1824,2026-05-20 16:22:11.726,EB,8,0D,0A,0D,0,0,0,0,57,0,0,0,1,3,0
1825,2026-05-20 16:22:11.935,0,0,0,EB,8,0D,0A,0D,0,0,0,0,57,0,0,0
1826,2026-05-20 16:22:12.143,1,3,0,0,0,0,E9,8,0D,0A,0D,0,0,0,0,57
1827,2026-05-20 16:22:12.347,0,0,0,1,3,0,0,0,0,EB,8,0D,0A,0D,0,0
1828,2026-05-20 16:22:12.359,0,0,57,0,0,0,1,3,0,0,0,0,EB,8,0D,0A
1829,2026-05-20 16:22:12.560,0D,0,0,0,0,57,0,0,0,1,3,0,0,0,0,EB
1830,2026-05-20 16:22:12.773,8,0D,0A,0D,0,0,0,0,57,0,0,0,1,3,0,0
1831,2026-05-20 16:22:12.973,0,0,EB,8,0D,0A,0D,0,0,0,0,57,0,0,0,1
1832,2026-05-20 16:22:13.191,3,0,0,0,0,EE,8,0D,0A,0D,0,0,0,0,57,0
1833,2026-05-20 16:22:13.392,0,0,1,3,0,0,0,0,EB,8,0D,0A,0D,0,0,0
1834,2026-05-20 16:22:13.608,0,58,0,0,0,1,3,0,0,0,0,EB,8,0D,0A,0D
1835,2026-05-20 16:22:13.619,0,0,0,0,57,0,0,0,1,3,0,0,0,0,EB,8
1836,2026-05-20 16:22:13.828,0D,0A,0D,0,0,0,0,58,0,0,0,1,3,0,0,0
1837,2026-05-20 16:22:14.026,0,EE,8,0D,0A,0D,0,0,0,0,57,0,0,0,1,3
1838,2026-05-20 16:22:14.241,0,0,0,0,EB,8,0D,0A,0D,0,0,0,0,58,0,0
1839,2026-05-20 16:22:14.441,0,1,3,0,0,0,0,EB,8,0D,0A,0D,0,0,0,0
1840,2026-05-20 16:22:14.658,57,0,0,0,1,3,0,0,0,0,EE,8,0D,0A,0D,0
1841,2026-05-20 16:22:14.668,0,0,0,58,0,0,0,1,3,0,0,0,0,EB,8,0D
1842,2026-05-20 16:22:14.874,0A,0D,0,0,0,0,58,0,0,0,1,3,0,0,0,0
1843,2026-05-20 16:22:15.090,EB,8,0D,0A,0D,0,0,0,0,58,0,0,0,1,3,0
1844,2026-05-20 16:22:15.291,0,0,0,EB,8,0D,0A,0D,0,0,0,0,58,0,0,0
1845,2026-05-20 16:22:15.507,1,3,0,0,0,0,EB,8,0D,0A,0D,0,0,0,0,58
1846,2026-05-20 16:22:15.708,0,0,0,1,3,0,0,0,0,EE,8,0D,0A,0D,0,0
1847,2026-05-20 16:22:15.727,0,0,58,0,0,0,1,3,0,0,0,0,EE,8,0D,0A
1848,2026-05-20 16:22:15.925,0D,0,0,0,0,57,0,0,0,1,3,0,0,0,0,EB
1849,2026-05-20 16:22:16.140,8,0D,0A,0D,0,0,0,0,57,0,0,0,1,3,0,0
1850,2026-05-20 16:22:16.341,0,0,EB,8,0D,0A,0D,0,0,0,0,58,0,0,0,1
1851,2026-05-20 16:22:16.558,3,0,0,0,0,EB,8,0D,0A,0D,0,0,0,0,58,0
1852,2026-05-20 16:22:16.766,0,0,1,3,0,0,0,0,EB,8,0D,0A,0D,0,0,0
1853,2026-05-20 16:22:16.973,0,57,0,0,0,1,3,0,0,0,0,EE,8,0D,0A,0D
1854,2026-05-20 16:22:16.973,0,0,0,0,58,0,0,0,1,3,0,0,0,0,EB,8
1855,2026-05-20 16:22:17.190,0D,0A,0D,0,0,0,0,57,0,0,0,1,3,0,0,0
1856,2026-05-20 16:22:17.392,0,EE,8,0D,0A,0D,0,0,0,0,58,0,0,0,1,3
1857,2026-05-20 16:22:17.607,0,0,0,0,EB,8,0D,0A,0D,0,0,0,0,57,0,0
1858,2026-05-20 16:22:17.808,0,1,3,0,0,0,0,EB,8,0D,0A,0D,0,0,0,0
1859,2026-05-20 16:22:18.028,58,0,0,0,1,3,0,0,0,0,EB,8,0D,0A,0D,0
1860,2026-05-20 16:22:18.038,0,0,0,57,0,0,0,1,3,0,0,0,0,EB,8,0D
1861,2026-05-20 16:22:18.244,0A,0D,0,0,0,0,58,0,0,0,1,3,0,0,0,0
1862,2026-05-20 16:22:18.447,EB,8,0D,0A,0D,0,0,0,0,57,0,0,0,1,3,0
1863,2026-05-20 16:22:18.661,0,0,0,EE,8,0D,0A,0D,0,0,0,0,58,0,0,0
1864,2026-05-20 16:22:18.871,1,3,0,0,0,0,EE,8,0D,0A,0D,0,0,0,0,57
1865,2026-05-20 16:22:19.079,0,0,0,1,3,0,0,0,0,EB,8,0D,0A,0D,0,0
1866,2026-05-20 16:22:19.088,0,0,57,0,0,0,1,3,0,0,0,0,EB,8,0D,0A
1867,2026-05-20 16:22:19.297,0D,0,0,0,0,57,0,0,0,1,3,0,0,0,0,EB
1868,2026-05-20 16:22:19.496,8,0D,0A,0D,0,0,0,0,58,0,0,0,1,3,0,0
1869,2026-05-20 16:22:19.708,0,0,EB,8,0D,0A,0D,0,0,0,0,57,0,0,0,1
1870,2026-05-20 16:22:19.922,3,0,0,0,0,EB,8,0D,0A,0D,0,0,0,0,58,0
1871,2026-05-20 16:22:20.130,0,0,1,3,0,0,0,0,EB,8,0D,0A,0D,0,0,0
1872,2026-05-20 16:22:20.332,0,57,0,0,0,1,3,0,0,0,0,EB,8,0D,0A,0D
1873,2026-05-20 16:22:20.350,0,0,0,0,58,0,0,0,1,3,0,0,0,0,EB,8
1874,2026-05-20 16:22:20.543,0D,0A,0D,0,0,0,0,57,0,0,0,1,3,0,0,0
1875,2026-05-20 16:22:20.765,0,EB,8,0D,0A,0D,0,0,0,0,58,0,0,0,1,3
1876,2026-05-20 16:22:20.963,0,0,0,0,EB,8,0D,0A,0D,0,0,0,0,57,0,0
1877,2026-05-20 16:22:21.180,0,1,3,0,0,0,0,EE,8,0D,0A,0D,0,0,0,0
1878,2026-05-20 16:22:21.377,57,0,0,0,1,3,0,0,0,0,EB,8,0D,0A,0D,0
1879,2026-05-20 16:22:21.393,0,0,0,57,0,0,0,1,3,0,0,0,0,EB,8,0D
1880,2026-05-20 16:22:21.608,0A,0D,0,0,0,0,57,0,0,0,1,3,0,0,0,0
1881,2026-05-20 16:22:21.817,EE,8,0D,0A,0D,0,0,0,0,57,0,0,0,1,3,0
1882,2026-05-20 16:22:22.017,0,0,0,EB,8,0D,0A,0D,0,0,0,0,57,0,0,0
1883,2026-05-20 16:22:22.234,1,3,0,0,0,0,EB,8,0D,0A,0D,0,0,0,0,57
1884,2026-05-20 16:22:22.443,0,0,0,1,3,0,0,0,0,EB,8,0D,0A,0D,0,0
1885,2026-05-20 16:22:22.451,0,0,57,0,0,0,1,3,0,0,0,0,EB,8,0D,0A
1886,2026-05-20 16:22:22.660,0D,0,0,0,0,57,0,0,0,1,3,0,0,0,0,EB
1887,2026-05-20 16:22:22.868,8,0D,0A,0D,0,0,0,0,57,0,0,0,1,3,0,0
1888,2026-05-20 16:22:23.066,0,0,EB,8,0D,0A,0D,0,0,0,0,57,0,0,0,1
1889,2026-05-20 16:22:23.279,3,0,0,0,0,EB,8,0D,0A,0D,0,0,0,0,57,0
1890,2026-05-20 16:22:23.490,0,0,1,3,0,0,0,0,EB,8,0D,0A,0D,0,0,0
1891,2026-05-20 16:22:23.692,0,58,0,0,0,1,3,0,0,0,0,EB,8,0D,0A,0D
1892,2026-05-20 16:22:23.715,0,0,0,0,57,0,0,0,1,3,0,0,0,0,EE,8
1893,2026-05-20 16:22:23.909,0D,0A,0D,0,0,0,0,58,0,0,0,1,3,0,0,0
1894,2026-05-20 16:22:24.122,0,EB,8,0D,0A,0D,0,0,0,0,58,0,0,0,1,3
1895,2026-05-20 16:22:24.338,0,0,0,0,EE,8,0D,0A,0D,0,0,0,0,57,0,0
1896,2026-05-20 16:22:24.542,0,1,3,0,0,0,0,EE,8,0D,0A,0D,0,0,0,0
1897,2026-05-20 16:22:24.742,58,0,0,0,1,3,0,0,0,0,EB,8,0D,0A,0D,0
1898,2026-05-20 16:22:24.766,0,0,0,58,0,0,0,1,3,0,0,0,0,EB,8,0D
1899,2026-05-20 16:22:24.972,0A,0D,0,0,0,0,58,0,0,0,1,3,0,0,0,0
1900,2026-05-20 16:22:25.180,EB,8,0D,0A,0D,0,0,0,0,58,0,0,0,1,3,0
1901,2026-05-20 16:22:25.375,0,0,0,EB,8,0D,0A,0D,0,0,0,0,58,0,0,0
1902,2026-05-20 16:22:25.591,1,3,0,0,0,0,EB,8,0D,0A,0D,0,0,0,0,58
1903,2026-05-20 16:22:25.799,0,0,0,1,3,0,0,0,0,EB,8,0D,0A,0D,0,0
1904,2026-05-20 16:22:25.810,0,0,58,0,0,0,1,3,0,0,0,0,EB,8,0D,0A
1905,2026-05-20 16:22:26.021,0D,0,0,0,0,58,0,0,0,1,3,0,0,0,0,EE
1906,2026-05-20 16:22:26.225,8,0D,0A,0D,0,0,0,0,58,0,0,0,1,3,0,0
1907,2026-05-20 16:22:26.440,0,0,EB,8,0D,0A,0D,0,0,0,0,58,0,0,0,1
1908,2026-05-20 16:22:26.640,3,0,0,0,0,EB,8,0D,0A,0D,0,0,0,0,59,0
1909,2026-05-20 16:22:26.857,0,0,1,3,0,0,0,0,EE,8,0D,0A,0D,0,0,0
1910,2026-05-20 16:22:27.058,0,59,0,0,0,1,3,0,0,0,0,EB,8,0D,0A,0D
1911,2026-05-20 16:22:27.075,0,0,0,0,59,0,0,0,1,3,0,0,0,0,EB,8
1912,2026-05-20 16:22:27.276,0D,0A,0D,0,0,0,0,59,0,0,0,1,3,0,0,0
1913,2026-05-20 16:22:27.491,0,EB,8,0D,0A,0D,0,0,0,0,59,0,0,0,1,3
1914,2026-05-20 16:22:27.691,0,0,0,0,EB,8,0D,0A,0D,0,0,0,0,59,0,0
1915,2026-05-20 16:22:27.907,0,1,3,0,0,0,0,EE,8,0D,0A,0D,0,0,0,0
1916,2026-05-20 16:22:28.108,59,0,0,0,1,3,0,0,0,0,EE,8,0D,0A,0D,0
1917,2026-05-20 16:22:28.126,0,0,0,59,0,0,0,1,3,0,0,0,0,EB,8,0D
1918,2026-05-20 16:22:28.326,0A,0D,0,0,0,0,59,0,0,0,1,3,0,0,0,0
1919,2026-05-20 16:22:28.541,EB,8,0D,0A,0D,0,0,0,0,59,0,0,0,1,3,0
1920,2026-05-20 16:22:28.741,0,0,0,EB,8,0D,0A,0D,0,0,0,0,59,0,0,0
1921,2026-05-20 16:22:28.958,1,3,0,0,0,0,EB,8,0D,0A,0D,0,0,0,0,59
1922,2026-05-20 16:22:29.158,0,0,0,1,3,0,0,0,0,EB,8,0D,0A,0D,0,0
1923,2026-05-20 16:22:29.180,0,0,59,0,0,0,1,3,0,0,0,0,EB,8,0D,0A
1924,2026-05-20 16:22:29.375,0D,0,0,0,0,59,0,0,0,1,3,0,0,0,0,EB
1925,2026-05-20 16:22:29.593,8,0D,0A,0D,0,0,0,0,59,0,0,0,1,3,0,0
1926,2026-05-20 16:22:29.792,0,0,EB,8,0D,0A,0D,0,0,0,0,59,0,0,0,1
1927,2026-05-20 16:22:30.013,3,0,0,0,0,EB,8,0D,0A,0D,0,0,0,0,59,0
1928,2026-05-20 16:22:30.209,0,0,1,3,0,0,0,0,EB,8,0D,0A,0D,0,0,0
1929,2026-05-20 16:22:30.425,0,59,0,0,0,1,3,0,0,0,0,EB,8,0D,0A,0D
1930,2026-05-20 16:22:30.439,0,0,0,0,59,0,0,0,1,3,0,0,0,0,EE,8
1931,2026-05-20 16:22:30.644,0D,0A,0D,0,0,0,0,59,0,0,0,1,3,0,0,0
1932,2026-05-20 16:22:30.842,0,EB,8,0D,0A,0D,0,0,0,0,59,0,0,0,1,3
1933,2026-05-20 16:22:31.058,0,0,0,0,EB,8,0D,0A,0D,0,0,0,0,59,0,0
1934,2026-05-20 16:22:31.258,0,1,3,0,0,0,0,EB,8,0D,0A,0D,0,0,0,0
1935,2026-05-20 16:22:31.475,59,0,0,0,1,3,0,0,0,0,EB,8,0D,0A,0D,0
1936,2026-05-20 16:22:31.505,0,0,0,59,0,0,0,1,3,0,0,0,0,EB,8,0D
1937,2026-05-20 16:22:31.693,0A,0D,0,0,0,0,59,0,0,0,1,3,0,0,0,0
1938,2026-05-20 16:22:31.892,EB,8,0D,0A,0D,0,0,0,0,59,0,0,0,1,3,0
1939,2026-05-20 16:22:32.109,0,0,0,EB,8,0D,0A,0D,0,0,0,0,59,0,0,0
1940,2026-05-20 16:22:32.309,1,3,0,0,0,0,EB,8,0D,0A,0D,0,0,0,0,59
1941,2026-05-20 16:22:32.525,0,0,0,1,3,0,0,0,0,EB,8,0D,0A,0D,0,0
1942,2026-05-20 16:22:32.546,0,0,59,0,0,0,1,3,0,0,0,0,EB,8,0D,0A
1943,2026-05-20 16:22:32.750,0D,0,0,0,0,59,0,0,0,1,3,0,0,0,0,EB
1944,2026-05-20 16:22:32.950,8,0D,0A,0D,0,0,0,0,58,0,0,0,1,3,0,0
1945,2026-05-20 16:22:33.166,0,0,EB,8,0D,0A,0D,0,0,0,0,58,0,0,0,1
1946,2026-05-20 16:22:33.375,3,0,0,0,0,EB,8,0D,0A,0D,0,0,0,0,58,0
1947,2026-05-20 16:22:33.584,0,0,1,3,0,0,0,0,EB,8,0D,0A,0D,0,0,0
1948,2026-05-20 16:22:33.792,0,58,0,0,0,1,3,0,0,0,0,EB,8,0D,0A,0D
1949,2026-05-20 16:22:33.801,0,0,0,0,58,0,0,0,1,3,0,0,0,0,EE,8
1950,2026-05-20 16:22:34.009,0D,0A,0D,0,0,0,0,58,0,0,0,1,3,0,0,0
1951,2026-05-20 16:22:34.218,0,E9,8,0D,0A,0D,0,0,0,0,58,0,0,0,1,3
1952,2026-05-20 16:22:34.426,0,0,0,0,EE,8,0D,0A,0D,0,0,0,0,58,0,0
1953,2026-05-20 16:22:34.635,0,1,3,0,0,0,0,EE,8,0D,0A,0D,0,0,0,0
1954,2026-05-20 16:22:34.845,58,0,0,0,1,3,0,0,0,0,EE,8,0D,0A,0D,0
1955,2026-05-20 16:22:34.864,0,0,0,58,0,0,0,1,3,0,0,0,0,EB,8,0D
1956,2026-05-20 16:22:35.061,0A,0D,0,0,0,0,58,0,0,0,1,3,0,0,0,0
1957,2026-05-20 16:22:35.258,EB,8,0D,0A,0D,0,0,0,0,58,0,0,0,1,3,0
1958,2026-05-20 16:22:35.477,0,0,0,EB,8,0D,0A,0D,0,0,0,0,58,0,0,0
1959,2026-05-20 16:22:35.677,1,3,0,0,0,0,EB,8,0D,0A,0D,0,0,0,0,58
1960,2026-05-20 16:22:35.896,0,0,0,1,3,0,0,0,0,EB,8,0D,0A,0D,0,0
1961,2026-05-20 16:22:35.908,0,0,58,0,0,0,1,3,0,0,0,0,EB,8,0D,0A
1962,2026-05-20 16:22:36.112,0D,0,0,0,0,58,0,0,0,1,3,0,0,0,0,EB
1963,2026-05-20 16:22:36.321,8,0D,0A,0D,0,0,0,0,58,0,0,0,1,3,0,0
1964,2026-05-20 16:22:36.527,0,0,EB,8,0D,0A,0D,0,0,0,0,58,0,0,0,1
1965,2026-05-20 16:22:36.725,3,0,0,0,0,EB,8,0D,0A,0D,0,0,0,0,58,0
1966,2026-05-20 16:22:36.947,0,0,1,3,0,0,0,0,EB,8,0D,0A,0D,0,0,0
1967,2026-05-20 16:22:37.142,0,58,0,0,0,1,3,0,0,0,0,EE,8,0D,0A,0D
1968,2026-05-20 16:22:37.168,0,0,0,0,58,0,0,0,1,3,0,0,0,0,EB,8
1969,2026-05-20 16:22:37.358,0D,0A,0D,0,0,0,0,59,0,0,0,1,3,0,0,0
1970,2026-05-20 16:22:37.579,0,EE,8,0D,0A,0D,0,0,0,0,59,0,0,0,1,3
1971,2026-05-20 16:22:37.780,0,0,0,0,EB,8,0D,0A,0D,0,0,0,0,59,0,0
1972,2026-05-20 16:22:37.992,0,1,3,0,0,0,0,EB,8,0D,0A,0D,0,0,0,0
1973,2026-05-20 16:22:38.192,59,0,0,0,1,3,0,0,0,0,EB,8,0D,0A,0D,0
1974,2026-05-20 16:22:38.216,0,0,0,59,0,0,0,1,3,0,0,0,0,EB,8,0D
1975,2026-05-20 16:22:38.409,0A,0D,0,0,0,0,59,0,0,0,1,3,0,0,0,0
1976,2026-05-20 16:22:38.626,EB,8,0D,0A,0D,0,0,0,0,59,0,0,0,1,3,0
1977,2026-05-20 16:22:38.841,0,0,0,EB,8,0D,0A,0D,0,0,0,0,59,0,0,0
1978,2026-05-20 16:22:39.046,1,3,0,0,0,0,EE,8,0D,0A,0D,0,0,0,0,59
1979,2026-05-20 16:22:39.257,0,0,0,1,3,0,0,0,0,EB,8,0D,0A,0D,0,0
1980,2026-05-20 16:22:39.267,0,0,59,0,0,0,1,3,0,0,0,0,EB,8,0D,0A
1981,2026-05-20 16:22:39.475,0D,0,0,0,0,59,0,0,0,1,3,0,0,0,0,EB
1982,2026-05-20 16:22:39.681,8,0D,0A,0D,0,0,0,0,59,0,0,0,1,3,0,0
1983,2026-05-20 16:22:39.892,0,0,EB,8,0D,0A,0D,0,0,0,0,59,0,0,0,1
1984,2026-05-20 16:22:40.093,3,0,0,0,0,F0,8,0D,0A,0D,0,0,0,0,59,0
1985,2026-05-20 16:22:40.307,0,0,1,3,0,0,0,0,EB,8,0D,0A,0D,0,0,0
1986,2026-05-20 16:22:40.509,0,59,0,0,0,1,3,0,0,0,0,EB,8,0D,0A,0D
1987,2026-05-20 16:22:40.534,0,0,0,0,59,0,0,0,1,3,0,0,0,0,EB,8
1988,2026-05-20 16:22:40.727,0D,0A,0D,0,0,0,0,59,0,0,0,1,3,0,0,0
1989,2026-05-20 16:22:40.942,0,EB,8,0D,0A,0D,0,0,0,0,59,0,0,0,1,3
1990,2026-05-20 16:22:41.142,0,0,0,0,EB,8,0D,0A,0D,0,0,0,0,59,0,0
1991,2026-05-20 16:22:41.358,0,1,3,0,0,0,0,EB,8,0D,0A,0D,0,0,0,0
1992,2026-05-20 16:22:41.559,59,0,0,0,1,3,0,0,0,0,EB,8,0D,0A,0D,0
1993,2026-05-20 16:22:41.579,0,0,0,59,0,0,0,1,3,0,0,0,0,EB,8,0D
1994,2026-05-20 16:22:41.784,0A,0D,0,0,0,0,58,0,0,0,1,3,0,0,0,0
1995,2026-05-20 16:22:41.991,EE,8,0D,0A,0D,0,0,0,0,59,0,0,0,1,3,0
1996,2026-05-20 16:22:42.192,0,0,0,EB,8,0D,0A,0D,0,0,0,0,58,0,0,0
1997,2026-05-20 16:22:42.409,1,3,0,0,0,0,EB,8,0D,0A,0D,0,0,0,0,59
1998,2026-05-20 16:22:42.609,0,0,0,1,3,0,0,0,0,EB,8,0D,0A,0D,0,0
1999,2026-05-20 16:22:42.629,0,0,58,0,0,0,1,3,0,0,0,0,EB,8,0D,0A
2000,2026-05-20 16:22:42.824,0D,0,0,0,0,59,0,0,0,1,3,0,0,0,0,EB
2001,2026-05-20 16:22:43.043,8,0D,0A,0D,0,0,0,0,58,0,0,0,1,3,0,0
2002,2026-05-20 16:22:43.243,0,0,EB,8,0D,0A,0D,0,0,0,0,59,0,0,0,1
2003,2026-05-20 16:22:43.459,3,0,0,0,0,EB,8,0D,0A,0D,0,0,0,0,58,0
2004,2026-05-20 16:22:43.659,0,0,1,3,0,0,0,0,EB,8,0D,0A,0D,0,0,0
2005,2026-05-20 16:22:43.875,0,59,0,0,0,1,3,0,0,0,0,EB,8,0D,0A,0D
2006,2026-05-20 16:22:43.901,0,0,0,0,58,0,0,0,1,3,0,0,0,0,EE,8
2007,2026-05-20 16:22:44.093,0D,0A,0D,0,0,0,0,59,0,0,0,1,3,0,0,0
2008,2026-05-20 16:22:44.308,0,EB,8,0D,0A,0D,0,0,0,0,58,0,0,0,1,3
2009,2026-05-20 16:22:44.509,0,0,0,0,EB,8,0D,0A,0D,0,0,0,0,59,0,0
2010,2026-05-20 16:22:44.724,0,1,3,0,0,0,0,EB,8,0D,0A,0D,0,0,0,0
2011,2026-05-20 16:22:44.926,58,0,0,0,1,3,0,0,0,0,EE,8,0D,0A,0D,0
2012,2026-05-20 16:22:44.945,0,0,0,59,0,0,0,1,3,0,0,0,0,EB,8,0D
2013,2026-05-20 16:22:45.151,0A,0D,0,0,0,0,58,0,0,0,1,3,0,0,0,0
2014,2026-05-20 16:22:45.357,EB,8,0D,0A,0D,0,0,0,0,59,0,0,0,1,3,0
2015,2026-05-20 16:22:45.559,0,0,0,EB,8,0D,0A,0D,0,0,0,0,58,0,0,0
2016,2026-05-20 16:22:45.774,1,3,0,0,0,0,EB,8,0D,0A,0D,0,0,0,0,59
2017,2026-05-20 16:22:45.975,0,0,0,1,3,0,0,0,0,EB,8,0D,0A,0D,0,0
2018,2026-05-20 16:22:45.996,0,0,58,0,0,0,1,3,0,0,0,0,EB,8,0D,0A
2019,2026-05-20 16:22:46.193,0D,0,0,0,0,59,0,0,0,1,3,0,0,0,0,EB
2020,2026-05-20 16:22:46.408,8,0D,0A,0D,0,0,0,0,58,0,0,0,1,3,0,0
2021,2026-05-20 16:22:46.609,0,0,EB,8,0D,0A,0D,0,0,0,0,59,0,0,0,1
2022,2026-05-20 16:22:46.836,3,0,0,0,0,EB,8,0D,0A,0D,0,0,0,0,58,0
2023,2026-05-20 16:22:47.026,0,0,1,3,0,0,0,0,EE,8,0D,0A,0D,0,0,0
2024,2026-05-20 16:22:47.242,0,59,0,0,0,1,3,0,0,0,0,E9,8,0D,0A,0D
2025,2026-05-20 16:22:47.260,0,0,0,0,58,0,0,0,1,3,0,0,0,0,EB,8
2026,2026-05-20 16:22:47.460,0D,0A,0D,0,0,0,0,59,0,0,0,1,3,0,0,0
2027,2026-05-20 16:22:47.659,0,EB,8,0D,0A,0D,0,0,0,0,58,0,0,0,1,3
2028,2026-05-20 16:22:47.876,0,0,0,0,EB,8,0D,0A,0D,0,0,0,0,59,0,0
2029,2026-05-20 16:22:48.075,0,1,3,0,0,0,0,EB,8,0D,0A,0D,0,0,0,0
2030,2026-05-20 16:22:48.292,58,0,0,0,1,3,0,0,0,0,EE,8,0D,0A,0D,0
2031,2026-05-20 16:22:48.306,0,0,0,59,0,0,0,1,3,0,0,0,0,EB,8,0D
2032,2026-05-20 16:22:48.508,0A,0D,0,0,0,0,58,0,0,0,1,3,0,0,0,0
2033,2026-05-20 16:22:48.709,EE,8,0D,0A,0D,0,0,0,0,59,0,0,0,1,3,0
2034,2026-05-20 16:22:48.926,0,0,0,EB,8,0D,0A,0D,0,0,0,0,58,0,0,0
2035,2026-05-20 16:22:49.125,1,3,0,0,0,0,EB,8,0D,0A,0D,0,0,0,0,59
2036,2026-05-20 16:22:49.344,0,0,0,1,3,0,0,0,0,EB,8,0D,0A,0D,0,0
2037,2026-05-20 16:22:49.375,0,0,58,0,0,0,1,3,0,0,0,0,EB,8,0D,0A
2038,2026-05-20 16:22:49.561,0D,0,0,0,0,59,0,0,0,1,3,0,0,0,0,EB
2039,2026-05-20 16:22:49.774,8,0D,0A,0D,0,0,0,0,58,0,0,0,1,3,0,0
2040,2026-05-20 16:22:49.976,0,0,EB,8,0D,0A,0D,0,0,0,0,59,0,0,0,1
2041,2026-05-20 16:22:50.192,3,0,0,0,0,EB,8,0D,0A,0D,0,0,0,0,58,0
2042,2026-05-20 16:22:50.393,0,0,1,3,0,0,0,0,EE,8,0D,0A,0D,0,0,0
2043,2026-05-20 16:22:50.608,0,59,0,0,0,1,3,0,0,0,0,E9,8,0D,0A,0D
2044,2026-05-20 16:22:50.615,0,0,0,0,58,0,0,0,1,3,0,0,0,0,EB,8
2045,2026-05-20 16:22:50.825,0D,0A,0D,0,0,0,0,58,0,0,0,1,3,0,0,0
2046,2026-05-20 16:22:51.026,0,EE,8,0D,0A,0D,0,0,0,0,58,0,0,0,1,3
2047,2026-05-20 16:22:51.243,0,0,0,0,EB,8,0D,0A,0D,0,0,0,0,59,0,0
2048,2026-05-20 16:22:51.459,0,1,3,0,0,0,0,EB,8,0D,0A,0D,0,0,0,0
2049,2026-05-20 16:22:51.658,58,0,0,0,1,3,0,0,0,0,EE,8,0D,0A,0D,0
2050,2026-05-20 16:22:51.669,0,0,0,58,0,0,0,1,3,0,0,0,0,EB,8,0D
2051,2026-05-20 16:22:51.876,0A,0D,0,0,0,0,58,0,0,0,1,3,0,0,0,0
2052,2026-05-20 16:22:52.076,EE,8,0D,0A,0D,0,0,0,0,58,0,0,0,1,3,0
2053,2026-05-20 16:22:52.294,0,0,0,EB,8,0D,0A,0D,0,0,0,0,58,0,0,0
2054,2026-05-20 16:22:52.494,1,3,0,0,0,0,EB,8,0D,0A,0D,0,0,0,0,59
2055,2026-05-20 16:22:52.708,0,0,0,1,3,0,0,0,0,EE,8,0D,0A,0D,0,0
2056,2026-05-20 16:22:52.726,0,0,58,0,0,0,1,3,0,0,0,0,EE,8,0D,0A
2057,2026-05-20 16:22:52.927,0D,0,0,0,0,59,0,0,0,1,3,0,0,0,0,EB
2058,2026-05-20 16:22:53.126,8,0D,0A,0D,0,0,0,0,58,0,0,0,1,3,0,0
2059,2026-05-20 16:22:53.345,0,0,EB,8,0D,0A,0D,0,0,0,0,59,0,0,0,1
2060,2026-05-20 16:22:53.542,3,0,0,0,0,EB,8,0D,0A,0D,0,0,0,0,58,0
2061,2026-05-20 16:22:53.758,0,0,1,3,0,0,0,0,EB,8,0D,0A,0D,0,0,0
2062,2026-05-20 16:22:53.959,0,59,0,0,0,1,3,0,0,0,0,EB,8,0D,0A,0D
2063,2026-05-20 16:22:53.981,0,0,0,0,58,0,0,0,1,3,0,0,0,0,EB,8
2064,2026-05-20 16:22:54.176,0D,0A,0D,0,0,0,0,59,0,0,0,1,3,0,0,0
2065,2026-05-20 16:22:54.397,0,EB,8,0D,0A,0D,0,0,0,0,58,0,0,0,1,3
2066,2026-05-20 16:22:54.597,0,0,0,0,EB,8,0D,0A,0D,0,0,0,0,59,0,0
2067,2026-05-20 16:22:54.809,0,1,3,0,0,0,0,EB,8,0D,0A,0D,0,0,0,0
2068,2026-05-20 16:22:55.023,58,0,0,0,1,3,0,0,0,0,EB,8,0D,0A,0D,0
2069,2026-05-20 16:22:55.031,0,0,0,59,0,0,0,1,3,0,0,0,0,EB,8,0D
2070,2026-05-20 16:22:55.227,0A,0D,0,0,0,0,59,0,0,0,1,3,0,0,0,0
2071,2026-05-20 16:22:55.443,EB,8,0D,0A,0D,0,0,0,0,59,0,0,0,1,3,0
2072,2026-05-20 16:22:55.643,0,0,0,EB,8,0D,0A,0D,0,0,0,0,58,0,0,0
2073,2026-05-20 16:22:55.859,1,3,0,0,0,0,EB,8,0D,0A,0D,0,0,0,0,59
2074,2026-05-20 16:22:56.075,0,0,0,1,3,0,0,0,0,EB,8,0D,0A,0D,0,0
2075,2026-05-20 16:22:56.079,0,0,58,0,0,0,1,3,0,0,0,0,EB,8,0D,0A
2076,2026-05-20 16:22:56.291,0D,0,0,0,0,59,0,0,0,1,3,0,0,0,0,EB
2077,2026-05-20 16:22:56.499,8,0D,0A,0D,0,0,0,0,58,0,0,0,1,3,0,0
2078,2026-05-20 16:22:56.709,0,0,EB,8,0D,0A,0D,0,0,0,0,59,0,0,0,1
2079,2026-05-20 16:22:56.908,3,0,0,0,0,EB,8,0D,0A,0D,0,0,0,0,58,0
2080,2026-05-20 16:22:57.124,0,0,1,3,0,0,0,0,EE,8,0D,0A,0D,0,0,0
2081,2026-05-20 16:22:57.334,0,59,0,0,0,1,3,0,0,0,0,EB,8,0D,0A,0D
2082,2026-05-20 16:22:57.354,0,0,0,0,58,0,0,0,1,3,0,0,0,0,EB,8
2083,2026-05-20 16:22:57.543,0D,0A,0D,0,0,0,0,59,0,0,0,1,3,0,0,0
2084,2026-05-20 16:22:57.759,0,EB,8,0D,0A,0D,0,0,0,0,59,0,0,0,1,3
2085,2026-05-20 16:22:57.960,0,0,0,0,EB,8,0D,0A,0D,0,0,0,0,59,0,0
2086,2026-05-20 16:22:58.175,0,1,3,0,0,0,0,E9,8,0D,0A,0D,0,0,0,0
2087,2026-05-20 16:22:58.376,58,0,0,0,1,3,0,0,0,0,EB,8,0D,0A,0D,0
2088,2026-05-20 16:22:58.399,0,0,0,59,0,0,0,1,3,0,0,0,0,EE,8,0D
2089,2026-05-20 16:22:58.602,0A,0D,0,0,0,0,58,0,0,0,1,3,0,0,0,0
2090,2026-05-20 16:22:58.808,EB,8,0D,0A,0D,0,0,0,0,59,0,0,0,1,3,0
2091,2026-05-20 16:22:59.021,0,0,0,EB,8,0D,0A,0D,0,0,0,0,58,0,0,0
2092,2026-05-20 16:22:59.226,1,3,0,0,0,0,EB,8,0D,0A,0D,0,0,0,0,58
2093,2026-05-20 16:22:59.426,0,0,0,1,3,0,0,0,0,EB,8,0D,0A,0D,0,0
2094,2026-05-20 16:22:59.448,0,0,58,0,0,0,1,3,0,0,0,0,EB,8,0D,0A
2095,2026-05-20 16:22:59.643,0D,0,0,0,0,59,0,0,0,1,3,0,0,0,0,EB
2096,2026-05-20 16:22:59.860,8,0D,0A,0D,0,0,0,0,58,0,0,0,1,3,0,0
2097,2026-05-20 16:23:00.059,0,0,EB,8,0D,0A,0D,0,0,0,0,58,0,0,0,1
2098,2026-05-20 16:23:00.278,3,0,0,0,0,EE,8,0D,0A,0D,0,0,0,0,58,0
2099,2026-05-20 16:23:00.476,0,0,1,3,0,0,0,0,EB,8,0D,0A,0D,0,0,0
2100,2026-05-20 16:23:00.699,0,58,0,0,0,1,3,0,0,0,0,EB,8,0D,0A,0D
2101,2026-05-20 16:23:00.721,0,0,0,0,58,0,0,0,1,3,0,0,0,0,EB,8
2102,2026-05-20 16:23:00.910,0D,0A,0D,0,0,0,0,58,0,0,0,1,3,0,0,0
2103,2026-05-20 16:23:01.109,0,EB,8,0D,0A,0D,0,0,0,0,58,0,0,0,1,3
2104,2026-05-20 16:23:01.326,0,0,0,0,EB,8,0D,0A,0D,0,0,0,0,58,0,0
2105,2026-05-20 16:23:01.542,0,1,3,0,0,0,0,EE,8,0D,0A,0D,0,0,0,0
2106,2026-05-20 16:23:01.743,59,0,0,0,1,3,0,0,0,0,EB,8,0D,0A,0D,0
2107,2026-05-20 16:23:01.762,0,0,0,58,0,0,0,1,3,0,0,0,0,EB,8,0D
2108,2026-05-20 16:23:01.960,0A,0D,0,0,0,0,58,0,0,0,1,3,0,0,0,0
2109,2026-05-20 16:23:02.175,EB,8,0D,0A,0D,0,0,0,0,58,0,0,0,1,3,0
2110,2026-05-20 16:23:02.375,0,0,0,EE,8,0D,0A,0D,0,0,0,0,57,0,0,0
2111,2026-05-20 16:23:02.592,1,3,0,0,0,0,EB,8,0D,0A,0D,0,0,0,0,58
2112,2026-05-20 16:23:02.793,0,0,0,1,3,0,0,0,0,EB,8,0D,0A,0D,0,0
2113,2026-05-20 16:23:02.823,0,0,58,0,0,0,1,3,0,0,0,0,EB,8,0D,0A
2114,2026-05-20 16:23:03.019,0D,0,0,0,0,57,0,0,0,1,3,0,0,0,0,EB
2115,2026-05-20 16:23:03.227,8,0D,0A,0D,0,0,0,0,57,0,0,0,1,3,0,0
2116,2026-05-20 16:23:03.426,0,0,EB,8,0D,0A,0D,0,0,0,0,57,0,0,0,1
2117,2026-05-20 16:23:03.644,3,0,0,0,0,EB,8,0D,0A,0D,0,0,0,0,57,0
2118,2026-05-20 16:23:03.844,0,0,1,3,0,0,0,0,EB,8,0D,0A,0D,0,0,0
2119,2026-05-20 16:23:04.060,0,57,0,0,0,1,3,0,0,0,0,EB,8,0D,0A,0D
2120,2026-05-20 16:23:04.060,0,0,0,0,57,0,0,0,1,3,0,0,0,0,EB,8
2121,2026-05-20 16:23:04.276,0D,0A,0D,0,0,0,0,57,0,0,0,1,3,0,0,0
2122,2026-05-20 16:23:04.477,0,EB,8,0D,0A,0D,0,0,0,0,57,0,0,0,1,3
2123,2026-05-20 16:23:04.684,0,0,0,0,EB,8,0D,0A,0D,0,0,0,0,57,0,0
2124,2026-05-20 16:23:04.899,0,1,3,0,0,0,0,EB,8,0D,0A,0D,0,0,0,0
2125,2026-05-20 16:23:05.111,57,0,0,0,1,3,0,0,0,0,EB,8,0D,0A,0D,0
2126,2026-05-20 16:23:05.119,0,0,0,58,0,0,0,1,3,0,0,0,0,EB,8,0D
2127,2026-05-20 16:23:05.331,0A,0D,0,0,0,0,57,0,0,0,1,3,0,0,0,0
2128,2026-05-20 16:23:05.534,F0,8,0D,0A,0D,0,0,0,0,58,0,0,0,1,3,0
2129,2026-05-20 16:23:05.745,0,0,0,EB,8,0D,0A,0D,0,0,0,0,57,0,0,0
2130,2026-05-20 16:23:05.959,1,3,0,0,0,0,EB,8,0D,0A,0D,0,0,0,0,57
2131,2026-05-20 16:23:06.151,0,0,0,1,3,0,0,0,0,EB,8,0D,0A,0D,0,0
2132,2026-05-20 16:23:06.170,0,0,57,0,0,0,1,3,0,0,0,0,EB,8,0D,0A
2133,2026-05-20 16:23:06.379,0D,0,0,0,0,57,0,0,0,1,3,0,0,0,0,EB
2134,2026-05-20 16:23:06.590,8,0D,0A,0D,0,0,0,0,57,0,0,0,1,3,0,0
2135,2026-05-20 16:23:06.794,0,0,EB,8,0D,0A,0D,0,0,0,0,57,0,0,0,1
2136,2026-05-20 16:23:06.994,3,0,0,0,0,EB,8,0D,0A,0D,0,0,0,0,57,0
2137,2026-05-20 16:23:07.211,0,0,1,3,0,0,0,0,EE,8,0D,0A,0D,0,0,0
2138,2026-05-20 16:23:07.425,0,58,0,0,0,1,3,0,0,0,0,EE,8,0D,0A,0D
2139,2026-05-20 16:23:07.425,0,0,0,0,58,0,0,0,1,3,0,0,0,0,EE,8
2140,2026-05-20 16:23:07.627,0D,0A,0D,0,0,0,0,59,0,0,0,1,3,0,0,0
2141,2026-05-20 16:23:07.843,0,EB,8,0D,0A,0D,0,0,0,0,59,0,0,0,1,3
2142,2026-05-20 16:23:08.058,0,0,0,0,EB,8,0D,0A,0D,0,0,0,0,59,0,0
2143,2026-05-20 16:23:08.260,0,1,3,0,0,0,0,EE,8,0D,0A,0D,0,0,0,0
2144,2026-05-20 16:23:08.475,59,0,0,0,1,3,0,0,0,0,EB,8,0D,0A,0D,0
2145,2026-05-20 16:23:08.485,0,0,0,59,0,0,0,1,3,0,0,0,0,EB,8,0D
2146,2026-05-20 16:23:08.684,0A,0D,0,0,0,0,59,0,0,0,1,3,0,0,0,0
2147,2026-05-20 16:23:08.900,EB,8,0D,0A,0D,0,0,0,0,59,0,0,0,1,3,0
2148,2026-05-20 16:23:09.110,0,0,0,E9,8,0D,0A,0D,0,0,0,0,59,0,0,0
2149,2026-05-20 16:23:09.313,1,3,0,0,0,0,EB,8,0D,0A,0D,0,0,0,0,59
2150,2026-05-20 16:23:09.526,0,0,0,1,3,0,0,0,0,EB,8,0D,0A,0D,0,0
2151,2026-05-20 16:23:09.536,0,0,59,0,0,0,1,3,0,0,0,0,EE,8,0D,0A
2152,2026-05-20 16:23:09.743,0D,0,0,0,0,59,0,0,0,1,3,0,0,0,0,EB
2153,2026-05-20 16:23:09.943,8,0D,0A,0D,0,0,0,0,59,0,0,0,1,3,0,0
2154,2026-05-20 16:23:10.173,0,0,EB,8,0D,0A,0D,0,0,0,0,59,0,0,0,1
2155,2026-05-20 16:23:10.360,3,0,0,0,0,EB,8,0D,0A,0D,0,0,0,0,59,0
2156,2026-05-20 16:23:10.575,0,0,1,3,0,0,0,0,EE,8,0D,0A,0D,0,0,0
2157,2026-05-20 16:23:10.777,0,59,0,0,0,1,3,0,0,0,0,EB,8,0D,0A,0D
2158,2026-05-20 16:23:10.792,0,0,0,0,59,0,0,0,1,3,0,0,0,0,EB,8
2159,2026-05-20 16:23:10.994,0D,0A,0D,0,0,0,0,59,0,0,0,1,3,0,0,0
2160,2026-05-20 16:23:11.210,0,EB,8,0D,0A,0D,0,0,0,0,59,0,0,0,1,3
2161,2026-05-20 16:23:11.415,0,0,0,0,EB,8,0D,0A,0D,0,0,0,0,59,0,0
2162,2026-05-20 16:23:11.627,0,1,3,0,0,0,0,EB,8,0D,0A,0D,0,0,0,0
2163,2026-05-20 16:23:11.826,59,0,0,0,1,3,0,0,0,0,EB,8,0D,0A,0D,0
2164,2026-05-20 16:23:11.842,0,0,0,59,0,0,0,1,3,0,0,0,0,EB,8,0D
2165,2026-05-20 16:23:12.044,0A,0D,0,0,0,0,59,0,0,0,1,3,0,0,0,0
2166,2026-05-20 16:23:12.260,EB,8,0D,0A,0D,0,0,0,0,59,0,0,0,1,3,0
2167,2026-05-20 16:23:12.476,0,0,0,EB,8,0D,0A,0D,0,0,0,0,59,0,0,0
2168,2026-05-20 16:23:12.676,1,3,0,0,0,0,EB,8,0D,0A,0D,0,0,0,0,59
2169,2026-05-20 16:23:12.877,0,0,0,1,3,0,0,0,0,EB,8,0D,0A,0D,0,0
2170,2026-05-20 16:23:12.902,0,0,59,0,0,0,1,3,0,0,0,0,EB,8,0D,0A
2171,2026-05-20 16:23:13.094,0D,0,0,0,0,59,0,0,0,1,3,0,0,0,0,EB
2172,2026-05-20 16:23:13.318,8,0D,0A,0D,0,0,0,0,59,0,0,0,1,3,0,0
2173,2026-05-20 16:23:13.525,0,0,EB,8,0D,0A,0D,0,0,0,0,59,0,0,0,1
2174,2026-05-20 16:23:13.727,3,0,0,0,0,EB,8,0D,0A,0D,0,0,0,0,59,0
2175,2026-05-20 16:23:13.942,0,0,1,3,0,0,0,0,EB,8,0D,0A,0D,0,0,0
2176,2026-05-20 16:23:14.144,0,59,0,0,0,1,3,0,0,0,0,EB,8,0D,0A,0D
2177,2026-05-20 16:23:14.160,0,0,0,0,59,0,0,0,1,3,0,0,0,0,EB,8
2178,2026-05-20 16:23:14.368,0D,0A,0D,0,0,0,0,59,0,0,0,1,3,0,0,0
2179,2026-05-20 16:23:14.576,0,EB,8,0D,0A,0D,0,0,0,0,59,0,0,0,1,3
2180,2026-05-20 16:23:14.776,0,0,0,0,EB,8,0D,0A,0D,0,0,0,0,59,0,0
2181,2026-05-20 16:23:14.992,0,1,3,0,0,0,0,EB,8,0D,0A,0D,0,0,0,0
2182,2026-05-20 16:23:15.193,59,0,0,0,1,3,0,0,0,0,EB,8,0D,0A,0D,0
2183,2026-05-20 16:23:15.209,0,0,0,59,0,0,0,1,3,0,0,0,0,EB,8,0D
2184,2026-05-20 16:23:15.419,0A,0D,0,0,0,0,59,0,0,0,1,3,0,0,0,0
2185,2026-05-20 16:23:15.625,EB,8,0D,0A,0D,0,0,0,0,59,0,0,0,1,3,0
2186,2026-05-20 16:23:15.833,0,0,0,EE,8,0D,0A,0D,0,0,0,0,59,0,0,0
2187,2026-05-20 16:23:16.044,1,3,0,0,0,0,EB,8,0D,0A,0D,0,0,0,0,59
2188,2026-05-20 16:23:16.243,0,0,0,1,3,0,0,0,0,EB,8,0D,0A,0D,0,0
2189,2026-05-20 16:23:16.272,0,0,59,0,0,0,1,3,0,0,0,0,EB,8,0D,0A
2190,2026-05-20 16:23:16.477,0D,0,0,0,0,59,0,0,0,1,3,0,0,0,0,EB
2191,2026-05-20 16:23:16.677,8,0D,0A,0D,0,0,0,0,59,0,0,0,1,3,0,0
2192,2026-05-20 16:23:16.877,0,0,EB,8,0D,0A,0D,0,0,0,0,59,0,0,0,1
2193,2026-05-20 16:23:17.094,3,0,0,0,0,EE,8,0D,0A,0D,0,0,0,0,59,0
2194,2026-05-20 16:23:17.293,0,0,1,3,0,0,0,0,EB,8,0D,0A,0D,0,0,0
2195,2026-05-20 16:23:17.510,0,59,0,0,0,1,3,0,0,0,0,EB,8,0D,0A,0D
2196,2026-05-20 16:23:17.529,0,0,0,0,59,0,0,0,1,3,0,0,0,0,EB,8
2197,2026-05-20 16:23:17.727,0D,0A,0D,0,0,0,0,59,0,0,0,1,3,0,0,0
2198,2026-05-20 16:23:17.927,0,EB,8,0D,0A,0D,0,0,0,0,59,0,0,0,1,3
2199,2026-05-20 16:23:18.149,0,0,0,0,EE,8,0D,0A,0D,0,0,0,0,59,0,0
2200,2026-05-20 16:23:18.343,0,1,3,0,0,0,0,EE,8,0D,0A,0D,0,0,0,0
2201,2026-05-20 16:23:18.560,59,0,0,0,1,3,0,0,0,0,EB,8,0D,0A,0D,0
2202,2026-05-20 16:23:18.588,0,0,0,59,0,0,0,1,3,0,0,0,0,EB,8,0D
2203,2026-05-20 16:23:18.779,0A,0D,0,0,0,0,59,0,0,0,1,3,0,0,0,0
2204,2026-05-20 16:23:18.992,EB,8,0D,0A,0D,0,0,0,0,59,0,0,0,1,3,0
2205,2026-05-20 16:23:19.193,0,0,0,EB,8,0D,0A,0D,0,0,0,0,59,0,0,0
2206,2026-05-20 16:23:19.409,1,3,0,0,0,0,EB,8,0D,0A,0D,0,0,0,0,59
2207,2026-05-20 16:23:19.610,0,0,0,1,3,0,0,0,0,EB,8,0D,0A,0D,0,0
2208,2026-05-20 16:23:19.636,0,0,59,0,0,0,1,3,0,0,0,0,EB,8,0D,0A
2209,2026-05-20 16:23:19.827,0D,0,0,0,0,59,0,0,0,1,3,0,0,0,0,EE
2210,2026-05-20 16:23:20.043,8,0D,0A,0D,0,0,0,0,59,0,0,0,1,3,0,0
2211,2026-05-20 16:23:20.243,0,0,EB,8,0D,0A,0D,0,0,0,0,59,0,0,0,1
2212,2026-05-20 16:23:20.459,3,0,0,0,0,EB,8,0D,0A,0D,0,0,0,0,59,0
2213,2026-05-20 16:23:20.660,0,0,1,3,0,0,0,0,EE,8,0D,0A,0D,0,0,0
2214,2026-05-20 16:23:20.878,0,59,0,0,0,1,3,0,0,0,0,EB,8,0D,0A,0D
2215,2026-05-20 16:23:20.889,0,0,0,0,59,0,0,0,1,3,0,0,0,0,EB,8
2216,2026-05-20 16:23:21.080,0D,0A,0D,0,0,0,0,59,0,0,0,1,3,0,0,0
2217,2026-05-20 16:23:21.293,0,E9,8,0D,0A,0D,0,0,0,0,59,0,0,0,1,3
2218,2026-05-20 16:23:21.510,0,0,0,0,EB,8,0D,0A,0D,0,0,0,0,59,0,0
2219,2026-05-20 16:23:21.710,0,1,3,0,0,0,0,EE,8,0D,0A,0D,0,0,0,0
2220,2026-05-20 16:23:21.927,59,0,0,0,1,3,0,0,0,0,EB,8,0D,0A,0D,0
2221,2026-05-20 16:23:21.938,0,0,0,59,0,0,0,1,3,0,0,0,0,EE,8,0D
2222,2026-05-20 16:23:22.143,0A,0D,0,0,0,0,59,0,0,0,1,3,0,0,0,0
2223,2026-05-20 16:23:22.343,EB,8,0D,0A,0D,0,0,0,0,59,0,0,0,1,3,0
2224,2026-05-20 16:23:22.560,0,0,0,EE,8,0D,0A,0D,0,0,0,0,59,0,0,0
2225,2026-05-20 16:23:22.761,1,3,0,0,0,0,EB,8,0D,0A,0D,0,0,0,0,59
2226,2026-05-20 16:23:22.977,0,0,0,1,3,0,0,0,0,EB,8,0D,0A,0D,0,0
2227,2026-05-20 16:23:22.989,0,0,59,0,0,0,1,3,0,0,0,0,EB,8,0D,0A
2228,2026-05-20 16:23:23.197,0D,0,0,0,0,59,0,0,0,1,3,0,0,0,0,EE
2229,2026-05-20 16:23:23.397,8,0D,0A,0D,0,0,0,0,59,0,0,0,1,3,0,0
2230,2026-05-20 16:23:23.611,0,0,EB,8,0D,0A,0D,0,0,0,0,59,0,0,0,1
2231,2026-05-20 16:23:23.811,3,0,0,0,0,EB,8,0D,0A,0D,0,0,0,0,59,0
2232,2026-05-20 16:23:24.027,0,0,1,3,0,0,0,0,EB,8,0D,0A,0D,0,0,0
2233,2026-05-20 16:23:24.227,0,59,0,0,0,1,3,0,0,0,0,EB,8,0D,0A,0D
2234,2026-05-20 16:23:24.253,0,0,0,0,59,0,0,0,1,3,0,0,0,0,EB,8
2235,2026-05-20 16:23:24.444,0D,0A,0D,0,0,0,0,59,0,0,0,1,3,0,0,0
2236,2026-05-20 16:23:24.661,0,EB,8,0D,0A,0D,0,0,0,0,59,0,0,0,1,3
2237,2026-05-20 16:23:24.860,0,0,0,0,EE,8,0D,0A,0D,0,0,0,0,59,0,0
2238,2026-05-20 16:23:25.084,0,1,3,0,0,0,0,EB,8,0D,0A,0D,0,0,0,0
2239,2026-05-20 16:23:25.292,59,0,0,0,1,3,0,0,0,0,EB,8,0D,0A,0D,0
2240,2026-05-20 16:23:25.292,0,0,0,59,0,0,0,1,3,0,0,0,0,EB,8,0D
2241,2026-05-20 16:23:25.509,0A,0D,0,0,0,0,59,0,0,0,1,3,0,0,0,0
2242,2026-05-20 16:23:25.711,EB,8,0D,0A,0D,0,0,0,0,59,0,0,0,1,3,0
2243,2026-05-20 16:23:25.926,0,0,0,EB,8,0D,0A,0D,0,0,0,0,59,0,0,0
2244,2026-05-20 16:23:26.130,1,3,0,0,0,0,EB,8,0D,0A,0D,0,0,0,0,59
2245,2026-05-20 16:23:26.342,0,0,0,1,3,0,0,0,0,EB,8,0D,0A,0D,0,0
2246,2026-05-20 16:23:26.349,0,0,59,0,0,0,1,3,0,0,0,0,EB,8,0D,0A
2247,2026-05-20 16:23:26.560,0D,0,0,0,0,59,0,0,0,1,3,0,0,0,0,EB
2248,2026-05-20 16:23:26.761,8,0D,0A,0D,0,0,0,0,59,0,0,0,1,3,0,0
2249,2026-05-20 16:23:26.975,0,0,EB,8,0D,0A,0D,0,0,0,0,59,0,0,0,1
2250,2026-05-20 16:23:27.177,3,0,0,0,0,EB,8,0D,0A,0D,0,0,0,0,59,0
2251,2026-05-20 16:23:27.393,0,0,1,3,0,0,0,0,E9,8,0D,0A,0D,0,0,0
2252,2026-05-20 16:23:27.593,0,59,0,0,0,1,3,0,0,0,0,EB,8,0D,0A,0D
2253,2026-05-20 16:23:27.619,0,0,0,0,59,0,0,0,1,3,0,0,0,0,EB,8
2254,2026-05-20 16:23:27.811,0D,0A,0D,0,0,0,0,59,0,0,0,1,3,0,0,0
2255,2026-05-20 16:23:28.028,0,EB,8,0D,0A,0D,0,0,0,0,59,0,0,0,1,3
2256,2026-05-20 16:23:28.232,0,0,0,0,EB,8,0D,0A,0D,0,0,0,0,59,0,0
2257,2026-05-20 16:23:28.444,0,1,3,0,0,0,0,EB,8,0D,0A,0D,0,0,0,0
2258,2026-05-20 16:23:28.644,59,0,0,0,1,3,0,0,0,0,EB,8,0D,0A,0D,0
2259,2026-05-20 16:23:28.665,0,0,0,59,0,0,0,1,3,0,0,0,0,EE,8,0D
2260,2026-05-20 16:23:28.860,0A,0D,0,0,0,0,59,0,0,0,1,3,0,0,0,0
2261,2026-05-20 16:23:29.077,EB,8,0D,0A,0D,0,0,0,0,59,0,0,0,1,3,0
2262,2026-05-20 16:23:29.277,0,0,0,EB,8,0D,0A,0D,0,0,0,0,59,0,0,0
2263,2026-05-20 16:23:29.493,1,3,0,0,0,0,EB,8,0D,0A,0D,0,0,0,0,59
2264,2026-05-20 16:23:29.694,0,0,0,1,3,0,0,0,0,EB,8,0D,0A,0D,0,0
2265,2026-05-20 16:23:29.709,0,0,59,0,0,0,1,3,0,0,0,0,EE,8,0D,0A
2266,2026-05-20 16:23:29.926,0D,0,0,0,0,59,0,0,0,1,3,0,0,0,0,EB
2267,2026-05-20 16:23:30.128,8,0D,0A,0D,0,0,0,0,59,0,0,0,1,3,0,0
2268,2026-05-20 16:23:30.334,0,0,EB,8,0D,0A,0D,0,0,0,0,59,0,0,0,1
2269,2026-05-20 16:23:30.544,3,0,0,0,0,EB,8,0D,0A,0D,0,0,0,0,59,0
2270,2026-05-20 16:23:30.759,0,0,1,3,0,0,0,0,EB,8,0D,0A,0D,0,0,0
2271,2026-05-20 16:23:30.962,0,59,0,0,0,1,3,0,0,0,0,EB,8,0D,0A,0D
2272,2026-05-20 16:23:30.962,0,0,0,0,59,0,0,0,1,3,0,0,0,0,EB,8
2273,2026-05-20 16:23:31.179,0D,0A,0D,0,0,0,0,59,0,0,0,1,3,0,0,0
2274,2026-05-20 16:23:31.378,0,EB,8,0D,0A,0D,0,0,0,0,59,0,0,0,1,3
2275,2026-05-20 16:23:31.594,0,0,0,0,EB,8,0D,0A,0D,0,0,0,0,59,0,0
2276,2026-05-20 16:23:31.809,0,1,3,0,0,0,0,EB,8,0D,0A,0D,0,0,0,0
2277,2026-05-20 16:23:32.020,59,0,0,0,1,3,0,0,0,0,EB,8,0D,0A,0D,0
2278,2026-05-20 16:23:32.039,0,0,0,59,0,0,0,1,3,0,0,0,0,EB,8,0D
2279,2026-05-20 16:23:32.236,0A,0D,0,0,0,0,59,0,0,0,1,3,0,0,0,0
2280,2026-05-20 16:23:32.442,EB,8,0D,0A,0D,0,0,0,0,59,0,0,0,1,3,0
2281,2026-05-20 16:23:32.644,0,0,0,EE,8,0D,0A,0D,0,0,0,0,59,0,0,0
2282,2026-05-20 16:23:32.859,1,3,0,0,0,0,EB,8,0D,0A,0D,0,0,0,0,59
2283,2026-05-20 16:23:33.061,0,0,0,1,3,0,0,0,0,EB,8,0D,0A,0D,0,0
2284,2026-05-20 16:23:33.092,0,0,59,0,0,0,1,3,0,0,0,0,EB,8,0D,0A
2285,2026-05-20 16:23:33.279,0D,0,0,0,0,59,0,0,0,1,3,0,0,0,0,EB
2286,2026-05-20 16:23:33.493,8,0D,0A,0D,0,0,0,0,59,0,0,0,1,3,0,0
2287,2026-05-20 16:23:33.694,0,0,EB,8,0D,0A,0D,0,0,0,0,58,0,0,0,1
2288,2026-05-20 16:23:33.910,3,0,0,0,0,EB,8,0D,0A,0D,0,0,0,0,57,0
2289,2026-05-20 16:23:34.111,0,0,1,3,0,0,0,0,EB,8,0D,0A,0D,0,0,0
2290,2026-05-20 16:23:34.327,0,57,0,0,0,1,3,0,0,0,0,EB,8,0D,0A,0D
2291,2026-05-20 16:23:34.343,0,0,0,0,57,0,0,0,1,3,0,0,0,0,EB,8
2292,2026-05-20 16:23:34.544,0D,0A,0D,0,0,0,0,57,0,0,0,1,3,0,0,0
2293,2026-05-20 16:23:34.744,0,EB,8,0D,0A,0D,0,0,0,0,58,0,0,0,1,3
2294,2026-05-20 16:23:34.961,0,0,0,0,EB,8,0D,0A,0D,0,0,0,0,58,0,0
2295,2026-05-20 16:23:35.161,0,1,3,0,0,0,0,EB,8,0D,0A,0D,0,0,0,0
2296,2026-05-20 16:23:35.376,58,0,0,0,1,3,0,0,0,0,EB,8,0D,0A,0D,0
2297,2026-05-20 16:23:35.376,0,0,0,58,0,0,0,1,3,0,0,0,0,EB,8,0D
2298,2026-05-20 16:23:35.596,0A,0D,0,0,0,0,58,0,0,0,1,3,0,0,0,0
2299,2026-05-20 16:23:35.794,E9,8,0D,0A,0D,0,0,0,0,59,0,0,0,1,3,0
2300,2026-05-20 16:23:36.017,0,0,0,EB,8,0D,0A,0D,0,0,0,0,59,0,0,0
2301,2026-05-20 16:23:36.210,1,3,0,0,0,0,EB,8,0D,0A,0D,0,0,0,0,59
2302,2026-05-20 16:23:36.427,0,0,0,1,3,0,0,0,0,EB,8,0D,0A,0D,0,0
2303,2026-05-20 16:23:36.453,0,0,59,0,0,0,1,3,0,0,0,0,EB,8,0D,0A
2304,2026-05-20 16:23:36.647,0D,0,0,0,0,59,0,0,0,1,3,0,0,0,0,EB
2305,2026-05-20 16:23:36.860,8,0D,0A,0D,0,0,0,0,59,0,0,0,1,3,0,0
2306,2026-05-20 16:23:37.060,0,0,EB,8,0D,0A,0D,0,0,0,0,59,0,0,0,1
2307,2026-05-20 16:23:37.280,3,0,0,0,0,EE,8,0D,0A,0D,0,0,0,0,59,0
2308,2026-05-20 16:23:37.477,0,0,1,3,0,0,0,0,EB,8,0D,0A,0D,0,0,0
2309,2026-05-20 16:23:37.693,0,59,0,0,0,1,3,0,0,0,0,EB,8,0D,0A,0D
2310,2026-05-20 16:23:37.703,0,0,0,0,59,0,0,0,1,3,0,0,0,0,EB,8
2311,2026-05-20 16:23:37.910,0D,0A,0D,0,0,0,0,59,0,0,0,1,3,0,0,0
2312,2026-05-20 16:23:38.111,0,EB,8,0D,0A,0D,0,0,0,0,59,0,0,0,1,3
2313,2026-05-20 16:23:38.326,0,0,0,0,EB,8,0D,0A,0D,0,0,0,0,59,0,0
2314,2026-05-20 16:23:38.527,0,1,3,0,0,0,0,EE,8,0D,0A,0D,0,0,0,0
2315,2026-05-20 16:23:38.751,58,0,0,0,1,3,0,0,0,0,E9,8,0D,0A,0D,0
2316,2026-05-20 16:23:38.763,0,0,0,58,0,0,0,1,3,0,0,0,0,EB,8,0D
2317,2026-05-20 16:23:38.963,0A,0D,0,0,0,0,58,0,0,0,1,3,0,0,0,0
2318,2026-05-20 16:23:39.161,EE,8,0D,0A,0D,0,0,0,0,58,0,0,0,1,3,0
2319,2026-05-20 16:23:39.377,0,0,0,EB,8,0D,0A,0D,0,0,0,0,59,0,0,0
2320,2026-05-20 16:23:39.577,1,3,0,0,0,0,EB,8,0D,0A,0D,0,0,0,0,59
2321,2026-05-20 16:23:39.794,0,0,0,1,3,0,0,0,0,EB,8,0D,0A,0D,0,0
2322,2026-05-20 16:23:39.815,0,0,59,0,0,0,1,3,0,0,0,0,EB,8,0D,0A
2323,2026-05-20 16:23:40.014,0D,0,0,0,0,59,0,0,0,1,3,0,0,0,0,EB
2324,2026-05-20 16:23:40.211,8,0D,0A,0D,0,0,0,0,59,0,0,0,1,3,0,0
2325,2026-05-20 16:23:40.427,0,0,EB,8,0D,0A,0D,0,0,0,0,59,0,0,0,1
2326,2026-05-20 16:23:40.630,3,0,0,0,0,EB,8,0D,0A,0D,0,0,0,0,59,0
2327,2026-05-20 16:23:40.845,0,0,1,3,0,0,0,0,EE,8,0D,0A,0D,0,0,0
2328,2026-05-20 16:23:41.046,0,58,0,0,0,1,3,0,0,0,0,EB,8,0D,0A,0D
2329,2026-05-20 16:23:41.061,0,0,0,0,58,0,0,0,1,3,0,0,0,0,EB,8
2330,2026-05-20 16:23:41.262,0D,0A,0D,0,0,0,0,58,0,0,0,1,3,0,0,0
2331,2026-05-20 16:23:41.478,0,EB,8,0D,0A,0D,0,0,0,0,58,0,0,0,1,3
2332,2026-05-20 16:23:41.678,0,0,0,0,EB,8,0D,0A,0D,0,0,0,0,58,0,0
2333,2026-05-20 16:23:41.894,0,1,3,0,0,0,0,EE,8,0D,0A,0D,0,0,0,0
2334,2026-05-20 16:23:42.110,58,0,0,0,1,3,0,0,0,0,EB,8,0D,0A,0D,0
2335,2026-05-20 16:23:42.119,0,0,0,58,0,0,0,1,3,0,0,0,0,EB,8,0D
2336,2026-05-20 16:23:42.318,0A,0D,0,0,0,0,58,0,0,0,1,3,0,0,0,0
2337,2026-05-20 16:23:42.528,EB,8,0D,0A,0D,0,0,0,0,58,0,0,0,1,3,0
2338,2026-05-20 16:23:42.744,0,0,0,EE,8,0D,0A,0D,0,0,0,0,58,0,0,0
2339,2026-05-20 16:23:42.948,1,3,0,0,0,0,EB,8,0D,0A,0D,0,0,0,0,59
2340,2026-05-20 16:23:43.160,0,0,0,1,3,0,0,0,0,E9,8,0D,0A,0D,0,0
2341,2026-05-20 16:23:43.168,0,0,59,0,0,0,1,3,0,0,0,0,EB,8,0D,0A
2342,2026-05-20 16:23:43.364,0D,0,0,0,0,59,0,0,0,1,3,0,0,0,0,EB
2343,2026-05-20 16:23:43.577,8,0D,0A,0D,0,0,0,0,58,0,0,0,1,3,0,0
2344,2026-05-20 16:23:43.794,0,0,EB,8,0D,0A,0D,0,0,0,0,59,0,0,0,1
2345,2026-05-20 16:23:43.994,3,0,0,0,0,EB,8,0D,0A,0D,0,0,0,0,59,0
2346,2026-05-20 16:23:44.210,0,0,1,3,0,0,0,0,EB,8,0D,0A,0D,0,0,0
2347,2026-05-20 16:23:44.411,0,58,0,0,0,1,3,0,0,0,0,EB,8,0D,0A,0D
2348,2026-05-20 16:23:44.426,0,0,0,0,58,0,0,0,1,3,0,0,0,0,EB,8
2349,2026-05-20 16:23:44.628,0D,0A,0D,0,0,0,0,58,0,0,0,1,3,0,0,0
2350,2026-05-20 16:23:44.842,0,EB,8,0D,0A,0D,0,0,0,0,59,0,0,0,1,3
2351,2026-05-20 16:23:45.050,0,0,0,0,EB,8,0D,0A,0D,0,0,0,0,58,0,0
2352,2026-05-20 16:23:45.265,0,1,3,0,0,0,0,EB,8,0D,0A,0D,0,0,0,0
2353,2026-05-20 16:23:45.460,58,0,0,0,1,3,0,0,0,0,EB,8,0D,0A,0D,0
2354,2026-05-20 16:23:45.476,0,0,0,59,0,0,0,1,3,0,0,0,0,EB,8,0D
2355,2026-05-20 16:23:45.679,0A,0D,0,0,0,0,59,0,0,0,1,3,0,0,0,0
2356,2026-05-20 16:23:45.894,EB,8,0D,0A,0D,0,0,0,0,59,0,0,0,1,3,0
2357,2026-05-20 16:23:46.094,0,0,0,EB,8,0D,0A,0D,0,0,0,0,59,0,0,0
2358,2026-05-20 16:23:46.311,1,3,0,0,0,0,EB,8,0D,0A,0D,0,0,0,0,59
2359,2026-05-20 16:23:46.511,0,0,0,1,3,0,0,0,0,EB,8,0D,0A,0D,0,0
2360,2026-05-20 16:23:46.535,0,0,59,0,0,0,1,3,0,0,0,0,EB,8,0D,0A
2361,2026-05-20 16:23:46.728,0D,0,0,0,0,59,0,0,0,1,3,0,0,0,0,EB
2362,2026-05-20 16:23:46.944,8,0D,0A,0D,0,0,0,0,58,0,0,0,1,3,0,0
2363,2026-05-20 16:23:47.152,0,0,EE,8,0D,0A,0D,0,0,0,0,59,0,0,0,1
2364,2026-05-20 16:23:47.361,3,0,0,0,0,EB,8,0D,0A,0D,0,0,0,0,59,0
2365,2026-05-20 16:23:47.561,0,0,1,3,0,0,0,0,EB,8,0D,0A,0D,0,0,0
2366,2026-05-20 16:23:47.781,0,59,0,0,0,1,3,0,0,0,0,EE,8,0D,0A,0D
2367,2026-05-20 16:23:47.789,0,0,0,0,58,0,0,0,1,3,0,0,0,0,E9,8
2368,2026-05-20 16:23:47.997,0D,0A,0D,0,0,0,0,58,0,0,0,1,3,0,0,0
2369,2026-05-20 16:23:48.210,0,EB,8,0D,0A,0D,0,0,0,0,58,0,0,0,1,3
2370,2026-05-20 16:23:48.411,0,0,0,0,EB,8,0D,0A,0D,0,0,0,0,59,0,0
2371,2026-05-20 16:23:48.627,0,1,3,0,0,0,0,EB,8,0D,0A,0D,0,0,0,0
2372,2026-05-20 16:23:48.827,59,0,0,0,1,3,0,0,0,0,EB,8,0D,0A,0D,0
2373,2026-05-20 16:23:48.848,0,0,0,59,0,0,0,1,3,0,0,0,0,EB,8,0D
2374,2026-05-20 16:23:49.045,0A,0D,0,0,0,0,59,0,0,0,1,3,0,0,0,0
2375,2026-05-20 16:23:49.259,EB,8,0D,0A,0D,0,0,0,0,59,0,0,0,1,3,0
2376,2026-05-20 16:23:49.461,0,0,0,EB,8,0D,0A,0D,0,0,0,0,59,0,0,0
2377,2026-05-20 16:23:49.686,1,3,0,0,0,0,EB,8,0D,0A,0D,0,0,0,0,59
2378,2026-05-20 16:23:49.878,0,0,0,1,3,0,0,0,0,EB,8,0D,0A,0D,0,0
2379,2026-05-20 16:23:49.896,0,0,59,0,0,0,1,3,0,0,0,0,EB,8,0D,0A
2380,2026-05-20 16:23:50.097,0D,0,0,0,0,59,0,0,0,1,3,0,0,0,0,EB
2381,2026-05-20 16:23:50.311,8,0D,0A,0D,0,0,0,0,59,0,0,0,1,3,0,0
2382,2026-05-20 16:23:50.511,0,0,EB,8,0D,0A,0D,0,0,0,0,59,0,0,0,1
2383,2026-05-20 16:23:50.728,3,0,0,0,0,EB,8,0D,0A,0D,0,0,0,0,58,0
2384,2026-05-20 16:23:50.928,0,0,1,3,0,0,0,0,EB,8,0D,0A,0D,0,0,0
2385,2026-05-20 16:23:51.144,0,59,0,0,0,1,3,0,0,0,0,EB,8,0D,0A,0D
2386,2026-05-20 16:23:51.159,0,0,0,0,58,0,0,0,1,3,0,0,0,0,EE,8
2387,2026-05-20 16:23:51.359,0D,0A,0D,0,0,0,0,58,0,0,0,1,3,0,0,0
2388,2026-05-20 16:23:51.561,0,EB,8,0D,0A,0D,0,0,0,0,57,0,0,0,1,3
2389,2026-05-20 16:23:51.778,0,0,0,0,EB,8,0D,0A,0D,0,0,0,0,57,0,0
2390,2026-05-20 16:23:51.978,0,1,3,0,0,0,0,EB,8,0D,0A,0D,0,0,0,0
2391,2026-05-20 16:23:52.195,57,0,0,0,1,3,0,0,0,0,EB,8,0D,0A,0D,0
2392,2026-05-20 16:23:52.219,0,0,0,58,0,0,0,1,3,0,0,0,0,EB,8,0D
2393,2026-05-20 16:23:52.415,0A,0D,0,0,0,0,57,0,0,0,1,3,0,0,0,0
2394,2026-05-20 16:23:52.611,EB,8,0D,0A,0D,0,0,0,0,58,0,0,0,1,3,0
2395,2026-05-20 16:23:52.830,0,0,0,EB,8,0D,0A,0D,0,0,0,0,57,0,0,0
2396,2026-05-20 16:23:53.028,1,3,0,0,0,0,EE,8,0D,0A,0D,0,0,0,0,58
2397,2026-05-20 16:23:53.245,0,0,0,1,3,0,0,0,0,EE,8,0D,0A,0D,0,0
2398,2026-05-20 16:23:53.265,0,0,58,0,0,0,1,3,0,0,0,0,EB,8,0D,0A
2399,2026-05-20 16:23:53.462,0D,0,0,0,0,58,0,0,0,1,3,0,0,0,0,EB
2400,2026-05-20 16:23:53.676,8,0D,0A,0D,0,0,0,0,58,0,0,0,1,3,0,0
2401,2026-05-20 16:23:53.879,0,0,EB,8,0D,0A,0D,0,0,0,0,58,0,0,0,1
2402,2026-05-20 16:23:54.094,3,0,0,0,0,EE,8,0D,0A,0D,0,0,0,0,58,0
2403,2026-05-20 16:23:54.297,0,0,1,3,0,0,0,0,EB,8,0D,0A,0D,0,0,0
2404,2026-05-20 16:23:54.511,0,58,0,0,0,1,3,0,0,0,0,EB,8,0D,0A,0D
2405,2026-05-20 16:23:54.511,0,0,0,0,57,0,0,0,1,3,0,0,0,0,EB,8
2406,2026-05-20 16:23:54.728,0D,0A,0D,0,0,0,0,58,0,0,0,1,3,0,0,0
2407,2026-05-20 16:23:54.928,0,EB,8,0D,0A,0D,0,0,0,0,57,0,0,0,1,3
2408,2026-05-20 16:23:55.143,0,0,0,0,EB,8,0D,0A,0D,0,0,0,0,58,0,0
2409,2026-05-20 16:23:55.345,0,1,3,0,0,0,0,E9,8,0D,0A,0D,0,0,0,0
2410,2026-05-20 16:23:55.562,58,0,0,0,1,3,0,0,0,0,EB,8,0D,0A,0D,0
2411,2026-05-20 16:23:55.571,0,0,0,58,0,0,0,1,3,0,0,0,0,EB,8,0D
2412,2026-05-20 16:23:55.780,0A,0D,0,0,0,0,58,0,0,0,1,3,0,0,0,0
2413,2026-05-20 16:23:55.978,EB,8,0D,0A,0D,0,0,0,0,58,0,0,0,1,3,0
2414,2026-05-20 16:23:56.195,0,0,0,EB,8,0D,0A,0D,0,0,0,0,57,0,0,0
2415,2026-05-20 16:23:56.394,1,3,0,0,0,0,EE,8,0D,0A,0D,0,0,0,0,58
2416,2026-05-20 16:23:56.611,0,0,0,1,3,0,0,0,0,EB,8,0D,0A,0D,0,0
2417,2026-05-20 16:23:56.619,0,0,57,0,0,0,1,3,0,0,0,0,EB,8,0D,0A
2418,2026-05-20 16:23:56.830,0D,0,0,0,0,58,0,0,0,1,3,0,0,0,0,EE
2419,2026-05-20 16:23:57.028,8,0D,0A,0D,0,0,0,0,57,0,0,0,1,3,0,0
2420,2026-05-20 16:23:57.245,0,0,EB,8,0D,0A,0D,0,0,0,0,58,0,0,0,1
2421,2026-05-20 16:23:57.445,3,0,0,0,0,EB,8,0D,0A,0D,0,0,0,0,57,0
2422,2026-05-20 16:23:57.664,0,0,1,3,0,0,0,0,EE,8,0D,0A,0D,0,0,0
2423,2026-05-20 16:23:57.864,0,58,0,0,0,1,3,0,0,0,0,E9,8,0D,0A,0D
2424,2026-05-20 16:23:57.877,0,0,0,0,57,0,0,0,1,3,0,0,0,0,EE,8
2425,2026-05-20 16:23:58.080,0D,0A,0D,0,0,0,0,58,0,0,0,1,3,0,0,0
2426,2026-05-20 16:23:58.295,0,EE,8,0D,0A,0D,0,0,0,0,57,0,0,0,1,3
2427,2026-05-20 16:23:58.495,0,0,0,0,EB,8,0D,0A,0D,0,0,0,0,58,0,0
2428,2026-05-20 16:23:58.716,0,1,3,0,0,0,0,EB,8,0D,0A,0D,0,0,0,0
2429,2026-05-20 16:23:58.927,57,0,0,0,1,3,0,0,0,0,EE,8,0D,0A,0D,0
2430,2026-05-20 16:23:58.943,0,0,0,58,0,0,0,1,3,0,0,0,0,EB,8,0D
2431,2026-05-20 16:23:59.132,0A,0D,0,0,0,0,57,0,0,0,1,3,0,0,0,0
2432,2026-05-20 16:23:59.345,EE,8,0D,0A,0D,0,0,0,0,58,0,0,0,1,3,0
2433,2026-05-20 16:23:59.561,0,0,0,EB,8,0D,0A,0D,0,0,0,0,57,0,0,0
2434,2026-05-20 16:23:59.766,1,3,0,0,0,0,EE,8,0D,0A,0D,0,0,0,0,58
2435,2026-05-20 16:23:59.979,0,0,0,1,3,0,0,0,0,EE,8,0D,0A,0D,0,0
2436,2026-05-20 16:23:59.993,0,0,57,0,0,0,1,3,0,0,0,0,EE,8,0D,0A
2437,2026-05-20 16:24:00.195,0D,0,0,0,0,58,0,0,0,1,3,0,0,0,0,EB
2438,2026-05-20 16:24:00.394,8,0D,0A,0D,0,0,0,0,57,0,0,0,1,3,0,0
2439,2026-05-20 16:24:00.609,0,0,EB,8,0D,0A,0D,0,0,0,0,58,0,0,0,1
2440,2026-05-20 16:24:00.811,3,0,0,0,0,EB,8,0D,0A,0D,0,0,0,0,57,0
2441,2026-05-20 16:24:01.028,0,0,1,3,0,0,0,0,EE,8,0D,0A,0D,0,0,0
2442,2026-05-20 16:24:01.228,0,58,0,0,0,1,3,0,0,0,0,EB,8,0D,0A,0D
2443,2026-05-20 16:24:01.248,0,0,0,0,58,0,0,0,1,3,0,0,0,0,EB,8
2444,2026-05-20 16:24:01.447,0D,0A,0D,0,0,0,0,58,0,0,0,1,3,0,0,0
2445,2026-05-20 16:24:01.660,0,EB,8,0D,0A,0D,0,0,0,0,58,0,0,0,1,3
2446,2026-05-20 16:24:01.869,0,0,0,0,EB,8,0D,0A,0D,0,0,0,0,59,0,0
2447,2026-05-20 16:24:02.079,0,1,3,0,0,0,0,EB,8,0D,0A,0D,0,0,0,0
2448,2026-05-20 16:24:02.278,58,0,0,0,1,3,0,0,0,0,EE,8,0D,0A,0D,0
2449,2026-05-20 16:24:02.298,0,0,0,58,0,0,0,1,3,0,0,0,0,EE,8,0D
2450,2026-05-20 16:24:02.495,0A,0D,0,0,0,0,58,0,0,0,1,3,0,0,0,0
2451,2026-05-20 16:24:02.713,EE,8,0D,0A,0D,0,0,0,0,58,0,0,0,1,3,0
2452,2026-05-20 16:24:02.917,0,0,0,EB,8,0D,0A,0D,0,0,0,0,58,0,0,0
2453,2026-05-20 16:24:03.128,1,3,0,0,0,0,EE,8,0D,0A,0D,0,0,0,0,58
2454,2026-05-20 16:24:03.329,0,0,0,1,3,0,0,0,0,EB,8,0D,0A,0D,0,0
2455,2026-05-20 16:24:03.349,0,0,58,0,0,0,1,3,0,0,0,0,EB,8,0D,0A
2456,2026-05-20 16:24:03.555,0D,0,0,0,0,58,0,0,0,1,3,0,0,0,0,EB
2457,2026-05-20 16:24:03.762,8,0D,0A,0D,0,0,0,0,58,0,0,0,1,3,0,0
2458,2026-05-20 16:24:03.971,0,0,EE,8,0D,0A,0D,0,0,0,0,58,0,0,0,1
2459,2026-05-20 16:24:04.179,3,0,0,0,0,EB,8,0D,0A,0D,0,0,0,0,58,0
2460,2026-05-20 16:24:04.378,0,0,1,3,0,0,0,0,EB,8,0D,0A,0D,0,0,0
2461,2026-05-20 16:24:04.595,0,58,0,0,0,1,3,0,0,0,0,EE,8,0D,0A,0D
2462,2026-05-20 16:24:04.616,0,0,0,0,58,0,0,0,1,3,0,0,0,0,EE,8
2463,2026-05-20 16:24:04.813,0D,0A,0D,0,0,0,0,58,0,0,0,1,3,0,0,0
2464,2026-05-20 16:24:05.027,0,EB,8,0D,0A,0D,0,0,0,0,58,0,0,0,1,3
2465,2026-05-20 16:24:05.229,0,0,0,0,EB,8,0D,0A,0D,0,0,0,0,58,0,0
2466,2026-05-20 16:24:05.444,0,1,3,0,0,0,0,EE,8,0D,0A,0D,0,0,0,0
2467,2026-05-20 16:24:05.644,58,0,0,0,1,3,0,0,0,0,EE,8,0D,0A,0D,0
2468,2026-05-20 16:24:05.670,0,0,0,58,0,0,0,1,3,0,0,0,0,EB,8,0D
2469,2026-05-20 16:24:05.863,0A,0D,0,0,0,0,58,0,0,0,1,3,0,0,0,0
2470,2026-05-20 16:24:06.078,EB,8,0D,0A,0D,0,0,0,0,58,0,0,0,1,3,0
2471,2026-05-20 16:24:06.279,0,0,0,EB,8,0D,0A,0D,0,0,0,0,58,0,0,0
2472,2026-05-20 16:24:06.480,1,3,0,0,0,0,EB,8,0D,0A,0D,0,0,0,0,58
2473,2026-05-20 16:24:06.700,0,0,0,1,3,0,0,0,0,EB,8,0D,0A,0D,0,0
2474,2026-05-20 16:24:06.723,0,0,58,0,0,0,1,3,0,0,0,0,EB,8,0D,0A
2475,2026-05-20 16:24:06.918,0D,0,0,0,0,58,0,0,0,1,3,0,0,0,0,EB
2476,2026-05-20 16:24:07.127,8,0D,0A,0D,0,0,0,0,58,0,0,0,1,3,0,0
2477,2026-05-20 16:24:07.326,0,0,EE,8,0D,0A,0D,0,0,0,0,58,0,0,0,1
2478,2026-05-20 16:24:07.545,3,0,0,0,0,EB,8,0D,0A,0D,0,0,0,0,58,0
2479,2026-05-20 16:24:07.746,0,0,1,3,0,0,0,0,EB,8,0D,0A,0D,0,0,0
2480,2026-05-20 16:24:07.963,0,58,0,0,0,1,3,0,0,0,0,EB,8,0D,0A,0D
2481,2026-05-20 16:24:07.967,0,0,0,0,58,0,0,0,1,3,0,0,0,0,EB,8
2482,2026-05-20 16:24:08.179,0D,0A,0D,0,0,0,0,58,0,0,0,1,3,0,0,0
2483,2026-05-20 16:24:08.392,0,EB,8,0D,0A,0D,0,0,0,0,58,0,0,0,1,3
2484,2026-05-20 16:24:08.595,0,0,0,0,EE,8,0D,0A,0D,0,0,0,0,58,0,0
2485,2026-05-20 16:24:08.796,0,1,3,0,0,0,0,EB,8,0D,0A,0D,0,0,0,0
2486,2026-05-20 16:24:09.016,58,0,0,0,1,3,0,0,0,0,EB,8,0D,0A,0D,0
2487,2026-05-20 16:24:09.024,0,0,0,59,0,0,0,1,3,0,0,0,0,EB,8,0D
2488,2026-05-20 16:24:09.230,0A,0D,0,0,0,0,59,0,0,0,1,3,0,0,0,0
2489,2026-05-20 16:24:09.428,EB,8,0D,0A,0D,0,0,0,0,58,0,0,0,1,3,0
2490,2026-05-20 16:24:09.645,0,0,0,EB,8,0D,0A,0D,0,0,0,0,58,0,0,0
2491,2026-05-20 16:24:09.859,1,3,0,0,0,0,E9,8,0D,0A,0D,0,0,0,0,58
2492,2026-05-20 16:24:10.053,0,0,0,1,3,0,0,0,0,EB,8,0D,0A,0D,0,0
2493,2026-05-20 16:24:10.070,0,0,58,0,0,0,1,3,0,0,0,0,EB,8,0D,0A
2494,2026-05-20 16:24:10.278,0D,0,0,0,0,58,0,0,0,1,3,0,0,0,0,EB
2495,2026-05-20 16:24:10.489,8,0D,0A,0D,0,0,0,0,58,0,0,0,1,3,0,0
2496,2026-05-20 16:24:10.702,0,0,EB,8,0D,0A,0D,0,0,0,0,58,0,0,0,1
2497,2026-05-20 16:24:10.895,3,0,0,0,0,EE,8,0D,0A,0D,0,0,0,0,58,0
2498,2026-05-20 16:24:11.116,0,0,1,3,0,0,0,0,EE,8,0D,0A,0D,0,0,0
2499,2026-05-20 16:24:11.327,0,58,0,0,0,1,3,0,0,0,0,EB,8,0D,0A,0D
2500,2026-05-20 16:24:11.341,0,0,0,0,58,0,0,0,1,3,0,0,0,0,EB,8
2501,2026-05-20 16:24:11.544,0D,0A,0D,0,0,0,0,57,0,0,0,1,3,0,0,0
2502,2026-05-20 16:24:11.746,0,EE,8,0D,0A,0D,0,0,0,0,58,0,0,0,1,3
2503,2026-05-20 16:24:11.961,0,0,0,0,EB,8,0D,0A,0D,0,0,0,0,58,0,0
2504,2026-05-20 16:24:12.162,0,1,3,0,0,0,0,EB,8,0D,0A,0D,0,0,0,0
2505,2026-05-20 16:24:12.378,57,0,0,0,1,3,0,0,0,0,E9,8,0D,0A,0D,0
2506,2026-05-20 16:24:12.389,0,0,0,57,0,0,0,1,3,0,0,0,0,EB,8,0D
2507,2026-05-20 16:24:12.595,0A,0D,0,0,0,0,57,0,0,0,1,3,0,0,0,0
2508,2026-05-20 16:24:12.797,EB,8,0D,0A,0D,0,0,0,0,57,0,0,0,1,3,0
2509,2026-05-20 16:24:13.013,0,0,0,EB,8,0D,0A,0D,0,0,0,0,57,0,0,0
2510,2026-05-20 16:24:13.212,1,3,0,0,0,0,EB,8,0D,0A,0D,0,0,0,0,58
2511,2026-05-20 16:24:13.428,0,0,0,1,3,0,0,0,0,EB,8,0D,0A,0D,0,0
2512,2026-05-20 16:24:13.444,0,0,57,0,0,0,1,3,0,0,0,0,EB,8,0D,0A
2513,2026-05-20 16:24:13.647,0D,0,0,0,0,57,0,0,0,1,3,0,0,0,0,EB
2514,2026-05-20 16:24:13.844,8,0D,0A,0D,0,0,0,0,58,0,0,0,1,3,0,0
2515,2026-05-20 16:24:14.062,0,0,EB,8,0D,0A,0D,0,0,0,0,57,0,0,0,1
2516,2026-05-20 16:24:14.262,3,0,0,0,0,EB,8,0D,0A,0D,0,0,0,0,57,0
2517,2026-05-20 16:24:14.482,0,0,1,3,0,0,0,0,EB,8,0D,0A,0D,0,0,0
2518,2026-05-20 16:24:14.682,0,57,0,0,0,1,3,0,0,0,0,EB,8,0D,0A,0D
2519,2026-05-20 16:24:14.701,0,0,0,0,57,0,0,0,1,3,0,0,0,0,EB,8
2520,2026-05-20 16:24:14.897,0D,0A,0D,0,0,0,0,57,0,0,0,1,3,0,0,0
2521,2026-05-20 16:24:15.112,0,EE,8,0D,0A,0D,0,0,0,0,57,0,0,0,1,3
2522,2026-05-20 16:24:15.312,0,0,0,0,EB,8,0D,0A,0D,0,0,0,0,57,0,0
2523,2026-05-20 16:24:15.528,0,1,3,0,0,0,0,EB,8,0D,0A,0D,0,0,0,0
2524,2026-05-20 16:24:15.731,57,0,0,0,1,3,0,0,0,0,EB,8,0D,0A,0D,0
2525,2026-05-20 16:24:15.750,0,0,0,57,0,0,0,1,3,0,0,0,0,EB,8,0D
2526,2026-05-20 16:24:15.946,0A,0D,0,0,0,0,57,0,0,0,1,3,0,0,0,0
2527,2026-05-20 16:24:16.162,EB,8,0D,0A,0D,0,0,0,0,57,0,0,0,1,3,0
2528,2026-05-20 16:24:16.362,0,0,0,EB,8,0D,0A,0D,0,0,0,0,58,0,0,0
2529,2026-05-20 16:24:16.584,1,3,0,0,0,0,E9,8,0D,0A,0D,0,0,0,0,57
2530,2026-05-20 16:24:16.785,0,0,0,1,3,0,0,0,0,EE,8,0D,0A,0D,0,0
2531,2026-05-20 16:24:16.806,0,0,58,0,0,0,1,3,0,0,0,0,EB,8,0D,0A
2532,2026-05-20 16:24:17.011,0D,0,0,0,0,57,0,0,0,1,3,0,0,0,0,EE
2533,2026-05-20 16:24:17.212,8,0D,0A,0D,0,0,0,0,58,0,0,0,1,3,0,0
2534,2026-05-20 16:24:17.428,0,0,EB,8,0D,0A,0D,0,0,0,0,58,0,0,0,1
2535,2026-05-20 16:24:17.628,3,0,0,0,0,EB,8,0D,0A,0D,0,0,0,0,58,0
2536,2026-05-20 16:24:17.831,0,0,1,3,0,0,0,0,EB,8,0D,0A,0D,0,0,0
2537,2026-05-20 16:24:18.055,0,58,0,0,0,1,3,0,0,0,0,EB,8,0D,0A,0D
2538,2026-05-20 16:24:18.162,0,0,0,0,59,0,0,0,1,3,0,0,0,0,EE,8
2539,2026-05-20 16:24:18.295,0D,0A,0D,0,0,0,0,58,0,0,0,1,3,0,0,0
2540,2026-05-20 16:24:18.524,0,EB,8,0D,0A,0D,0,0,0,0,59,0,0,0,1,3
2541,2026-05-20 16:24:18.765,0,0,0,0,EB,8,0D,0A,0D,0,0,0,0,58,0,0
2542,2026-05-20 16:24:18.993,0,1,3,0,0,0,0,EE,8,0D,0A,0D,0,0,0,0
2543,2026-05-20 16:24:19.160,59,0,0,0,1,3,0,0,0,0,EB,8,0D,0A,0D,0
2544,2026-05-20 16:24:19.198,0,0,0,58,0,0,0,1,3,0,0,0,0,EB,8,0D
2545,2026-05-20 16:24:19.383,0A,0D,0,0,0,0,58,0,0,0,1,3,0,0,0,0
2546,2026-05-20 16:24:19.530,EB,8,0D,0A,0D,0,0,0,0,58,0,0,0,1,3,0
2547,2026-05-20 16:24:19.740,0,0,0,EE,8,0D,0A,0D,0,0,0,0,59,0,0,0
2548,2026-05-20 16:24:19.945,1,3,0,0,0,0,EB,8,0D,0A,0D,0,0,0,0,58
2549,2026-05-20 16:24:20.156,0,0,0,1,3,0,0,0,0,EB,8,0D,0A,0D,0,0
2550,2026-05-20 16:24:20.161,0,0,59,0,0,0,1,3,0,0,0,0,EB,8,0D,0A
2551,2026-05-20 16:24:20.374,0D,0,0,0,0,58,0,0,0,1,3,0,0,0,0,EE
2552,2026-05-20 16:24:20.582,8,0D,0A,0D,0,0,0,0,59,0,0,0,1,3,0,0
2553,2026-05-20 16:24:20.789,0,0,EB,8,0D,0A,0D,0,0,0,0,58,0,0,0,1
2554,2026-05-20 16:24:21.000,3,0,0,0,0,EB,8,0D,0A,0D,0,0,0,0,59,0
2555,2026-05-20 16:24:21.211,0,0,1,3,0,0,0,0,EE,8,0D,0A,0D,0,0,0
2556,2026-05-20 16:24:21.410,0,58,0,0,0,1,3,0,0,0,0,EB,8,0D,0A,0D
2557,2026-05-20 16:24:21.428,0,0,0,0,59,0,0,0,1,3,0,0,0,0,EB,8
2558,2026-05-20 16:24:21.622,0D,0A,0D,0,0,0,0,58,0,0,0,1,3,0,0,0
2559,2026-05-20 16:24:21.840,0,EB,8,0D,0A,0D,0,0,0,0,59,0,0,0,1,3
2560,2026-05-20 16:24:22.052,0,0,0,0,EB,8,0D,0A,0D,0,0,0,0,58,0,0
2561,2026-05-20 16:24:22.253,0,1,3,0,0,0,0,EB,8,0D,0A,0D,0,0,0,0
2562,2026-05-20 16:24:22.469,59,0,0,0,1,3,0,0,0,0,EB,8,0D,0A,0D,0
2563,2026-05-20 16:24:22.478,0,0,0,58,0,0,0,1,3,0,0,0,0,EE,8,0D
2564,2026-05-20 16:24:22.686,0A,0D,0,0,0,0,59,0,0,0,1,3,0,0,0,0
2565,2026-05-20 16:24:22.894,EB,8,0D,0A,0D,0,0,0,0,59,0,0,0,1,3,0
2566,2026-05-20 16:24:23.099,0,0,0,EE,8,0D,0A,0D,0,0,0,0,59,0,0,0
2567,2026-05-20 16:24:23.306,1,3,0,0,0,0,EB,8,0D,0A,0D,0,0,0,0,59
2568,2026-05-20 16:24:23.517,0,0,0,1,3,0,0,0,0,EE,8,0D,0A,0D,0,0
2569,2026-05-20 16:24:23.533,0,0,59,0,0,0,1,3,0,0,0,0,EB,8,0D,0A
2570,2026-05-20 16:24:23.736,0D,0,0,0,0,59,0,0,0,1,3,0,0,0,0,EB
2571,2026-05-20 16:24:23.932,8,0D,0A,0D,0,0,0,0,59,0,0,0,1,3,0,0
2572,2026-05-20 16:24:24.156,0,0,EB,8,0D,0A,0D,0,0,0,0,59,0,0,0,1
2573,2026-05-20 16:24:24.360,3,0,0,0,0,EB,8,0D,0A,0D,0,0,0,0,59,0
2574,2026-05-20 16:24:24.567,0,0,1,3,0,0,0,0,EB,8,0D,0A,0D,0,0,0
2575,2026-05-20 16:24:24.769,0,59,0,0,0,1,3,0,0,0,0,EB,8,0D,0A,0D
2576,2026-05-20 16:24:24.785,0,0,0,0,59,0,0,0,1,3,0,0,0,0,EB,8
2577,2026-05-20 16:24:24.994,0D,0A,0D,0,0,0,0,58,0,0,0,1,3,0,0,0
2578,2026-05-20 16:24:25.206,0,EE,8,0D,0A,0D,0,0,0,0,58,0,0,0,1,3
2579,2026-05-20 16:24:25.403,0,0,0,0,EB,8,0D,0A,0D,0,0,0,0,59,0,0
2580,2026-05-20 16:24:25.613,0,1,3,0,0,0,0,E9,8,0D,0A,0D,0,0,0,0
2581,2026-05-20 16:24:25.828,59,0,0,0,1,3,0,0,0,0,EB,8,0D,0A,0D,0
2582,2026-05-20 16:24:25.836,0,0,0,59,0,0,0,1,3,0,0,0,0,EB,8,0D
2583,2026-05-20 16:24:26.036,0A,0D,0,0,0,0,59,0,0,0,1,3,0,0,0,0
2584,2026-05-20 16:24:26.254,E9,8,0D,0A,0D,0,0,0,0,59,0,0,0,1,3,0
2585,2026-05-20 16:24:26.465,0,0,0,EB,8,0D,0A,0D,0,0,0,0,58,0,0,0
2586,2026-05-20 16:24:26.664,1,3,0,0,0,0,EB,8,0D,0A,0D,0,0,0,0,58
2587,2026-05-20 16:24:26.884,0,0,0,1,3,0,0,0,0,EE,8,0D,0A,0D,0,0
2588,2026-05-20 16:24:26.896,0,0,58,0,0,0,1,3,0,0,0,0,EB,8,0D,0A
2589,2026-05-20 16:24:27.101,0D,0,0,0,0,59,0,0,0,1,3,0,0,0,0,EB
2590,2026-05-20 16:24:27.297,8,0D,0A,0D,0,0,0,0,58,0,0,0,1,3,0,0
2591,2026-05-20 16:24:27.512,0,0,EB,8,0D,0A,0D,0,0,0,0,58,0,0,0,1
2592,2026-05-20 16:24:27.714,3,0,0,0,0,EB,8,0D,0A,0D,0,0,0,0,58,0
2593,2026-05-20 16:24:27.933,0,0,1,3,0,0,0,0,EB,8,0D,0A,0D,0,0,0
2594,2026-05-20 16:24:28.133,0,58,0,0,0,1,3,0,0,0,0,EE,8,0D,0A,0D
2595,2026-05-20 16:24:28.162,0,0,0,0,58,0,0,0,1,3,0,0,0,0,EB,8
2596,2026-05-20 16:24:28.353,0D,0A,0D,0,0,0,0,59,0,0,0,1,3,0,0,0
2597,2026-05-20 16:24:28.563,0,EE,8,0D,0A,0D,0,0,0,0,59,0,0,0,1,3
2598,2026-05-20 16:24:28.764,0,0,0,0,EB,8,0D,0A,0D,0,0,0,0,59,0,0
2599,2026-05-20 16:24:28.978,0,1,3,0,0,0,0,EB,8,0D,0A,0D,0,0,0,0
2600,2026-05-20 16:24:29.184,5A,0,0,0,1,3,0,0,0,0,EB,8,0D,0A,0D,0
2601,2026-05-20 16:24:29.208,0,0,0,58,0,0,0,1,3,0,0,0,0,EB,8,0D
2602,2026-05-20 16:24:29.400,0A,0D,0,0,0,0,59,0,0,0,1,3,0,0,0,0
2603,2026-05-20 16:24:29.618,EB,8,0D,0A,0D,0,0,0,0,59,0,0,0,1,3,0
2604,2026-05-20 16:24:29.830,0,0,0,EB,8,0D,0A,0D,0,0,0,0,58,0,0,0
2605,2026-05-20 16:24:30.030,1,3,0,0,0,0,EB,8,0D,0A,0D,0,0,0,0,58
2606,2026-05-20 16:24:30.235,0,0,0,1,3,0,0,0,0,EB,8,0D,0A,0D,0,0
2607,2026-05-20 16:24:30.251,0,0,59,0,0,0,1,3,0,0,0,0,EB,8,0D,0A
2608,2026-05-20 16:24:30.463,0D,0,0,0,0,5A,0,0,0,1,3,0,0,0,0,EB
2609,2026-05-20 16:24:30.663,8,0D,0A,0D,0,0,0,0,5A,0,0,0,1,3,0,0
2610,2026-05-20 16:24:30.868,0,0,EE,8,0D,0A,0D,0,0,0,0,5A,0,0,0,1
2611,2026-05-20 16:24:31.080,3,0,0,0,0,EB,8,0D,0A,0D,0,0,0,0,5A,0
2612,2026-05-20 16:24:31.286,0,0,1,3,0,0,0,0,EB,8,0D,0A,0D,0,0,0
2613,2026-05-20 16:24:31.502,0,5A,0,0,0,1,3,0,0,0,0,EB,8,0D,0A,0D
2614,2026-05-20 16:24:31.524,0,0,0,0,5A,0,0,0,1,3,0,0,0,0,EB,8
2615,2026-05-20 16:24:31.714,0D,0A,0D,0,0,0,0,5A,0,0,0,1,3,0,0,0
2616,2026-05-20 16:24:31.932,0,EB,8,0D,0A,0D,0,0,0,0,59,0,0,0,1,3
2617,2026-05-20 16:24:32.130,0,0,0,0,EE,8,0D,0A,0D,0,0,0,0,59,0,0
2618,2026-05-20 16:24:32.351,0,1,3,0,0,0,0,EB,8,0D,0A,0D,0,0,0,0
2619,2026-05-20 16:24:32.547,5A,0,0,0,1,3,0,0,0,0,E9,8,0D,0A,0D,0
2620,2026-05-20 16:24:32.568,0,0,0,59,0,0,0,1,3,0,0,0,0,EB,8,0D
2621,2026-05-20 16:24:32.764,0A,0D,0,0,0,0,59,0,0,0,1,3,0,0,0,0
2622,2026-05-20 16:24:32.979,EB,8,0D,0A,0D,0,0,0,0,59,0,0,0,1,3,0
2623,2026-05-20 16:24:33.179,0,0,0,EB,8,0D,0A,0D,0,0,0,0,58,0,0,0
2624,2026-05-20 16:24:33.399,1,3,0,0,0,0,EE,8,0D,0A,0D,0,0,0,0,57
2625,2026-05-20 16:24:33.604,0,0,0,1,3,0,0,0,0,EB,8,0D,0A,0D,0,0
2626,2026-05-20 16:24:33.613,0,0,56,0,0,0,1,3,0,0,0,0,EE,8,0D,0A
2627,2026-05-20 16:24:33.816,0D,0,0,0,0,57,0,0,0,1,3,0,0,0,0,EE
2628,2026-05-20 16:24:34.031,8,0D,0A,0D,0,0,0,0,55,0,0,0,1,3,0,0
2629,2026-05-20 16:24:34.245,0,0,EB,8,0D,0A,0D,0,0,0,0,56,0,0,0,1
2630,2026-05-20 16:24:34.453,3,0,0,0,0,EB,8,0D,0A,0D,0,0,0,0,56,0
2631,2026-05-20 16:24:34.663,0,0,1,3,0,0,0,0,EB,8,0D,0A,0D,0,0,0
2632,2026-05-20 16:24:34.871,0,56,0,0,0,1,3,0,0,0,0,EB,8,0D,0A,0D
2633,2026-05-20 16:24:34.897,0,0,0,0,56,0,0,0,1,3,0,0,0,0,EB,8
2634,2026-05-20 16:24:35.082,0D,0A,0D,0,0,0,0,56,0,0,0,1,3,0,0,0
2635,2026-05-20 16:24:35.295,0,EB,8,0D,0A,0D,0,0,0,0,57,0,0,0,1,3
2636,2026-05-20 16:24:35.505,0,0,0,0,EE,8,0D,0A,0D,0,0,0,0,57,0,0
2637,2026-05-20 16:24:35.714,0,1,3,0,0,0,0,EB,8,0D,0A,0D,0,0,0,0
2638,2026-05-20 16:24:35.918,55,0,0,0,1,3,0,0,0,0,EE,8,0D,0A,0D,0
2639,2026-05-20 16:24:35.934,0,0,0,55,0,0,0,1,3,0,0,0,0,EB,8,0D
2640,2026-05-20 16:24:36.138,0A,0D,0,0,0,0,56,0,0,0,1,3,0,0,0,0
2641,2026-05-20 16:24:36.349,EB,8,0D,0A,0D,0,0,0,0,56,0,0,0,1,3,0
2642,2026-05-20 16:24:36.558,0,0,0,EB,8,0D,0A,0D,0,0,0,0,56,0,0,0
2643,2026-05-20 16:24:36.764,1,3,0,0,0,0,EB,8,0D,0A,0D,0,0,0,0,56
2644,2026-05-20 16:24:36.964,0,0,0,1,3,0,0,0,0,EE,8,0D,0A,0D,0,0
2645,2026-05-20 16:24:36.979,0,0,56,0,0,0,1,3,0,0,0,0,EB,8,0D,0A
2646,2026-05-20 16:24:37.183,0D,0,0,0,0,56,0,0,0,1,3,0,0,0,0,EE
2647,2026-05-20 16:24:37.400,8,0D,0A,0D,0,0,0,0,55,0,0,0,1,3,0,0
2648,2026-05-20 16:24:37.609,0,0,EB,8,0D,0A,0D,0,0,0,0,56,0,0,0,1
2649,2026-05-20 16:24:37.814,3,0,0,0,0,EE,8,0D,0A,0D,0,0,0,0,56,0
2650,2026-05-20 16:24:38.021,0,0,1,3,0,0,0,0,EB,8,0D,0A,0D,0,0,0
2651,2026-05-20 16:24:38.240,0,56,0,0,0,1,3,0,0,0,0,EB,8,0D,0A,0D
2652,2026-05-20 16:24:38.256,0,0,0,0,56,0,0,0,1,3,0,0,0,0,EB,8
2653,2026-05-20 16:24:38.448,0D,0A,0D,0,0,0,0,56,0,0,0,1,3,0,0,0
2654,2026-05-20 16:24:38.645,0,E9,8,0D,0A,0D,0,0,0,0,55,0,0,0,1,3
2655,2026-05-20 16:24:38.869,0,0,0,0,EB,8,0D,0A,0D,0,0,0,0,56,0,0
2656,2026-05-20 16:24:39.065,0,1,3,0,0,0,0,EB,8,0D,0A,0D,0,0,0,0
2657,2026-05-20 16:24:39.286,56,0,0,0,1,3,0,0,0,0,EB,8,0D,0A,0D,0
2658,2026-05-20 16:24:39.289,0,0,0,56,0,0,0,1,3,0,0,0,0,EB,8,0D
2659,2026-05-20 16:24:39.496,0A,0D,0,0,0,0,56,0,0,0,1,3,0,0,0,0
2660,2026-05-20 16:24:39.711,EE,8,0D,0A,0D,0,0,0,0,56,0,0,0,1,3,0
2661,2026-05-20 16:24:39.915,0,0,0,EB,8,0D,0A,0D,0,0,0,0,55,0,0,0
2662,2026-05-20 16:24:40.129,1,3,0,0,0,0,EE,8,0D,0A,0D,0,0,0,0,54
2663,2026-05-20 16:24:40.338,0,0,0,1,3,0,0,0,0,EE,8,0D,0A,0D,0,0
2664,2026-05-20 16:24:40.351,0,0,55,0,0,0,1,3,0,0,0,0,EE,8,0D,0A
2665,2026-05-20 16:24:40.546,0D,0,0,0,0,55,0,0,0,1,3,0,0,0,0,EB
2666,2026-05-20 16:24:40.762,8,0D,0A,0D,0,0,0,0,55,0,0,0,1,3,0,0
2667,2026-05-20 16:24:40.963,0,0,EB,8,0D,0A,0D,0,0,0,0,55,0,0,0,1
2668,2026-05-20 16:24:41.179,3,0,0,0,0,EB,8,0D,0A,0D,0,0,0,0,56,0
2669,2026-05-20 16:24:41.385,0,0,1,3,0,0,0,0,EE,8,0D,0A,0D,0,0,0
2670,2026-05-20 16:24:41.597,0,55,0,0,0,1,3,0,0,0,0,EB,8,0D,0A,0D
2671,2026-05-20 16:24:41.606,0,0,0,0,56,0,0,0,1,3,0,0,0,0,EB,8
2672,2026-05-20 16:24:41.815,0D,0A,0D,0,0,0,0,56,0,0,0,1,3,0,0,0
2673,2026-05-20 16:24:42.025,0,EB,8,0D,0A,0D,0,0,0,0,56,0,0,0,1,3
2674,2026-05-20 16:24:42.231,0,0,0,0,EB,8,0D,0A,0D,0,0,0,0,56,0,0
2675,2026-05-20 16:24:42.434,0,1,3,0,0,0,0,EE,8,0D,0A,0D,0,0,0,0
2676,2026-05-20 16:24:42.647,56,0,0,0,1,3,0,0,0,0,EE,8,0D,0A,0D,0
2677,2026-05-20 16:24:42.647,0,0,0,56,0,0,0,1,3,0,0,0,0,EB,8,0D
2678,2026-05-20 16:24:42.854,0A,0D,0,0,0,0,58,0,0,0,1,3,0,0,0,0
2679,2026-05-20 16:24:43.065,EB,8,0D,0A,0D,0,0,0,0,58,0,0,0,1,3,0
2680,2026-05-20 16:24:43.280,0,0,0,EB,8,0D,0A,0D,0,0,0,0,57,0,0,0
2681,2026-05-20 16:24:43.486,1,3,0,0,0,0,EE,8,0D,0A,0D,0,0,0,0,56
2682,2026-05-20 16:24:43.709,0,0,0,1,3,0,0,0,0,EB,8,0D,0A,0D,0,0
2683,2026-05-20 16:24:43.719,0,0,54,0,0,0,1,3,0,0,0,0,EB,8,0D,0A
2684,2026-05-20 16:24:43.916,0D,0,0,0,0,56,0,0,0,1,3,0,0,0,0,E9
2685,2026-05-20 16:24:44.116,8,0D,0A,0D,0,0,0,0,56,0,0,0,1,3,0,0
2686,2026-05-20 16:24:44.330,0,0,EE,8,0D,0A,0D,0,0,0,0,55,0,0,0,1
2687,2026-05-20 16:24:44.535,3,0,0,0,0,EB,8,0D,0A,0D,0,0,0,0,55,0
2688,2026-05-20 16:24:44.748,0,0,1,3,0,0,0,0,EB,8,0D,0A,0D,0,0,0
2689,2026-05-20 16:24:44.961,0,56,0,0,0,1,3,0,0,0,0,EB,8,0D,0A,0D
2690,2026-05-20 16:24:44.975,0,0,0,0,56,0,0,0,1,3,0,0,0,0,EE,8
2691,2026-05-20 16:24:45.179,0D,0A,0D,0,0,0,0,56,0,0,0,1,3,0,0,0
2692,2026-05-20 16:24:45.387,0,EB,8,0D,0A,0D,0,0,0,0,56,0,0,0,1,3
2693,2026-05-20 16:24:45.588,0,0,0,0,EB,8,0D,0A,0D,0,0,0,0,56,0,0
2694,2026-05-20 16:24:45.805,0,1,3,0,0,0,0,EB,8,0D,0A,0D,0,0,0,0
2695,2026-05-20 16:24:46.013,55,0,0,0,1,3,0,0,0,0,EE,8,0D,0A,0D,0
2696,2026-05-20 16:24:46.021,0,0,0,56,0,0,0,1,3,0,0,0,0,EB,8,0D
2697,2026-05-20 16:24:46.221,0A,0D,0,0,0,0,55,0,0,0,1,3,0,0,0,0
2698,2026-05-20 16:24:46.438,EB,8,0D,0A,0D,0,0,0,0,56,0,0,0,1,3,0
2699,2026-05-20 16:24:46.647,0,0,0,EB,8,0D,0A,0D,0,0,0,0,56,0,0,0
2700,2026-05-20 16:24:46.856,1,3,0,0,0,0,EB,8,0D,0A,0D,0,0,0,0,56
2701,2026-05-20 16:24:47.064,0,0,0,1,3,0,0,0,0,EB,8,0D,0A,0D,0,0
2702,2026-05-20 16:24:47.074,0,0,55,0,0,0,1,3,0,0,0,0,EE,8,0D,0A
2703,2026-05-20 16:24:47.271,0D,0,0,0,0,56,0,0,0,1,3,0,0,0,0,EB
2704,2026-05-20 16:24:47.480,8,0D,0A,0D,0,0,0,0,56,0,0,0,1,3,0,0
2705,2026-05-20 16:24:47.688,0,0,EB,8,0D,0A,0D,0,0,0,0,56,0,0,0,1
2706,2026-05-20 16:24:47.894,3,0,0,0,0,EE,8,0D,0A,0D,0,0,0,0,56,0
2707,2026-05-20 16:24:48.104,0,0,1,3,0,0,0,0,EE,8,0D,0A,0D,0,0,0
2708,2026-05-20 16:24:48.317,0,56,0,0,0,1,3,0,0,0,0,EB,8,0D,0A,0D
2709,2026-05-20 16:24:48.332,0,0,0,0,56,0,0,0,1,3,0,0,0,0,EB,8
2710,2026-05-20 16:24:48.541,0D,0A,0D,0,0,0,0,56,0,0,0,1,3,0,0,0
2711,2026-05-20 16:24:48.751,0,EB,8,0D,0A,0D,0,0,0,0,56,0,0,0,1,3
2712,2026-05-20 16:24:48.958,0,0,0,0,EE,8,0D,0A,0D,0,0,0,0,56,0,0
2713,2026-05-20 16:24:49.166,0,1,3,0,0,0,0,EB,8,0D,0A,0D,0,0,0,0
2714,2026-05-20 16:24:49.368,56,0,0,0,1,3,0,0,0,0,E9,8,0D,0A,0D,0
2715,2026-05-20 16:24:49.384,0,0,0,56,0,0,0,1,3,0,0,0,0,EE,8,0D
2716,2026-05-20 16:24:49.593,0A,0D,0,0,0,0,56,0,0,0,1,3,0,0,0,0
2717,2026-05-20 16:24:49.794,EB,8,0D,0A,0D,0,0,0,0,56,0,0,0,1,3,0
2718,2026-05-20 16:24:50.015,0,0,0,EB,8,0D,0A,0D,0,0,0,0,56,0,0,0
2719,2026-05-20 16:24:50.218,1,3,0,0,0,0,EB,8,0D,0A,0D,0,0,0,0,56
2720,2026-05-20 16:24:50.419,0,0,0,1,3,0,0,0,0,EB,8,0D,0A,0D,0,0
2721,2026-05-20 16:24:50.436,0,0,56,0,0,0,1,3,0,0,0,0,EB,8,0D,0A
2722,2026-05-20 16:24:50.635,0D,0,0,0,0,56,0,0,0,1,3,0,0,0,0,EB
2723,2026-05-20 16:24:50.854,8,0D,0A,0D,0,0,0,0,56,0,0,0,1,3,0,0
2724,2026-05-20 16:24:51.060,0,0,EE,8,0D,0A,0D,0,0,0,0,56,0,0,0,1
2725,2026-05-20 16:24:51.260,3,0,0,0,0,EB,8,0D,0A,0D,0,0,0,0,56,0
2726,2026-05-20 16:24:51.469,0,0,1,3,0,0,0,0,EB,8,0D,0A,0D,0,0,0
2727,2026-05-20 16:24:51.682,0,56,0,0,0,1,3,0,0,0,0,EB,8,0D,0A,0D
2728,2026-05-20 16:24:51.693,0,0,0,0,56,0,0,0,1,3,0,0,0,0,EB,8
2729,2026-05-20 16:24:51.904,0D,0A,0D,0,0,0,0,56,0,0,0,1,3,0,0,0
2730,2026-05-21 10:52:38.415,0D,0,0,0,0,52,0,0,0,1,3,0,0,0,0,E5
2731,2026-05-21 10:52:38.624,8,0D,0A,0D,0,0,0,0,52,0,0,0,1,3,0,0
2732,2026-05-21 10:52:38.833,0,0,E5,8,0D,0A,0D,0,0,0,0,52,0,0,0,1
2733,2026-05-21 10:52:39.041,3,0,0,0,0,E7,8,0D,0A,0D,0,0,0,0,52,0
2734,2026-05-21 10:52:39.250,0,0,1,3,0,0,0,0,E7,8,0D,0A,0D,0,0,0
2735,2026-05-21 10:52:39.458,0,52,0,0,0,1,3,0,0,0,0,E7,8,0D,0A,0D
2736,2026-05-21 10:52:39.472,0,0,0,0,52,0,0,0,1,3,0,0,0,0,E7,8
2737,2026-05-21 10:52:39.669,0D,0A,0D,0,0,0,0,52,0,0,0,1,3,0,0,0
2738,2026-05-21 10:52:39.884,0,E5,8,0D,0A,0D,0,0,0,0,52,0,0,0,1,3
2739,2026-05-21 10:52:40.093,0,0,0,0,E5,8,0D,0A,0D,0,0,0,0,52,0,0
2740,2026-05-21 10:52:40.301,0,1,3,0,0,0,0,E7,8,0D,0A,0D,0,0,0,0
2741,2026-05-21 10:52:40.510,52,0,0,0,1,3,0,0,0,0,E7,8,0D,0A,0D,0
2742,2026-05-21 10:52:40.522,0,0,0,52,0,0,0,1,3,0,0,0,0,E5,8,0D
2743,2026-05-21 10:52:40.727,0A,0D,0,0,0,0,52,0,0,0,1,3,0,0,0,0
2744,2026-05-21 10:52:40.935,E5,8,0D,0A,0D,0,0,0,0,51,0,0,0,1,3,0
2745,2026-05-21 10:52:41.144,0,0,0,E7,8,0D,0A,0D,0,0,0,0,52,0,0,0
2746,2026-05-21 10:52:41.353,1,3,0,0,0,0,E5,8,0D,0A,0D,0,0,0,0,51
2747,2026-05-21 10:52:41.562,0,0,0,1,3,0,0,0,0,E7,8,0D,0A,0D,0,0
2748,2026-05-21 10:52:41.574,0,0,52,0,0,0,1,3,0,0,0,0,E5,8,0D,0A
2749,2026-05-21 10:52:41.778,0D,0,0,0,0,51,0,0,0,1,3,0,0,0,0,E7
2750,2026-05-21 10:52:41.987,8,0D,0A,0D,0,0,0,0,52,0,0,0,1,3,0,0
2751,2026-05-21 10:52:42.196,0,0,E5,8,0D,0A,0D,0,0,0,0,50,0,0,0,1
2752,2026-05-21 10:52:42.405,3,0,0,0,0,E7,8,0D,0A,0D,0,0,0,0,52,0
2753,2026-05-21 10:52:42.613,0,0,1,3,0,0,0,0,E7,8,0D,0A,0D,0,0,0
2754,2026-05-21 10:52:42.821,0,51,0,0,0,1,3,0,0,0,0,E7,8,0D,0A,0D
2755,2026-05-21 10:52:42.836,0,0,0,0,52,0,0,0,1,3,0,0,0,0,E7,8
2756,2026-05-21 10:52:43.038,0D,0A,0D,0,0,0,0,51,0,0,0,1,3,0,0,0
2757,2026-05-21 10:52:43.246,0,E7,8,0D,0A,0D,0,0,0,0,52,0,0,0,1,3
2758,2026-05-21 10:52:43.456,0,0,0,0,E5,8,0D,0A,0D,0,0,0,0,51,0,0
2759,2026-05-21 10:52:43.665,0,1,3,0,0,0,0,E5,8,0D,0A,0D,0,0,0,0
2760,2026-05-21 10:52:43.873,51,0,0,0,1,3,0,0,0,0,E5,8,0D,0A,0D,0
2761,2026-05-21 10:52:43.886,0,0,0,50,0,0,0,1,3,0,0,0,0,E5,8,0D
2762,2026-05-21 10:52:44.090,0A,0D,0,0,0,0,51,0,0,0,1,3,0,0,0,0
2763,2026-05-21 10:52:44.299,E5,8,0D,0A,0D,0,0,0,0,51,0,0,0,1,3,0
2764,2026-05-21 10:52:44.507,0,0,0,E7,8,0D,0A,0D,0,0,0,0,51,0,0,0
2765,2026-05-21 10:52:44.717,1,3,0,0,0,0,E7,8,0D,0A,0D,0,0,0,0,51
2766,2026-05-21 10:52:44.925,0,0,0,1,3,0,0,0,0,E7,8,0D,0A,0D,0,0
2767,2026-05-21 10:52:44.934,0,0,51,0,0,0,1,3,0,0,0,0,E5,8,0D,0A
2768,2026-05-21 10:52:45.142,0D,0,0,0,0,51,0,0,0,1,3,0,0,0,0,E7
2769,2026-05-21 10:52:45.351,8,0D,0A,0D,0,0,0,0,52,0,0,0,1,3,0,0
2770,2026-05-21 10:52:45.560,0,0,E5,8,0D,0A,0D,0,0,0,0,52,0,0,0,1
2771,2026-05-21 10:52:45.768,3,0,0,0,0,E7,8,0D,0A,0D,0,0,0,0,52,0
2772,2026-05-21 10:52:45.976,0,0,1,3,0,0,0,0,E7,8,0D,0A,0D,0,0,0
2773,2026-05-21 10:52:46.186,0,52,0,0,0,1,3,0,0,0,0,E5,8,0D,0A,0D
2774,2026-05-21 10:52:46.195,0,0,0,0,52,0,0,0,1,3,0,0,0,0,E7,8
2775,2026-05-21 10:52:46.403,0D,0A,0D,0,0,0,0,52,0,0,0,1,3,0,0,0
2776,2026-05-21 10:52:46.611,0,E5,8,0D,0A,0D,0,0,0,0,52,0,0,0,1,3
2777,2026-05-21 10:52:46.820,0,0,0,0,E5,8,0D,0A,0D,0,0,0,0,52,0,0
2778,2026-05-21 10:52:47.028,0,1,3,0,0,0,0,E5,8,0D,0A,0D,0,0,0,0
2779,2026-05-21 10:52:47.235,52,0,0,0,1,3,0,0,0,0,E7,8,0D,0A,0D,0
2780,2026-05-21 10:52:47.246,0,0,0,52,0,0,0,1,3,0,0,0,0,E7,8,0D
2781,2026-05-21 10:52:47.453,0A,0D,0,0,0,0,52,0,0,0,1,3,0,0,0,0
2782,2026-05-21 10:52:47.663,E5,8,0D,0A,0D,0,0,0,0,52,0,0,0,1,3,0
2783,2026-05-21 10:52:47.870,0,0,0,E5,8,0D,0A,0D,0,0,0,0,52,0,0,0
2784,2026-05-21 10:52:48.079,1,3,0,0,0,0,E7,8,0D,0A,0D,0,0,0,0,52
2785,2026-05-21 10:52:48.288,0,0,0,1,3,0,0,0,0,E5,8,0D,0A,0D,0,0
2786,2026-05-21 10:52:48.301,0,0,51,0,0,0,1,3,0,0,0,0,E5,8,0D,0A
2787,2026-05-21 10:52:48.506,0D,0,0,0,0,52,0,0,0,1,3,0,0,0,0,E5
2788,2026-05-21 10:52:48.714,8,0D,0A,0D,0,0,0,0,51,0,0,0,1,3,0,0
2789,2026-05-21 10:52:48.922,0,0,E5,8,0D,0A,0D,0,0,0,0,52,0,0,0,1
2790,2026-05-21 10:52:49.131,3,0,0,0,0,E5,8,0D,0A,0D,0,0,0,0,50,0
2791,2026-05-21 10:52:49.340,0,0,1,3,0,0,0,0,E5,8,0D,0A,0D,0,0,0
2792,2026-05-21 10:52:49.548,0,52,0,0,0,1,3,0,0,0,0,E5,8,0D,0A,0D
2793,2026-05-21 10:52:49.559,0,0,0,0,51,0,0,0,1,3,0,0,0,0,E5,8
2794,2026-05-21 10:52:49.765,0D,0A,0D,0,0,0,0,52,0,0,0,1,3,0,0,0
2795,2026-05-21 10:52:49.973,0,E7,8,0D,0A,0D,0,0,0,0,52,0,0,0,1,3
2796,2026-05-21 10:52:50.183,0,0,0,0,E7,8,0D,0A,0D,0,0,0,0,53,0,0
2797,2026-05-21 10:52:50.391,0,1,3,0,0,0,0,E5,8,0D,0A,0D,0,0,0,0
2798,2026-05-21 10:52:50.600,52,0,0,0,1,3,0,0,0,0,E5,8,0D,0A,0D,0
2799,2026-05-21 10:52:50.612,0,0,0,53,0,0,0,1,3,0,0,0,0,E5,8,0D
2800,2026-05-21 10:52:50.816,0A,0D,0,0,0,0,52,0,0,0,1,3,0,0,0,0
2801,2026-05-21 10:52:51.024,E7,8,0D,0A,0D,0,0,0,0,53,0,0,0,1,3,0
2802,2026-05-21 10:52:51.233,0,0,0,E7,8,0D,0A,0D,0,0,0,0,52,0,0,0
2803,2026-05-21 10:52:51.442,1,3,0,0,0,0,E7,8,0D,0A,0D,0,0,0,0,54
2804,2026-05-21 10:52:51.651,0,0,0,1,3,0,0,0,0,E5,8,0D,0A,0D,0,0
2805,2026-05-21 10:52:51.652,0,0,53,0,0,0,1,3,0,0,0,0,E7,8,0D,0A
2806,2026-05-21 10:52:51.868,0D,0,0,0,0,53,0,0,0,1,3,0,0,0,0,E7
2807,2026-05-21 10:52:52.077,8,0D,0A,0D,0,0,0,0,53,0,0,0,1,3,0,0
2808,2026-05-21 10:52:52.285,0,0,E5,8,0D,0A,0D,0,0,0,0,53,0,0,0,1
2809,2026-05-21 10:52:52.494,3,0,0,0,0,E5,8,0D,0A,0D,0,0,0,0,53,0
2810,2026-05-21 10:52:52.703,0,0,1,3,0,0,0,0,E5,8,0D,0A,0D,0,0,0
2811,2026-05-21 10:52:52.911,0,53,0,0,0,1,3,0,0,0,0,E7,8,0D,0A,0D
2812,2026-05-21 10:52:52.921,0,0,0,0,53,0,0,0,1,3,0,0,0,0,E5,8
2813,2026-05-21 10:52:53.128,0D,0A,0D,0,0,0,0,54,0,0,0,1,3,0,0,0
2814,2026-05-21 10:52:53.336,0,E7,8,0D,0A,0D,0,0,0,0,53,0,0,0,1,3
2815,2026-05-21 10:52:53.546,0,0,0,0,E5,8,0D,0A,0D,0,0,0,0,54,0,0
2816,2026-05-21 10:52:53.754,0,1,3,0,0,0,0,E7,8,0D,0A,0D,0,0,0,0
2817,2026-05-21 10:52:53.962,53,0,0,0,1,3,0,0,0,0,E5,8,0D,0A,0D,0
2818,2026-05-21 10:52:53.976,0,0,0,53,0,0,0,1,3,0,0,0,0,E7,8,0D
2819,2026-05-21 10:52:54.183,0A,0D,0,0,0,0,53,0,0,0,1,3,0,0,0,0
2820,2026-05-21 10:52:54.388,E7,8,0D,0A,0D,0,0,0,0,53,0,0,0,1,3,0
2821,2026-05-21 10:52:54.596,0,0,0,E5,8,0D,0A,0D,0,0,0,0,53,0,0,0
2822,2026-05-21 10:52:54.805,1,3,0,0,0,0,E7,8,0D,0A,0D,0,0,0,0,54
2823,2026-05-21 10:52:55.014,0,0,0,1,3,0,0,0,0,E5,8,0D,0A,0D,0,0
2824,2026-05-21 10:52:55.026,0,0,54,0,0,0,1,3,0,0,0,0,E5,8,0D,0A
2825,2026-05-21 10:52:55.233,0D,0,0,0,0,53,0,0,0,1,3,0,0,0,0,E5
2826,2026-05-21 10:52:55.439,8,0D,0A,0D,0,0,0,0,53,0,0,0,1,3,0,0
2827,2026-05-21 10:52:55.645,0,0,E7,8,0D,0A,0D,0,0,0,0,53,0,0,0,1
2828,2026-05-21 10:52:55.857,3,0,0,0,0,E7,8,0D,0A,0D,0,0,0,0,53,0
2829,2026-05-21 10:52:56.066,0,0,1,3,0,0,0,0,E5,8,0D,0A,0D,0,0,0
2830,2026-05-21 10:52:56.274,0,53,0,0,0,1,3,0,0,0,0,E7,8,0D,0A,0D
2831,2026-05-21 10:52:56.287,0,0,0,0,53,0,0,0,1,3,0,0,0,0,E7,8
2832,2026-05-21 10:52:56.491,0D,0A,0D,0,0,0,0,52,0,0,0,1,3,0,0,0
2833,2026-05-21 10:52:56.714,0,E5,8,0D,0A,0D,0,0,0,0,53,0,0,0,1,3
2834,2026-05-21 10:52:56.908,0,0,0,0,E5,8,0D,0A,0D,0,0,0,0,52,0,0
2835,2026-05-21 10:52:57.118,0,1,3,0,0,0,0,E7,8,0D,0A,0D,0,0,0,0
2836,2026-05-21 10:52:57.326,53,0,0,0,1,3,0,0,0,0,E7,8,0D,0A,0D,0
2837,2026-05-21 10:52:57.335,0,0,0,52,0,0,0,1,3,0,0,0,0,E7,8,0D
2838,2026-05-21 10:52:57.543,0A,0D,0,0,0,0,53,0,0,0,1,3,0,0,0,0
2839,2026-05-21 10:52:57.751,E7,8,0D,0A,0D,0,0,0,0,52,0,0,0,1,3,0
2840,2026-05-21 10:52:57.960,0,0,0,E7,8,0D,0A,0D,0,0,0,0,53,0,0,0
2841,2026-05-21 10:52:58.168,1,3,0,0,0,0,E5,8,0D,0A,0D,0,0,0,0,52
2842,2026-05-21 10:52:58.377,0,0,0,1,3,0,0,0,0,E7,8,0D,0A,0D,0,0
2843,2026-05-21 10:52:58.395,0,0,53,0,0,0,1,3,0,0,0,0,E7,8,0D,0A
2844,2026-05-21 10:52:58.594,0D,0,0,0,0,52,0,0,0,1,3,0,0,0,0,E7
2845,2026-05-21 10:52:58.803,8,0D,0A,0D,0,0,0,0,53,0,0,0,1,3,0,0
2846,2026-05-21 10:52:59.012,0,0,E5,8,0D,0A,0D,0,0,0,0,52,0,0,0,1
2847,2026-05-21 10:52:59.220,3,0,0,0,0,E7,8,0D,0A,0D,0,0,0,0,53,0
2848,2026-05-21 10:52:59.428,0,0,1,3,0,0,0,0,E7,8,0D,0A,0D,0,0,0
2849,2026-05-21 10:52:59.637,0,53,0,0,0,1,3,0,0,0,0,E5,8,0D,0A,0D
2850,2026-05-21 10:52:59.638,0,0,0,0,54,0,0,0,1,3,0,0,0,0,E7,8
2851,2026-05-21 10:52:59.852,0D,0A,0D,0,0,0,0,54,0,0,0,1,3,0,0,0
2852,2026-05-21 10:53:00.063,0,E7,8,0D,0A,0D,0,0,0,0,54,0,0,0,1,3
2853,2026-05-21 10:53:00.272,0,0,0,0,E7,8,0D,0A,0D,0,0,0,0,54,0,0
2854,2026-05-21 10:53:00.480,0,1,3,0,0,0,0,E5,8,0D,0A,0D,0,0,0,0
2855,2026-05-21 10:53:00.688,54,0,0,0,1,3,0,0,0,0,E7,8,0D,0A,0D,0
2856,2026-05-21 10:53:00.697,0,0,0,54,0,0,0,1,3,0,0,0,0,E5,8,0D
2857,2026-05-21 10:53:00.905,0A,0D,0,0,0,0,54,0,0,0,1,3,0,0,0,0
2858,2026-05-21 10:53:01.121,E5,8,0D,0A,0D,0,0,0,0,54,0,0,0,1,3,0
2859,2026-05-21 10:53:01.323,0,0,0,E7,8,0D,0A,0D,0,0,0,0,53,0,0,0
2860,2026-05-21 10:53:01.532,1,3,0,0,0,0,E5,8,0D,0A,0D,0,0,0,0,51
2861,2026-05-21 10:53:01.740,0,0,0,1,3,0,0,0,0,E9,8,0D,0A,0D,0,0
2862,2026-05-21 10:53:01.750,0,0,50,0,0,0,1,3,0,0,0,0,E7,8,0D,0A
2863,2026-05-21 10:53:01.957,0D,0,0,0,0,54,0,0,0,1,3,0,0,0,0,E5
2864,2026-05-21 10:53:02.166,8,0D,0A,0D,0,0,0,0,54,0,0,0,1,3,0,0
2865,2026-05-21 10:53:02.375,0,0,E7,8,0D,0A,0D,0,0,0,0,54,0,0,0,1
2866,2026-05-21 10:53:02.583,3,0,0,0,0,E7,8,0D,0A,0D,0,0,0,0,53,0
2867,2026-05-21 10:53:02.792,0,0,1,3,0,0,0,0,E5,8,0D,0A,0D,0,0,0
2868,2026-05-21 10:53:03.000,0,55,0,0,0,1,3,0,0,0,0,E5,8,0D,0A,0D
2869,2026-05-21 10:53:03.009,0,0,0,0,52,0,0,0,1,3,0,0,0,0,E5,8
2870,2026-05-21 10:53:03.217,0D,0A,0D,0,0,0,0,52,0,0,0,1,3,0,0,0
2871,2026-05-21 10:53:03.425,0,E5,8,0D,0A,0D,0,0,0,0,53,0,0,0,1,3
2872,2026-05-21 10:53:03.635,0,0,0,0,E5,8,0D,0A,0D,0,0,0,0,54,0,0
2873,2026-05-21 10:53:03.842,0,1,3,0,0,0,0,E7,8,0D,0A,0D,0,0,0,0
2874,2026-05-21 10:53:04.051,4C,0,0,0,1,3,0,0,0,0,E5,8,0D,0A,0D,0
2875,2026-05-21 10:53:04.062,0,0,0,4C,0,0,0,1,3,0,0,0,0,E5,8,0D
2876,2026-05-21 10:53:04.269,0A,0D,0,0,0,0,4E,0,0,0,1,3,0,0,0,0
2877,2026-05-21 10:53:04.477,E5,8,0D,0A,0D,0,0,0,0,4C,0,0,0,1,3,0
2878,2026-05-21 10:53:04.685,0,0,0,E7,8,0D,0A,0D,0,0,0,0,4B,0,0,0
2879,2026-05-21 10:53:04.894,1,3,0,0,0,0,E7,8,0D,0A,0D,0,0,0,0,4A
2880,2026-05-21 10:53:05.103,0,0,0,1,3,0,0,0,0,E7,8,0D,0A,0D,0,0
2881,2026-05-21 10:53:05.112,0,0,4C,0,0,0,1,3,0,0,0,0,E5,8,0D,0A
2882,2026-05-21 10:53:05.319,0D,0,0,0,0,4A,0,0,0,1,3,0,0,0,0,E7
2883,2026-05-21 10:53:05.528,8,0D,0A,0D,0,0,0,0,4C,0,0,0,1,3,0,0
2884,2026-05-21 10:53:05.737,0,0,E5,8,0D,0A,0D,0,0,0,0,4C,0,0,0,1
2885,2026-05-21 10:53:05.946,3,0,0,0,0,E5,8,0D,0A,0D,0,0,0,0,49,0
2886,2026-05-21 10:53:06.154,0,0,1,3,0,0,0,0,E7,8,0D,0A,0D,0,0,0
2887,2026-05-21 10:53:06.362,0,4B,0,0,0,1,3,0,0,0,0,E5,8,0D,0A,0D
2888,2026-05-21 10:53:06.372,0,0,0,0,4A,0,0,0,1,3,0,0,0,0,E5,8
2889,2026-05-21 10:53:06.579,0D,0A,0D,0,0,0,0,27,0,0,0,1,3,0,0,0
2890,2026-05-21 10:53:06.788,0,E7,8,0D,0A,0D,0,0,0,0,3D,0,0,0,1,3
2891,2026-05-21 10:53:06.997,0,0,0,0,E5,8,0D,0A,0D,0,0,0,0,40,0,0
2892,2026-05-21 10:53:07.205,0,1,3,0,0,0,0,E5,8,0D,0A,0D,0,0,0,0
2893,2026-05-21 10:53:07.414,4A,0,0,0,1,3,0,0,0,0,E5,8,0D,0A,0D,0
2894,2026-05-21 10:53:07.426,0,0,0,4B,0,0,0,1,3,0,0,0,0,E5,8,0D
2895,2026-05-21 10:53:07.631,0A,0D,0,0,0,0,4A,0,0,0,1,3,0,0,0,0
2896,2026-05-21 10:53:07.840,E5,8,0D,0A,0D,0,0,0,0,3F,0,0,0,1,3,0
2897,2026-05-21 10:53:08.049,0,0,0,E5,8,0D,0A,0D,0,0,0,0,3D,0,0,0
2898,2026-05-21 10:53:08.257,1,3,0,0,0,0,E7,8,0D,0A,0D,0,0,0,0,45
2899,2026-05-21 10:53:08.467,0,0,0,1,3,0,0,0,0,E7,8,0D,0A,0D,0,0
2900,2026-05-21 10:53:08.474,0,0,4D,0,0,0,1,3,0,0,0,0,E3,8,0D,0A
2901,2026-05-21 10:53:08.683,0D,0,0,0,0,4E,0,0,0,1,3,0,0,0,0,E7
2902,2026-05-21 10:53:08.891,8,0D,0A,0D,0,0,0,0,4C,0,0,0,1,3,0,0
2903,2026-05-21 10:53:09.100,0,0,E5,8,0D,0A,0D,0,0,0,0,44,0,0,0,1
2904,2026-05-21 10:53:09.308,3,0,0,0,0,E5,8,0D,0A,0D,0,0,0,0,4A,0
2905,2026-05-21 10:53:09.517,0,0,1,3,0,0,0,0,E5,8,0D,0A,0D,0,0,0
2906,2026-05-21 10:53:09.726,0,44,0,0,0,1,3,0,0,0,0,E7,8,0D,0A,0D
2907,2026-05-21 10:53:09.737,0,0,0,0,48,0,0,0,1,3,0,0,0,0,E7,8
2908,2026-05-21 10:53:09.943,0D,0A,0D,0,0,0,0,48,0,0,0,1,3,0,0,0
2909,2026-05-21 10:53:10.151,0,E5,8,0D,0A,0D,0,0,0,0,4B,0,0,0,1,3
2910,2026-05-21 10:53:10.359,0,0,0,0,E5,8,0D,0A,0D,0,0,0,0,4A,0,0
2911,2026-05-21 10:53:10.569,0,1,3,0,0,0,0,E7,8,0D,0A,0D,0,0,0,0
2912,2026-05-21 10:53:10.777,4A,0,0,0,1,3,0,0,0,0,E7,8,0D,0A,0D,0
2913,2026-05-21 10:53:10.788,0,0,0,4A,0,0,0,1,3,0,0,0,0,E5,8,0D
2914,2026-05-21 10:53:10.994,0A,0D,0,0,0,0,4A,0,0,0,1,3,0,0,0,0
2915,2026-05-21 10:53:11.203,E5,8,0D,0A,0D,0,0,0,0,4A,0,0,0,1,3,0
2916,2026-05-21 10:53:11.412,0,0,0,E7,8,0D,0A,0D,0,0,0,0,46,0,0,0
2917,2026-05-21 10:53:11.620,1,3,0,0,0,0,E7,8,0D,0A,0D,0,0,0,0,3D
2918,2026-05-21 10:53:11.829,0,0,0,1,3,0,0,0,0,E7,8,0D,0A,0D,0,0
2919,2026-05-21 10:53:11.839,0,0,48,0,0,0,1,3,0,0,0,0,E7,8,0D,0A
2920,2026-05-21 10:53:12.046,0D,0,0,0,0,48,0,0,0,1,3,0,0,0,0,E7
2921,2026-05-21 10:53:12.255,8,0D,0A,0D,0,0,0,0,4B,0,0,0,1,3,0,0
2922,2026-05-21 10:53:12.463,0,0,E7,8,0D,0A,0D,0,0,0,0,48,0,0,0,1
2923,2026-05-21 10:53:12.671,3,0,0,0,0,E5,8,0D,0A,0D,0,0,0,0,4E,0
2924,2026-05-21 10:53:12.880,0,0,1,3,0,0,0,0,E7,8,0D,0A,0D,0,0,0
2925,2026-05-21 10:53:13.088,0,4E,0,0,0,1,3,0,0,0,0,E5,8,0D,0A,0D
2926,2026-05-21 10:53:13.101,0,0,0,0,50,0,0,0,1,3,0,0,0,0,E5,8
2927,2026-05-21 10:53:13.305,0D,0A,0D,0,0,0,0,4F,0,0,0,1,3,0,0,0
2928,2026-05-21 10:53:13.514,0,E5,8,0D,0A,0D,0,0,0,0,4E,0,0,0,1,3
2929,2026-05-21 10:53:13.723,0,0,0,0,E5,8,0D,0A,0D,0,0,0,0,4E,0,0
2930,2026-05-21 10:53:13.932,0,1,3,0,0,0,0,E5,8,0D,0A,0D,0,0,0,0
2931,2026-05-21 10:53:14.140,4A,0,0,0,1,3,0,0,0,0,E5,8,0D,0A,0D,0
2932,2026-05-21 10:53:14.159,0,0,0,4D,0,0,0,1,3,0,0,0,0,E5,8,0D
2933,2026-05-21 10:53:14.358,0A,0D,0,0,0,0,4C,0,0,0,1,3,0,0,0,0
2934,2026-05-21 10:53:14.566,E5,8,0D,0A,0D,0,0,0,0,4A,0,0,0,1,3,0
2935,2026-05-21 10:53:14.774,0,0,0,E7,8,0D,0A,0D,0,0,0,0,46,0,0,0
2936,2026-05-21 10:53:14.983,1,3,0,0,0,0,E5,8,0D,0A,0D,0,0,0,0,48
2937,2026-05-21 10:53:15.191,0,0,0,1,3,0,0,0,0,E5,8,0D,0A,0D,0,0
2938,2026-05-21 10:53:15.202,0,0,44,0,0,0,1,3,0,0,0,0,E7,8,0D,0A
2939,2026-05-21 10:53:15.409,0D,0,0,0,0,47,0,0,0,1,3,0,0,0,0,E5
2940,2026-05-21 10:53:15.618,8,0D,0A,0D,0,0,0,0,44,0,0,0,1,3,0,0
2941,2026-05-21 10:53:15.826,0,0,E7,8,0D,0A,0D,0,0,0,0,48,0,0,0,1
2942,2026-05-21 10:53:16.035,3,0,0,0,0,E5,8,0D,0A,0D,0,0,0,0,3A,0
2943,2026-05-21 10:53:16.243,0,0,1,3,0,0,0,0,E7,8,0D,0A,0D,0,0,0
2944,2026-05-21 10:53:16.453,0,49,0,0,0,1,3,0,0,0,0,E7,8,0D,0A,0D
2945,2026-05-21 10:53:16.463,0,0,0,0,43,0,0,0,1,3,0,0,0,0,E5,8
2946,2026-05-21 10:53:16.669,0D,0A,0D,0,0,0,0,44,0,0,0,1,3,0,0,0
2947,2026-05-21 10:53:16.878,0,E5,8,0D,0A,0D,0,0,0,0,44,0,0,0,1,3
2948,2026-05-21 10:53:17.086,0,0,0,0,E7,8,0D,0A,0D,0,0,0,0,40,0,0
2949,2026-05-21 10:53:17.295,0,1,3,0,0,0,0,E5,8,0D,0A,0D,0,0,0,0
2950,2026-05-21 10:53:17.504,3E,0,0,0,1,3,0,0,0,0,E5,8,0D,0A,0D,0
2951,2026-05-21 10:53:17.515,0,0,0,46,0,0,0,1,3,0,0,0,0,E5,8,0D
2952,2026-05-21 10:53:17.720,0A,0D,0,0,0,0,45,0,0,0,1,3,0,0,0,0
2953,2026-05-21 10:53:17.930,E5,8,0D,0A,0D,0,0,0,0,44,0,0,0,1,3,0
2954,2026-05-21 10:53:18.138,0,0,0,E7,8,0D,0A,0D,0,0,0,0,44,0,0,0
2955,2026-05-21 10:53:18.347,1,3,0,0,0,0,E5,8,0D,0A,0D,0,0,0,0,44
2956,2026-05-21 10:53:18.556,0,0,0,1,3,0,0,0,0,E5,8,0D,0A,0D,0,0
2957,2026-05-21 10:53:18.565,0,0,46,0,0,0,1,3,0,0,0,0,E5,8,0D,0A
2958,2026-05-21 10:53:18.772,0D,0,0,0,0,44,0,0,0,1,3,0,0,0,0,E5
2959,2026-05-21 10:53:18.981,8,0D,0A,0D,0,0,0,0,40,0,0,0,1,3,0,0
2960,2026-05-21 10:53:19.196,0,0,E7,8,0D,0A,0D,0,0,0,0,44,0,0,0,1
2961,2026-05-21 10:53:19.398,3,0,0,0,0,E7,8,0D,0A,0D,0,0,0,0,48,0
2962,2026-05-21 10:53:19.607,0,0,1,3,0,0,0,0,E5,8,0D,0A,0D,0,0,0
2963,2026-05-21 10:53:19.816,0,4B,0,0,0,1,3,0,0,0,0,E7,8,0D,0A,0D
2964,2026-05-21 10:53:19.825,0,0,0,0,4A,0,0,0,1,3,0,0,0,0,E7,8
2965,2026-05-21 10:53:20.033,0D,0A,0D,0,0,0,0,4A,0,0,0,1,3,0,0,0
2966,2026-05-21 10:53:20.241,0,E7,8,0D,0A,0D,0,0,0,0,4A,0,0,0,1,3
2967,2026-05-21 10:53:20.450,0,0,0,0,E7,8,0D,0A,0D,0,0,0,0,4B,0,0
2968,2026-05-21 10:53:20.658,0,1,3,0,0,0,0,E5,8,0D,0A,0D,0,0,0,0
2969,2026-05-21 10:53:20.867,4A,0,0,0,1,3,0,0,0,0,E7,8,0D,0A,0D,0
2970,2026-05-21 10:53:20.875,0,0,0,4B,0,0,0,1,3,0,0,0,0,E7,8,0D
2971,2026-05-21 10:53:21.084,0A,0D,0,0,0,0,4A,0,0,0,1,3,0,0,0,0
2972,2026-05-21 10:53:21.293,E7,8,0D,0A,0D,0,0,0,0,49,0,0,0,1,3,0
2973,2026-05-21 10:53:21.502,0,0,0,E5,8,0D,0A,0D,0,0,0,0,48,0,0,0
2974,2026-05-21 10:53:21.710,1,3,0,0,0,0,E5,8,0D,0A,0D,0,0,0,0,49
2975,2026-05-21 10:53:21.919,0,0,0,1,3,0,0,0,0,E5,8,0D,0A,0D,0,0
2976,2026-05-21 10:53:21.927,0,0,4A,0,0,0,1,3,0,0,0,0,E5,8,0D,0A
2977,2026-05-21 10:53:22.135,0D,0,0,0,0,49,0,0,0,1,3,0,0,0,0,E7
2978,2026-05-21 10:53:22.343,8,0D,0A,0D,0,0,0,0,49,0,0,0,1,3,0,0
2979,2026-05-21 10:53:22.553,0,0,E7,8,0D,0A,0D,0,0,0,0,47,0,0,0,1
2980,2026-05-21 10:53:22.761,3,0,0,0,0,E5,8,0D,0A,0D,0,0,0,0,49,0
2981,2026-05-21 10:53:22.970,0,0,1,3,0,0,0,0,E7,8,0D,0A,0D,0,0,0
2982,2026-05-21 10:53:23.179,0,44,0,0,0,1,3,0,0,0,0,E7,8,0D,0A,0D
2983,2026-05-21 10:53:23.189,0,0,0,0,4A,0,0,0,1,3,0,0,0,0,E7,8
2984,2026-05-21 10:53:23.396,0D,0A,0D,0,0,0,0,45,0,0,0,1,3,0,0,0
2985,2026-05-21 10:53:23.604,0,E7,8,0D,0A,0D,0,0,0,0,4A,0,0,0,1,3
2986,2026-05-21 10:53:23.812,0,0,0,0,E5,8,0D,0A,0D,0,0,0,0,4A,0,0
2987,2026-05-21 10:53:24.021,0,1,3,0,0,0,0,E5,8,0D,0A,0D,0,0,0,0
2988,2026-05-21 10:53:24.230,49,0,0,0,1,3,0,0,0,0,E5,8,0D,0A,0D,0
2989,2026-05-21 10:53:24.239,0,0,0,48,0,0,0,1,3,0,0,0,0,E5,8,0D
2990,2026-05-21 10:53:24.447,0A,0D,0,0,0,0,49,0,0,0,1,3,0,0,0,0
2991,2026-05-21 10:53:24.657,E5,8,0D,0A,0D,0,0,0,0,45,0,0,0,1,3,0
2992,2026-05-21 10:53:24.864,0,0,0,E7,8,0D,0A,0D,0,0,0,0,49,0,0,0
2993,2026-05-21 10:53:25.072,1,3,0,0,0,0,E7,8,0D,0A,0D,0,0,0,0,4E
2994,2026-05-21 10:53:25.281,0,0,0,1,3,0,0,0,0,E5,8,0D,0A,0D,0,0
2995,2026-05-21 10:53:25.291,0,0,4E,0,0,0,1,3,0,0,0,0,E5,8,0D,0A
2996,2026-05-21 10:53:25.498,0D,0,0,0,0,4E,0,0,0,1,3,0,0,0,0,E5
2997,2026-05-21 10:53:25.720,8,0D,0A,0D,0,0,0,0,4C,0,0,0,1,3,0,0
2998,2026-05-21 10:53:25.937,0,0,E5,8,0D,0A,0D,0,0,0,0,4D,0,0,0,1
2999,2026-05-21 10:53:26.125,3,0,0,0,0,E5,8,0D,0A,0D,0,0,0,0,4B,0
3000,2026-05-21 10:53:26.333,0,0,1,3,0,0,0,0,E5,8,0D,0A,0D,0,0,0
3001,2026-05-21 10:53:26.542,0,4C,0,0,0,1,3,0,0,0,0,E5,8,0D,0A,0D
3002,2026-05-21 10:53:26.555,0,0,0,0,4B,0,0,0,1,3,0,0,0,0,E7,8
3003,2026-05-21 10:53:26.758,0D,0A,0D,0,0,0,0,4C,0,0,0,1,3,0,0,0
3004,2026-05-21 10:53:26.968,0,E5,8,0D,0A,0D,0,0,0,0,4C,0,0,0,1,3
3005,2026-05-21 10:53:27.176,0,0,0,0,E7,8,0D,0A,0D,0,0,0,0,4F,0,0
3006,2026-05-21 10:53:27.385,0,1,3,0,0,0,0,E5,8,0D,0A,0D,0,0,0,0
3007,2026-05-21 10:53:27.592,4E,0,0,0,1,3,0,0,0,0,E5,8,0D,0A,0D,0
3008,2026-05-21 10:53:27.609,0,0,0,4F,0,0,0,1,3,0,0,0,0,E7,8,0D
3009,2026-05-21 10:53:27.810,0A,0D,0,0,0,0,48,0,0,0,1,3,0,0,0,0
3010,2026-05-21 10:53:28.019,E5,8,0D,0A,0D,0,0,0,0,4A,0,0,0,1,3,0
3011,2026-05-21 10:53:28.227,0,0,0,E5,8,0D,0A,0D,0,0,0,0,4E,0,0,0
3012,2026-05-21 10:53:28.436,1,3,0,0,0,0,E7,8,0D,0A,0D,0,0,0,0,50
3013,2026-05-21 10:53:28.645,0,0,0,1,3,0,0,0,0,E5,8,0D,0A,0D,0,0
3014,2026-05-21 10:53:28.654,0,0,4E,0,0,0,1,3,0,0,0,0,E5,8,0D,0A
3015,2026-05-21 10:53:28.861,0D,0,0,0,0,50,0,0,0,1,3,0,0,0,0,E7
3016,2026-05-21 10:53:29.070,8,0D,0A,0D,0,0,0,0,4E,0,0,0,1,3,0,0
3017,2026-05-21 10:53:29.278,0,0,E5,8,0D,0A,0D,0,0,0,0,4F,0,0,0,1
3018,2026-05-21 10:53:29.487,3,0,0,0,0,E7,8,0D,0A,0D,0,0,0,0,4E,0
3019,2026-05-21 10:53:29.696,0,0,1,3,0,0,0,0,E5,8,0D,0A,0D,0,0,0
3020,2026-05-21 10:53:29.904,0,50,0,0,0,1,3,0,0,0,0,E7,8,0D,0A,0D
3021,2026-05-21 10:53:29.916,0,0,0,0,4E,0,0,0,1,3,0,0,0,0,E7,8
3022,2026-05-21 10:53:30.122,0D,0A,0D,0,0,0,0,4E,0,0,0,1,3,0,0,0
3023,2026-05-21 10:53:30.330,0,E5,8,0D,0A,0D,0,0,0,0,4A,0,0,0,1,3
3024,2026-05-21 10:53:30.539,0,0,0,0,E5,8,0D,0A,0D,0,0,0,0,4A,0,0
3025,2026-05-21 10:53:30.747,0,1,3,0,0,0,0,E7,8,0D,0A,0D,0,0,0,0
3026,2026-05-21 10:53:30.956,4A,0,0,0,1,3,0,0,0,0,E7,8,0D,0A,0D,0
3027,2026-05-21 10:53:30.965,0,0,0,4A,0,0,0,1,3,0,0,0,0,E7,8,0D
3028,2026-05-21 10:53:31.173,0A,0D,0,0,0,0,4C,0,0,0,1,3,0,0,0,0
3029,2026-05-21 10:53:31.382,E5,8,0D,0A,0D,0,0,0,0,4B,0,0,0,1,3,0
3030,2026-05-21 10:53:31.590,0,0,0,E5,8,0D,0A,0D,0,0,0,0,4A,0,0,0
3031,2026-05-21 10:53:31.799,1,3,0,0,0,0,E5,8,0D,0A,0D,0,0,0,0,49
3032,2026-05-21 10:53:32.006,0,0,0,1,3,0,0,0,0,E7,8,0D,0A,0D,0,0
3033,2026-05-21 10:53:32.015,0,0,4B,0,0,0,1,3,0,0,0,0,E7,8,0D,0A
3034,2026-05-21 10:53:32.224,0D,0,0,0,0,4B,0,0,0,1,3,0,0,0,0,E7
3035,2026-05-21 10:53:32.434,8,0D,0A,0D,0,0,0,0,4C,0,0,0,1,3,0,0
3036,2026-05-21 10:53:32.641,0,0,E5,8,0D,0A,0D,0,0,0,0,4B,0,0,0,1
3037,2026-05-21 10:53:32.850,3,0,0,0,0,E5,8,0D,0A,0D,0,0,0,0,4C,0
3038,2026-05-21 10:53:33.058,0,0,1,3,0,0,0,0,E3,8,0D,0A,0D,0,0,0
3039,2026-05-21 10:53:33.267,0,4B,0,0,0,1,3,0,0,0,0,E7,8,0D,0A,0D
3040,2026-05-21 10:53:33.281,0,0,0,0,4E,0,0,0,1,3,0,0,0,0,E5,8
3041,2026-05-21 10:53:33.485,0D,0A,0D,0,0,0,0,4D,0,0,0,1,3,0,0,0
3042,2026-05-21 10:53:33.692,0,E7,8,0D,0A,0D,0,0,0,0,4E,0,0,0,1,3
3043,2026-05-21 10:53:33.901,0,0,0,0,E5,8,0D,0A,0D,0,0,0,0,4E,0,0
3044,2026-05-21 10:53:34.110,0,1,3,0,0,0,0,E7,8,0D,0A,0D,0,0,0,0
3045,2026-05-21 10:53:34.319,51,0,0,0,1,3,0,0,0,0,E5,8,0D,0A,0D,0
3046,2026-05-21 10:53:34.328,0,0,0,51,0,0,0,1,3,0,0,0,0,E5,8,0D
3047,2026-05-21 10:53:34.536,0A,0D,0,0,0,0,50,0,0,0,1,3,0,0,0,0
3048,2026-05-21 10:53:34.744,E5,8,0D,0A,0D,0,0,0,0,4E,0,0,0,1,3,0
3049,2026-05-21 10:53:34.953,0,0,0,E5,8,0D,0A,0D,0,0,0,0,4F,0,0,0
3050,2026-05-21 10:53:35.161,1,3,0,0,0,0,E7,8,0D,0A,0D,0,0,0,0,4E
3051,2026-05-21 10:53:35.370,0,0,0,1,3,0,0,0,0,E7,8,0D,0A,0D,0,0
3052,2026-05-21 10:53:35.380,0,0,51,0,0,0,1,3,0,0,0,0,E7,8,0D,0A
3053,2026-05-21 10:53:35.586,0D,0,0,0,0,44,0,0,0,1,3,0,0,0,0,E5
3054,2026-05-21 10:53:35.796,8,0D,0A,0D,0,0,0,0,52,0,0,0,1,3,0,0
3055,2026-05-21 10:53:36.003,0,0,E5,8,0D,0A,0D,0,0,0,0,54,0,0,0,1
3056,2026-05-21 10:53:36.213,3,0,0,0,0,E7,8,0D,0A,0D,0,0,0,0,52,0
3057,2026-05-21 10:53:36.421,0,0,1,3,0,0,0,0,E5,8,0D,0A,0D,0,0,0
3058,2026-05-21 10:53:36.630,0,56,0,0,0,1,3,0,0,0,0,E7,8,0D,0A,0D
3059,2026-05-21 10:53:36.639,0,0,0,0,58,0,0,0,1,3,0,0,0,0,E5,8
3060,2026-05-21 10:53:36.847,0D,0A,0D,0,0,0,0,58,0,0,0,1,3,0,0,0
3061,2026-05-21 10:53:37.055,0,E5,8,0D,0A,0D,0,0,0,0,57,0,0,0,1,3
3062,2026-05-21 10:53:37.264,0,0,0,0,E5,8,0D,0A,0D,0,0,0,0,55,0,0
3063,2026-05-21 10:53:37.472,0,1,3,0,0,0,0,E5,8,0D,0A,0D,0,0,0,0
3064,2026-05-21 10:53:37.682,56,0,0,0,1,3,0,0,0,0,E5,8,0D,0A,0D,0
3065,2026-05-21 10:53:37.703,0,0,0,56,0,0,0,1,3,0,0,0,0,E7,8,0D
3066,2026-05-21 10:53:37.898,0A,0D,0,0,0,0,57,0,0,0,1,3,0,0,0,0
3067,2026-05-21 10:53:38.107,E7,8,0D,0A,0D,0,0,0,0,56,0,0,0,1,3,0
3068,2026-05-21 10:53:38.315,0,0,0,E5,8,0D,0A,0D,0,0,0,0,56,0,0,0
3069,2026-05-21 10:53:38.523,1,3,0,0,0,0,E7,8,0D,0A,0D,0,0,0,0,56
3070,2026-05-21 10:53:38.732,0,0,0,1,3,0,0,0,0,E5,8,0D,0A,0D,0,0
3071,2026-05-21 10:53:38.745,0,0,56,0,0,0,1,3,0,0,0,0,E5,8,0D,0A
3072,2026-05-21 10:53:38.950,0D,0,0,0,0,56,0,0,0,1,3,0,0,0,0,E5
3073,2026-05-21 10:53:39.157,8,0D,0A,0D,0,0,0,0,56,0,0,0,1,3,0,0
3074,2026-05-21 10:53:39.369,0,0,E5,8,0D,0A,0D,0,0,0,0,54,0,0,0,1
3075,2026-05-21 10:53:39.574,3,0,0,0,0,E5,8,0D,0A,0D,0,0,0,0,56,0
3076,2026-05-21 10:53:39.784,0,0,1,3,0,0,0,0,E5,8,0D,0A,0D,0,0,0
3077,2026-05-21 10:53:39.992,0,56,0,0,0,1,3,0,0,0,0,E5,8,0D,0A,0D
3078,2026-05-21 10:53:40.004,0,0,0,0,57,0,0,0,1,3,0,0,0,0,E5,8
3079,2026-05-21 10:53:40.209,0D,0A,0D,0,0,0,0,58,0,0,0,1,3,0,0,0
3080,2026-05-21 10:53:40.418,0,E7,8,0D,0A,0D,0,0,0,0,58,0,0,0,1,3
3081,2026-05-21 10:53:40.626,0,0,0,0,E5,8,0D,0A,0D,0,0,0,0,55,0,0
3082,2026-05-21 10:53:40.834,0,1,3,0,0,0,0,E5,8,0D,0A,0D,0,0,0,0
3083,2026-05-21 10:53:41.043,54,0,0,0,1,3,0,0,0,0,E5,8,0D,0A,0D,0
3084,2026-05-21 10:53:41.054,0,0,0,55,0,0,0,1,3,0,0,0,0,E5,8,0D
3085,2026-05-21 10:53:41.260,0A,0D,0,0,0,0,56,0,0,0,1,3,0,0,0,0
3086,2026-05-21 10:53:41.469,E7,8,0D,0A,0D,0,0,0,0,57,0,0,0,1,3,0
3087,2026-05-21 10:53:41.677,0,0,0,E5,8,0D,0A,0D,0,0,0,0,57,0,0,0
3088,2026-05-21 10:53:41.886,1,3,0,0,0,0,E5,8,0D,0A,0D,0,0,0,0,57
3089,2026-05-21 10:53:42.106,0,0,0,1,3,0,0,0,0,E7,8,0D,0A,0D,0,0
3090,2026-05-21 10:53:42.127,0,0,56,0,0,0,1,3,0,0,0,0,E5,8,0D,0A
3091,2026-05-21 10:53:42.311,0D,0,0,0,0,56,0,0,0,1,3,0,0,0,0,E5
3092,2026-05-21 10:53:42.520,8,0D,0A,0D,0,0,0,0,55,0,0,0,1,3,0,0
3093,2026-05-21 10:53:42.728,0,0,E5,8,0D,0A,0D,0,0,0,0,56,0,0,0,1
3094,2026-05-21 10:53:42.938,3,0,0,0,0,E7,8,0D,0A,0D,0,0,0,0,56,0
3095,2026-05-21 10:53:43.146,0,0,1,3,0,0,0,0,E5,8,0D,0A,0D,0,0,0
3096,2026-05-21 10:53:43.354,0,56,0,0,0,1,3,0,0,0,0,E5,8,0D,0A,0D
3097,2026-05-21 10:53:43.364,0,0,0,0,56,0,0,0,1,3,0,0,0,0,E5,8
3098,2026-05-21 10:53:43.571,0D,0A,0D,0,0,0,0,56,0,0,0,1,3,0,0,0
3099,2026-05-21 10:53:43.780,0,E5,8,0D,0A,0D,0,0,0,0,56,0,0,0,1,3
3100,2026-05-21 10:53:43.989,0,0,0,0,E5,8,0D,0A,0D,0,0,0,0,56,0,0
3101,2026-05-21 10:53:44.201,0,1,3,0,0,0,0,E5,8,0D,0A,0D,0,0,0,0
3102,2026-05-21 10:53:44.406,56,0,0,0,1,3,0,0,0,0,E5,8,0D,0A,0D,0
3103,2026-05-21 10:53:44.415,0,0,0,56,0,0,0,1,3,0,0,0,0,E7,8,0D
3104,2026-05-21 10:53:44.623,0A,0D,0,0,0,0,56,0,0,0,1,3,0,0,0,0
3105,2026-05-21 10:53:44.831,E5,8,0D,0A,0D,0,0,0,0,56,0,0,0,1,3,0
3106,2026-05-21 10:53:45.041,0,0,0,E5,8,0D,0A,0D,0,0,0,0,56,0,0,0
3107,2026-05-21 10:53:45.249,1,3,0,0,0,0,E7,8,0D,0A,0D,0,0,0,0,56
3108,2026-05-21 10:53:45.458,0,0,0,1,3,0,0,0,0,E7,8,0D,0A,0D,0,0
3109,2026-05-21 10:53:45.468,0,0,56,0,0,0,1,3,0,0,0,0,E5,8,0D,0A
3110,2026-05-21 10:53:45.673,0D,0,0,0,0,55,0,0,0,1,3,0,0,0,0,E5
3111,2026-05-21 10:53:45.883,8,0D,0A,0D,0,0,0,0,55,0,0,0,1,3,0,0
3112,2026-05-21 10:53:46.092,0,0,E5,8,0D,0A,0D,0,0,0,0,56,0,0,0,1
3113,2026-05-21 10:53:46.300,3,0,0,0,0,E5,8,0D,0A,0D,0,0,0,0,56,0
3114,2026-05-21 10:53:46.508,0,0,1,3,0,0,0,0,E5,8,0D,0A,0D,0,0,0
3115,2026-05-21 10:53:46.717,0,55,0,0,0,1,3,0,0,0,0,E5,8,0D,0A,0D
3116,2026-05-21 10:53:46.727,0,0,0,0,56,0,0,0,1,3,0,0,0,0,E5,8
3117,2026-05-21 10:53:46.934,0D,0A,0D,0,0,0,0,56,0,0,0,1,3,0,0,0
3118,2026-05-21 10:53:47.143,0,E5,8,0D,0A,0D,0,0,0,0,56,0,0,0,1,3
3119,2026-05-21 10:53:47.352,0,0,0,0,E5,8,0D,0A,0D,0,0,0,0,56,0,0
3120,2026-05-21 10:53:47.560,0,1,3,0,0,0,0,E5,8,0D,0A,0D,0,0,0,0
3121,2026-05-21 10:53:47.768,56,0,0,0,1,3,0,0,0,0,E7,8,0D,0A,0D,0
3122,2026-05-21 10:53:47.777,0,0,0,56,0,0,0,1,3,0,0,0,0,E5,8,0D
3123,2026-05-21 10:53:47.986,0A,0D,0,0,0,0,56,0,0,0,1,3,0,0,0,0
3124,2026-05-21 10:53:48.194,E7,8,0D,0A,0D,0,0,0,0,56,0,0,0,1,3,0
3125,2026-05-21 10:53:48.409,0,0,0,E7,8,0D,0A,0D,0,0,0,0,56,0,0,0
3126,2026-05-21 10:53:48.611,1,3,0,0,0,0,E7,8,0D,0A,0D,0,0,0,0,56
3127,2026-05-21 10:53:48.819,0,0,0,1,3,0,0,0,0,E5,8,0D,0A,0D,0,0
3128,2026-05-21 10:53:48.829,0,0,56,0,0,0,1,3,0,0,0,0,E5,8,0D,0A
3129,2026-05-21 10:53:49.037,0D,0,0,0,0,56,0,0,0,1,3,0,0,0,0,E5
3130,2026-05-21 10:53:49.245,8,0D,0A,0D,0,0,0,0,56,0,0,0,1,3,0,0
3131,2026-05-21 10:53:49.454,0,0,E7,8,0D,0A,0D,0,0,0,0,56,0,0,0,1
3132,2026-05-21 10:53:49.662,3,0,0,0,0,E5,8,0D,0A,0D,0,0,0,0,57,0
3133,2026-05-21 10:53:49.871,0,0,1,3,0,0,0,0,E5,8,0D,0A,0D,0,0,0
3134,2026-05-21 10:53:50.079,0,56,0,0,0,1,3,0,0,0,0,E5,8,0D,0A,0D
3135,2026-05-21 10:53:50.091,0,0,0,0,56,0,0,0,1,3,0,0,0,0,E7,8
3136,2026-05-21 10:53:50.296,0D,0A,0D,0,0,0,0,56,0,0,0,1,3,0,0,0
3137,2026-05-21 10:53:50.506,0,E5,8,0D,0A,0D,0,0,0,0,56,0,0,0,1,3
3138,2026-05-21 10:53:50.723,0,0,0,0,E7,8,0D,0A,0D,0,0,0,0,56,0,0
3139,2026-05-21 10:53:50.923,0,1,3,0,0,0,0,E7,8,0D,0A,0D,0,0,0,0
3140,2026-05-21 10:53:51.131,56,0,0,0,1,3,0,0,0,0,E7,8,0D,0A,0D,0
3141,2026-05-21 10:53:51.144,0,0,0,57,0,0,0,1,3,0,0,0,0,E5,8,0D
3142,2026-05-21 10:53:51.348,0A,0D,0,0,0,0,58,0,0,0,1,3,0,0,0,0
3143,2026-05-21 10:53:51.557,E5,8,0D,0A,0D,0,0,0,0,57,0,0,0,1,3,0
3144,2026-05-21 10:53:51.765,0,0,0,E5,8,0D,0A,0D,0,0,0,0,56,0,0,0
3145,2026-05-21 10:53:51.974,1,3,0,0,0,0,E5,8,0D,0A,0D,0,0,0,0,57
3146,2026-05-21 10:53:52.182,0,0,0,1,3,0,0,0,0,E5,8,0D,0A,0D,0,0
3147,2026-05-21 10:53:52.192,0,0,56,0,0,0,1,3,0,0,0,0,E5,8,0D,0A
3148,2026-05-21 10:53:52.400,0D,0,0,0,0,57,0,0,0,1,3,0,0,0,0,E7
3149,2026-05-21 10:53:52.609,8,0D,0A,0D,0,0,0,0,57,0,0,0,1,3,0,0
3150,2026-05-21 10:53:52.817,0,0,E5,8,0D,0A,0D,0,0,0,0,57,0,0,0,1
3151,2026-05-21 10:53:53.026,3,0,0,0,0,E5,8,0D,0A,0D,0,0,0,0,57,0
3152,2026-05-21 10:53:53.234,0,0,1,3,0,0,0,0,E5,8,0D,0A,0D,0,0,0
3153,2026-05-21 10:53:53.443,0,57,0,0,0,1,3,0,0,0,0,E5,8,0D,0A,0D
3154,2026-05-21 10:53:53.466,0,0,0,0,56,0,0,0,1,3,0,0,0,0,E5,8
3155,2026-05-21 10:53:53.660,0D,0A,0D,0,0,0,0,56,0,0,0,1,3,0,0,0
3156,2026-05-21 10:53:53.872,0,E5,8,0D,0A,0D,0,0,0,0,56,0,0,0,1,3
3157,2026-05-21 10:53:54.077,0,0,0,0,E5,8,0D,0A,0D,0,0,0,0,56,0,0
3158,2026-05-21 10:53:54.286,0,1,3,0,0,0,0,E5,8,0D,0A,0D,0,0,0,0
3159,2026-05-21 10:53:54.495,57,0,0,0,1,3,0,0,0,0,E5,8,0D,0A,0D,0
3160,2026-05-21 10:53:54.504,0,0,0,57,0,0,0,1,3,0,0,0,0,E5,8,0D
3161,2026-05-21 10:53:54.711,0A,0D,0,0,0,0,57,0,0,0,1,3,0,0,0,0
3162,2026-05-21 10:53:54.919,E5,8,0D,0A,0D,0,0,0,0,58,0,0,0,1,3,0
3163,2026-05-21 10:53:55.129,0,0,0,E5,8,0D,0A,0D,0,0,0,0,57,0,0,0
3164,2026-05-21 10:53:55.338,1,3,0,0,0,0,E5,8,0D,0A,0D,0,0,0,0,57
3165,2026-05-21 10:53:55.546,0,0,0,1,3,0,0,0,0,D2,8,0D,0A,0D,0,0
3166,2026-05-21 10:53:55.556,0,0,58,0,0,0,1,3,0,0,0,0,E5,8,0D,0A
3167,2026-05-21 10:53:55.763,0D,0,0,0,0,57,0,0,0,1,3,0,0,0,0,E5
3168,2026-05-21 10:53:55.971,8,0D,0A,0D,0,0,0,0,58,0,0,0,1,3,0,0
3169,2026-05-21 10:53:56.180,0,0,E7,8,0D,0A,0D,0,0,0,0,57,0,0,0,1
3170,2026-05-21 10:53:56.388,3,0,0,0,0,E7,8,0D,0A,0D,0,0,0,0,57,0
3171,2026-05-21 10:53:56.597,0,0,1,3,0,0,0,0,E7,8,0D,0A,0D,0,0,0
3172,2026-05-21 10:53:56.806,0,57,0,0,0,1,3,0,0,0,0,E5,8,0D,0A,0D
3173,2026-05-21 10:53:56.816,0,0,0,0,58,0,0,0,1,3,0,0,0,0,E7,8
3174,2026-05-21 10:53:57.023,0D,0A,0D,0,0,0,0,58,0,0,0,1,3,0,0,0
3175,2026-05-21 10:53:57.231,0,E7,8,0D,0A,0D,0,0,0,0,58,0,0,0,1,3
3176,2026-05-21 10:53:57.440,0,0,0,0,E5,8,0D,0A,0D,0,0,0,0,55,0,0
3177,2026-05-21 10:53:57.648,0,1,3,0,0,0,0,E5,8,0D,0A,0D,0,0,0,0
3178,2026-05-21 10:53:57.857,57,0,0,0,1,3,0,0,0,0,E5,8,0D,0A,0D,0
3179,2026-05-21 10:53:57.869,0,0,0,57,0,0,0,1,3,0,0,0,0,E5,8,0D
3180,2026-05-21 10:53:58.074,0A,0D,0,0,0,0,58,0,0,0,1,3,0,0,0,0
3181,2026-05-21 10:53:58.283,E5,8,0D,0A,0D,0,0,0,0,58,0,0,0,1,3,0
3182,2026-05-21 10:53:58.492,0,0,0,E5,8,0D,0A,0D,0,0,0,0,58,0,0,0
3183,2026-05-21 10:53:58.702,1,3,0,0,0,0,E5,8,0D,0A,0D,0,0,0,0,58
3184,2026-05-21 10:53:58.909,0,0,0,1,3,0,0,0,0,E7,8,0D,0A,0D,0,0
3185,2026-05-21 10:53:58.920,0,0,59,0,0,0,1,3,0,0,0,0,E5,8,0D,0A
3186,2026-05-21 10:53:59.129,0D,0,0,0,0,58,0,0,0,1,3,0,0,0,0,E5
3187,2026-05-21 10:53:59.335,8,0D,0A,0D,0,0,0,0,59,0,0,0,1,3,0,0
3188,2026-05-21 10:53:59.543,0,0,E5,8,0D,0A,0D,0,0,0,0,59,0,0,0,1
3189,2026-05-21 10:53:59.752,3,0,0,0,0,E5,8,0D,0A,0D,0,0,0,0,59,0
3190,2026-05-21 10:53:59.960,0,0,1,3,0,0,0,0,E7,8,0D,0A,0D,0,0,0
3191,2026-05-21 10:54:00.170,0,59,0,0,0,1,3,0,0,0,0,E7,8,0D,0A,0D
3192,2026-05-21 10:54:00.180,0,0,0,0,59,0,0,0,1,3,0,0,0,0,E5,8
3193,2026-05-21 10:54:00.386,0D,0A,0D,0,0,0,0,59,0,0,0,1,3,0,0,0
3194,2026-05-21 10:54:00.594,0,E5,8,0D,0A,0D,0,0,0,0,59,0,0,0,1,3
3195,2026-05-21 10:54:00.804,0,0,0,0,E7,8,0D,0A,0D,0,0,0,0,58,0,0
3196,2026-05-21 10:54:01.012,0,1,3,0,0,0,0,E5,8,0D,0A,0D,0,0,0,0
3197,2026-05-21 10:54:01.221,59,0,0,0,1,3,0,0,0,0,E5,8,0D,0A,0D,0
3198,2026-05-21 10:54:01.230,0,0,0,57,0,0,0,1,3,0,0,0,0,E7,8,0D
3199,2026-05-21 10:54:01.437,0A,0D,0,0,0,0,56,0,0,0,1,3,0,0,0,0
3200,2026-05-21 10:54:01.647,E7,8,0D,0A,0D,0,0,0,0,56,0,0,0,1,3,0
3201,2026-05-21 10:54:01.855,0,0,0,E5,8,0D,0A,0D,0,0,0,0,56,0,0,0
3202,2026-05-21 10:54:02.064,1,3,0,0,0,0,E5,8,0D,0A,0D,0,0,0,0,57
3203,2026-05-21 10:54:02.272,0,0,0,1,3,0,0,0,0,E5,8,0D,0A,0D,0,0
3204,2026-05-21 10:54:02.282,0,0,57,0,0,0,1,3,0,0,0,0,E5,8,0D,0A
3205,2026-05-21 10:54:02.489,0D,0,0,0,0,59,0,0,0,1,3,0,0,0,0,E5
3206,2026-05-21 10:54:02.697,8,0D,0A,0D,0,0,0,0,59,0,0,0,1,3,0,0
3207,2026-05-21 10:54:02.906,0,0,E7,8,0D,0A,0D,0,0,0,0,57,0,0,0,1
3208,2026-05-21 10:54:03.115,3,0,0,0,0,E5,8,0D,0A,0D,0,0,0,0,56,0
3209,2026-05-21 10:54:03.324,0,0,1,3,0,0,0,0,E5,8,0D,0A,0D,0,0,0
3210,2026-05-21 10:54:03.532,0,4E,0,0,0,1,3,0,0,0,0,E7,8,0D,0A,0D
3211,2026-05-21 10:54:03.546,0,0,0,0,51,0,0,0,1,3,0,0,0,0,E5,8
3212,2026-05-21 10:54:03.749,0D,0A,0D,0,0,0,0,4E,0,0,0,1,3,0,0,0
3213,2026-05-21 10:54:03.957,0,E5,8,0D,0A,0D,0,0,0,0,37,0,0,0,1,3
3214,2026-05-21 10:54:04.166,0,0,0,0,E5,8,0D,0A,0D,0,0,0,0,48,0,0
3215,2026-05-21 10:54:04.375,0,1,3,0,0,0,0,E7,8,0D,0A,0D,0,0,0,0
3216,2026-05-21 10:54:04.583,46,0,0,0,1,3,0,0,0,0,E5,8,0D,0A,0D,0
3217,2026-05-21 10:54:04.596,0,0,0,45,0,0,0,1,3,0,0,0,0,E5,8,0D
3218,2026-05-21 10:54:04.800,0A,0D,0,0,0,0,4B,0,0,0,1,3,0,0,0,0
3219,2026-05-21 10:54:05.009,E5,8,0D,0A,0D,0,0,0,0,42,0,0,0,1,3,0
3220,2026-05-21 10:54:05.217,0,0,0,E5,8,0D,0A,0D,0,0,0,0,3F,0,0,0
3221,2026-05-21 10:54:05.426,1,3,0,0,0,0,E5,8,0D,0A,0D,0,0,0,0,47
3222,2026-05-21 10:54:05.635,0,0,0,1,3,0,0,0,0,E7,8,0D,0A,0D,0,0
3223,2026-05-21 10:54:05.645,0,0,43,0,0,0,1,3,0,0,0,0,E5,8,0D,0A
3224,2026-05-21 10:54:05.852,0D,0,0,0,0,3D,0,0,0,1,3,0,0,0,0,E5
3225,2026-05-21 10:54:06.060,8,0D,0A,0D,0,0,0,0,4A,0,0,0,1,3,0,0
3226,2026-05-21 10:54:06.268,0,0,E7,8,0D,0A,0D,0,0,0,0,4B,0,0,0,1
3227,2026-05-21 10:54:06.477,3,0,0,0,0,E5,8,0D,0A,0D,0,0,0,0,4C,0
3228,2026-05-21 10:54:06.686,0,0,1,3,0,0,0,0,E3,8,0D,0A,0D,0,0,0
3229,2026-05-21 10:54:06.894,0,4C,0,0,0,1,3,0,0,0,0,E7,8,0D,0A,0D
3230,2026-05-21 10:54:06.904,0,0,0,0,4C,0,0,0,1,3,0,0,0,0,E5,8
3231,2026-05-21 10:54:07.111,0D,0A,0D,0,0,0,0,4C,0,0,0,1,3,0,0,0
3232,2026-05-21 10:54:07.320,0,E7,8,0D,0A,0D,0,0,0,0,4B,0,0,0,1,3
3233,2026-05-21 10:54:07.529,0,0,0,0,E7,8,0D,0A,0D,0,0,0,0,49,0,0
3234,2026-05-21 10:54:07.737,0,1,3,0,0,0,0,E5,8,0D,0A,0D,0,0,0,0
3235,2026-05-21 10:54:07.946,4B,0,0,0,1,3,0,0,0,0,E5,8,0D,0A,0D,0
3236,2026-05-21 10:54:07.955,0,0,0,4A,0,0,0,1,3,0,0,0,0,E7,8,0D
3237,2026-05-21 10:54:08.163,0A,0D,0,0,0,0,4C,0,0,0,1,3,0,0,0,0
3238,2026-05-21 10:54:08.371,E5,8,0D,0A,0D,0,0,0,0,4B,0,0,0,1,3,0
3239,2026-05-21 10:54:08.580,0,0,0,E7,8,0D,0A,0D,0,0,0,0,4C,0,0,0
3240,2026-05-21 10:54:08.789,1,3,0,0,0,0,E7,8,0D,0A,0D,0,0,0,0,4C
3241,2026-05-21 10:54:08.998,0,0,0,1,3,0,0,0,0,E7,8,0D,0A,0D,0,0
3242,2026-05-21 10:54:09.007,0,0,4C,0,0,0,1,3,0,0,0,0,E5,8,0D,0A
3243,2026-05-21 10:54:09.214,0D,0,0,0,0,4C,0,0,0,1,3,0,0,0,0,E5
3244,2026-05-21 10:54:09.423,8,0D,0A,0D,0,0,0,0,4C,0,0,0,1,3,0,0
3245,2026-05-21 10:54:09.631,0,0,E5,8,0D,0A,0D,0,0,0,0,4D,0,0,0,1
3246,2026-05-21 10:54:09.840,3,0,0,0,0,E5,8,0D,0A,0D,0,0,0,0,4C,0
3247,2026-05-21 10:54:10.048,0,0,1,3,0,0,0,0,E5,8,0D,0A,0D,0,0,0
3248,2026-05-21 10:54:10.257,0,4D,0,0,0,1,3,0,0,0,0,E7,8,0D,0A,0D
3249,2026-05-21 10:54:10.267,0,0,0,0,4C,0,0,0,1,3,0,0,0,0,E5,8
3250,2026-05-21 10:54:10.474,0D,0A,0D,0,0,0,0,51,0,0,0,1,3,0,0,0
3251,2026-05-21 10:54:10.683,0,E5,8,0D,0A,0D,0,0,0,0,4C,0,0,0,1,3
3252,2026-05-21 10:54:10.891,0,0,0,0,E7,8,0D,0A,0D,0,0,0,0,4D,0,0
3253,2026-05-21 10:54:11.100,0,1,3,0,0,0,0,E5,8,0D,0A,0D,0,0,0,0
3254,2026-05-21 10:54:11.309,4C,0,0,0,1,3,0,0,0,0,E5,8,0D,0A,0D,0
3255,2026-05-21 10:54:11.328,0,0,0,4E,0,0,0,1,3,0,0,0,0,E5,8,0D
3256,2026-05-21 10:54:11.525,0A,0D,0,0,0,0,4D,0,0,0,1,3,0,0,0,0
3257,2026-05-21 10:54:11.735,E7,8,0D,0A,0D,0,0,0,0,4E,0,0,0,1,3,0
3258,2026-05-21 10:54:11.943,0,0,0,E5,8,0D,0A,0D,0,0,0,0,4C,0,0,0
3259,2026-05-21 10:54:12.152,1,3,0,0,0,0,E5,8,0D,0A,0D,0,0,0,0,4D
3260,2026-05-21 10:54:12.360,0,0,0,1,3,0,0,0,0,E5,8,0D,0A,0D,0,0
3261,2026-05-21 10:54:12.369,0,0,4C,0,0,0,1,3,0,0,0,0,E5,8,0D,0A
3262,2026-05-21 10:54:12.577,0D,0,0,0,0,4D,0,0,0,1,3,0,0,0,0,E5
3263,2026-05-21 10:54:12.786,8,0D,0A,0D,0,0,0,0,4E,0,0,0,1,3,0,0
3264,2026-05-21 10:54:12.994,0,0,E5,8,0D,0A,0D,0,0,0,0,4E,0,0,0,1
3265,2026-05-21 10:54:13.203,3,0,0,0,0,E5,8,0D,0A,0D,0,0,0,0,4D,0
3266,2026-05-21 10:54:13.411,0,0,1,3,0,0,0,0,E5,8,0D,0A,0D,0,0,0
3267,2026-05-21 10:54:13.620,0,4D,0,0,0,1,3,0,0,0,0,E5,8,0D,0A,0D
3268,2026-05-21 10:54:13.634,0,0,0,0,4D,0,0,0,1,3,0,0,0,0,E7,8
3269,2026-05-21 10:54:13.837,0D,0A,0D,0,0,0,0,4D,0,0,0,1,3,0,0,0
3270,2026-05-21 10:54:14.046,0,E5,8,0D,0A,0D,0,0,0,0,4B,0,0,0,1,3
3271,2026-05-21 10:54:14.254,0,0,0,0,E5,8,0D,0A,0D,0,0,0,0,4C,0,0
3272,2026-05-21 10:54:14.456,0,1,3,0,0,0,0,E5,8,0D,0A,0D,0,0,0,0
3273,2026-05-21 10:54:14.671,4A,0,0,0,1,3,0,0,0,0,E7,8,0D,0A,0D,0
3274,2026-05-21 10:54:14.680,0,0,0,4B,0,0,0,1,3,0,0,0,0,E5,8,0D
3275,2026-05-21 10:54:14.888,0A,0D,0,0,0,0,4A,0,0,0,1,3,0,0,0,0
3276,2026-05-21 10:54:15.098,E5,8,0D,0A,0D,0,0,0,0,4B,0,0,0,1,3,0
3277,2026-05-21 10:54:15.306,0,0,0,E5,8,0D,0A,0D,0,0,0,0,4B,0,0,0
3278,2026-05-21 10:54:15.514,1,3,0,0,0,0,E5,8,0D,0A,0D,0,0,0,0,4B
3279,2026-05-21 10:54:15.722,0,0,0,1,3,0,0,0,0,E3,8,0D,0A,0D,0,0
3280,2026-05-21 10:54:15.731,0,0,4C,0,0,0,1,3,0,0,0,0,E5,8,0D,0A
3281,2026-05-21 10:54:15.939,0D,0,0,0,0,4C,0,0,0,1,3,0,0,0,0,E5
3282,2026-05-21 10:54:16.148,8,0D,0A,0D,0,0,0,0,4C,0,0,0,1,3,0,0
3283,2026-05-21 10:54:16.357,0,0,E5,8,0D,0A,0D,0,0,0,0,4B,0,0,0,1
3284,2026-05-21 10:54:16.565,3,0,0,0,0,E5,8,0D,0A,0D,0,0,0,0,4C,0
3285,2026-05-21 10:54:16.774,0,0,1,3,0,0,0,0,E7,8,0D,0A,0D,0,0,0
3286,2026-05-21 10:54:16.982,0,4C,0,0,0,1,3,0,0,0,0,E5,8,0D,0A,0D
3287,2026-05-21 10:54:16.996,0,0,0,0,4C,0,0,0,1,3,0,0,0,0,E5,8
3288,2026-05-21 10:54:17.200,0D,0A,0D,0,0,0,0,4B,0,0,0,1,3,0,0,0
3289,2026-05-21 10:54:17.408,0,E5,8,0D,0A,0D,0,0,0,0,4C,0,0,0,1,3
3290,2026-05-21 10:54:17.617,0,0,0,0,E5,8,0D,0A,0D,0,0,0,0,4B,0,0
3291,2026-05-21 10:54:17.825,0,1,3,0,0,0,0,E5,8,0D,0A,0D,0,0,0,0
3292,2026-05-21 10:54:18.034,50,0,0,0,1,3,0,0,0,0,E5,8,0D,0A,0D,0
3293,2026-05-21 10:54:18.042,0,0,0,4C,0,0,0,1,3,0,0,0,0,E7,8,0D
3294,2026-05-21 10:54:18.252,0A,0D,0,0,0,0,4C,0,0,0,1,3,0,0,0,0
3295,2026-05-21 10:54:18.455,E5,8,0D,0A,0D,0,0,0,0,4C,0,0,0,1,3,0
3296,2026-05-21 10:54:18.668,0,0,0,E5,8,0D,0A,0D,0,0,0,0,4D,0,0,0
3297,2026-05-21 10:54:18.876,1,3,0,0,0,0,E5,8,0D,0A,0D,0,0,0,0,4C
3298,2026-05-21 10:54:19.086,0,0,0,1,3,0,0,0,0,E5,8,0D,0A,0D,0,0
3299,2026-05-21 10:54:19.101,0,0,4C,0,0,0,1,3,0,0,0,0,E7,8,0D,0A
3300,2026-05-21 10:54:19.302,0D,0,0,0,0,4B,0,0,0,1,3,0,0,0,0,E5
3301,2026-05-21 10:54:19.511,8,0D,0A,0D,0,0,0,0,4C,0,0,0,1,3,0,0
3302,2026-05-21 10:54:19.719,0,0,E5,8,0D,0A,0D,0,0,0,0,4C,0,0,0,1
3303,2026-05-21 10:54:19.928,3,0,0,0,0,E7,8,0D,0A,0D,0,0,0,0,4C,0
3304,2026-05-21 10:54:20.137,0,0,1,3,0,0,0,0,E5,8,0D,0A,0D,0,0,0
3305,2026-05-21 10:54:20.346,0,4C,0,0,0,1,3,0,0,0,0,E7,8,0D,0A,0D
3306,2026-05-21 10:54:20.356,0,0,0,0,4C,0,0,0,1,3,0,0,0,0,E5,8
3307,2026-05-21 10:54:20.563,0D,0A,0D,0,0,0,0,4C,0,0,0,1,3,0,0,0
3308,2026-05-21 10:54:20.771,0,E7,8,0D,0A,0D,0,0,0,0,4C,0,0,0,1,3
3309,2026-05-21 10:54:20.979,0,0,0,0,E5,8,0D,0A,0D,0,0,0,0,4C,0,0
3310,2026-05-21 10:54:21.189,0,1,3,0,0,0,0,E5,8,0D,0A,0D,0,0,0,0
3311,2026-05-21 10:54:21.397,4C,0,0,0,1,3,0,0,0,0,E7,8,0D,0A,0D,0
3312,2026-05-21 10:54:21.409,0,0,0,4B,0,0,0,1,3,0,0,0,0,E5,8,0D
3313,2026-05-21 10:54:21.614,0A,0D,0,0,0,0,4C,0,0,0,1,3,0,0,0,0
3314,2026-05-21 10:54:21.823,E7,8,0D,0A,0D,0,0,0,0,4B,0,0,0,1,3,0
3315,2026-05-21 10:54:22.031,0,0,0,E7,8,0D,0A,0D,0,0,0,0,4B,0,0,0
3316,2026-05-21 10:54:22.240,1,3,0,0,0,0,E5,8,0D,0A,0D,0,0,0,0,4B
3317,2026-05-21 10:54:22.438,0,0,0,1,3,0,0,0,0,E7,8,0D,0A,0D,0,0
3318,2026-05-21 10:54:22.463,0,0,4B,0,0,0,1,3,0,0,0,0,E5,8,0D,0A
3319,2026-05-21 10:54:22.665,0D,0,0,0,0,4B,0,0,0,1,3,0,0,0,0,E5
3320,2026-05-21 10:54:22.874,8,0D,0A,0D,0,0,0,0,4C,0,0,0,1,3,0,0
3321,2026-05-21 10:54:23.083,0,0,E5,8,0D,0A,0D,0,0,0,0,4C,0,0,0,1
3322,2026-05-21 10:54:23.291,3,0,0,0,0,E7,8,0D,0A,0D,0,0,0,0,4C,0
3323,2026-05-21 10:54:23.500,0,0,1,3,0,0,0,0,E7,8,0D,0A,0D,0,0,0
3324,2026-05-21 10:54:23.709,0,4C,0,0,0,1,3,0,0,0,0,E5,8,0D,0A,0D
3325,2026-05-21 10:54:23.718,0,0,0,0,4C,0,0,0,1,3,0,0,0,0,E7,8
3326,2026-05-21 10:54:23.925,0D,0A,0D,0,0,0,0,4D,0,0,0,1,3,0,0,0
3327,2026-05-21 10:54:24.134,0,E7,8,0D,0A,0D,0,0,0,0,4C,0,0,0,1,3
3328,2026-05-21 10:54:24.342,0,0,0,0,E7,8,0D,0A,0D,0,0,0,0,4D,0,0
3329,2026-05-21 10:54:24.552,0,1,3,0,0,0,0,E5,8,0D,0A,0D,0,0,0,0
3330,2026-05-21 10:54:24.760,4C,0,0,0,1,3,0,0,0,0,E5,8,0D,0A,0D,0
3331,2026-05-21 10:54:24.769,0,0,0,4F,0,0,0,1,3,0,0,0,0,E5,8,0D
3332,2026-05-21 10:54:24.977,0A,0D,0,0,0,0,4C,0,0,0,1,3,0,0,0,0
3333,2026-05-21 10:54:25.186,E5,8,0D,0A,0D,0,0,0,0,4D,0,0,0,1,3,0
3334,2026-05-21 10:54:25.394,0,0,0,E3,8,0D,0A,0D,0,0,0,0,4C,0,0,0
3335,2026-05-21 10:54:25.603,1,3,0,0,0,0,E5,8,0D,0A,0D,0,0,0,0,4E
3336,2026-05-21 10:54:25.812,0,0,0,1,3,0,0,0,0,E5,8,0D,0A,0D,0,0
3337,2026-05-21 10:54:25.823,0,0,4C,0,0,0,1,3,0,0,0,0,E5,8,0D,0A
3338,2026-05-21 10:54:26.028,0D,0,0,0,0,4E,0,0,0,1,3,0,0,0,0,E5
3339,2026-05-21 10:54:26.237,8,0D,0A,0D,0,0,0,0,4D,0,0,0,1,3,0,0
3340,2026-05-21 10:54:26.444,0,0,E7,8,0D,0A,0D,0,0,0,0,4E,0,0,0,1
3341,2026-05-21 10:54:26.654,3,0,0,0,0,E5,8,0D,0A,0D,0,0,0,0,4D,0
3342,2026-05-21 10:54:26.859,0,0,1,3,0,0,0,0,E5,8,0D,0A,0D,0,0,0
3343,2026-05-21 10:54:27.071,0,4E,0,0,0,1,3,0,0,0,0,E7,8,0D,0A,0D
3344,2026-05-21 10:54:27.080,0,0,0,0,4D,0,0,0,1,3,0,0,0,0,E7,8
3345,2026-05-21 10:54:27.302,0D,0A,0D,0,0,0,0,4E,0,0,0,1,3,0,0,0
3346,2026-05-21 10:54:27.497,0,E5,8,0D,0A,0D,0,0,0,0,4C,0,0,0,1,3
3347,2026-05-21 10:54:27.705,0,0,0,0,E5,8,0D,0A,0D,0,0,0,0,4C,0,0
3348,2026-05-21 10:54:27.915,0,1,3,0,0,0,0,E5,8,0D,0A,0D,0,0,0,0
3349,2026-05-21 10:54:28.123,4C,0,0,0,1,3,0,0,0,0,E5,8,0D,0A,0D,0
3350,2026-05-21 10:54:28.132,0,0,0,4D,0,0,0,1,3,0,0,0,0,E7,8,0D
3351,2026-05-21 10:54:28.339,0A,0D,0,0,0,0,4D,0,0,0,1,3,0,0,0,0
3352,2026-05-21 10:54:28.548,E5,8,0D,0A,0D,0,0,0,0,4D,0,0,0,1,3,0
3353,2026-05-21 10:54:28.757,0,0,0,E5,8,0D,0A,0D,0,0,0,0,4B,0,0,0
3354,2026-05-21 10:54:28.965,1,3,0,0,0,0,E5,8,0D,0A,0D,0,0,0,0,4C
3355,2026-05-21 10:54:29.173,0,0,0,1,3,0,0,0,0,E7,8,0D,0A,0D,0,0
3356,2026-05-21 10:54:29.187,0,0,4B,0,0,0,1,3,0,0,0,0,E7,8,0D,0A
3357,2026-05-21 10:54:29.390,0D,0,0,0,0,4C,0,0,0,1,3,0,0,0,0,E7
3358,2026-05-21 10:54:29.599,8,0D,0A,0D,0,0,0,0,4C,0,0,0,1,3,0,0
3359,2026-05-21 10:54:29.808,0,0,E7,8,0D,0A,0D,0,0,0,0,4C,0,0,0,1
3360,2026-05-21 10:54:30.019,3,0,0,0,0,E5,8,0D,0A,0D,0,0,0,0,4C,0
3361,2026-05-21 10:54:30.226,0,0,1,3,0,0,0,0,E5,8,0D,0A,0D,0,0,0
3362,2026-05-21 10:54:30.434,0,4C,0,0,0,1,3,0,0,0,0,E5,8,0D,0A,0D
3363,2026-05-21 10:54:30.446,0,0,0,0,4D,0,0,0,1,3,0,0,0,0,E5,8
3364,2026-05-21 10:54:30.651,0D,0A,0D,0,0,0,0,4C,0,0,0,1,3,0,0,0
3365,2026-05-21 10:54:30.856,0,E7,8,0D,0A,0D,0,0,0,0,4D,0,0,0,1,3
3366,2026-05-21 10:54:31.068,0,0,0,0,E5,8,0D,0A,0D,0,0,0,0,4C,0,0
3367,2026-05-21 10:54:31.277,0,1,3,0,0,0,0,E5,8,0D,0A,0D,0,0,0,0
3368,2026-05-21 10:54:31.486,4E,0,0,0,1,3,0,0,0,0,E5,8,0D,0A,0D,0
3369,2026-05-21 10:54:31.500,0,0,0,4C,0,0,0,1,3,0,0,0,0,E5,8,0D
3370,2026-05-21 10:54:31.702,0A,0D,0,0,0,0,4E,0,0,0,1,3,0,0,0,0
3371,2026-05-21 10:54:31.911,E5,8,0D,0A,0D,0,0,0,0,4C,0,0,0,1,3,0
3372,2026-05-21 10:54:32.120,0,0,0,E7,8,0D,0A,0D,0,0,0,0,51,0,0,0
3373,2026-05-21 10:54:32.328,1,3,0,0,0,0,E5,8,0D,0A,0D,0,0,0,0,4C
3374,2026-05-21 10:54:32.536,0,0,0,1,3,0,0,0,0,E5,8,0D,0A,0D,0,0
3375,2026-05-21 10:54:32.545,0,0,4D,0,0,0,1,3,0,0,0,0,E5,8,0D,0A
3376,2026-05-21 10:54:32.754,0D,0,0,0,0,4C,0,0,0,1,3,0,0,0,0,E5
3377,2026-05-21 10:54:32.962,8,0D,0A,0D,0,0,0,0,4E,0,0,0,1,3,0,0
3378,2026-05-21 10:54:33.171,0,0,E5,8,0D,0A,0D,0,0,0,0,4C,0,0,0,1
3379,2026-05-21 10:54:33.380,3,0,0,0,0,E5,8,0D,0A,0D,0,0,0,0,4D,0
3380,2026-05-21 10:54:33.588,0,0,1,3,0,0,0,0,E5,8,0D,0A,0D,0,0,0
3381,2026-05-21 10:54:33.797,0,4C,0,0,0,1,3,0,0,0,0,E7,8,0D,0A,0D
3382,2026-05-21 10:54:33.809,0,0,0,0,4D,0,0,0,1,3,0,0,0,0,E5,8
3383,2026-05-21 10:54:34.014,0D,0A,0D,0,0,0,0,4B,0,0,0,1,3,0,0,0
3384,2026-05-21 10:54:34.222,0,E5,8,0D,0A,0D,0,0,0,0,4C,0,0,0,1,3
3385,2026-05-21 10:54:34.431,0,0,0,0,E5,8,0D,0A,0D,0,0,0,0,4C,0,0
3386,2026-05-21 10:54:34.639,0,1,3,0,0,0,0,E7,8,0D,0A,0D,0,0,0,0
3387,2026-05-21 10:54:34.838,4A,0,0,0,1,3,0,0,0,0,E7,8,0D,0A,0D,0
3388,2026-05-21 10:54:34.858,0,0,0,4A,0,0,0,1,3,0,0,0,0,E7,8,0D
3389,2026-05-21 10:54:35.065,0A,0D,0,0,0,0,4A,0,0,0,1,3,0,0,0,0
3390,2026-05-21 10:54:35.274,E7,8,0D,0A,0D,0,0,0,0,4A,0,0,0,1,3,0
3391,2026-05-21 10:54:35.482,0,0,0,E7,8,0D,0A,0D,0,0,0,0,4A,0,0,0
3392,2026-05-21 10:54:35.690,1,3,0,0,0,0,E7,8,0D,0A,0D,0,0,0,0,4A
3393,2026-05-21 10:54:35.899,0,0,0,1,3,0,0,0,0,E7,8,0D,0A,0D,0,0
3394,2026-05-21 10:54:35.908,0,0,4A,0,0,0,1,3,0,0,0,0,E5,8,0D,0A
3395,2026-05-21 10:54:36.116,0D,0,0,0,0,46,0,0,0,1,3,0,0,0,0,E7
3396,2026-05-21 10:54:36.324,8,0D,0A,0D,0,0,0,0,49,0,0,0,1,3,0,0
3397,2026-05-21 10:54:36.533,0,0,E7,8,0D,0A,0D,0,0,0,0,49,0,0,0,1
3398,2026-05-21 10:54:36.741,3,0,0,0,0,E5,8,0D,0A,0D,0,0,0,0,4A,0
3399,2026-05-21 10:54:36.951,0,0,1,3,0,0,0,0,E7,8,0D,0A,0D,0,0,0
3400,2026-05-21 10:54:37.159,0,4A,0,0,0,1,3,0,0,0,0,E5,8,0D,0A,0D
3401,2026-05-21 10:54:37.168,0,0,0,0,4A,0,0,0,1,3,0,0,0,0,E5,8
3402,2026-05-21 10:54:37.376,0D,0A,0D,0,0,0,0,4A,0,0,0,1,3,0,0,0
3403,2026-05-21 10:54:37.586,0,E5,8,0D,0A,0D,0,0,0,0,4A,0,0,0,1,3
3404,2026-05-21 10:54:37.793,0,0,0,0,E7,8,0D,0A,0D,0,0,0,0,4A,0,0
3405,2026-05-21 10:54:38.002,0,1,3,0,0,0,0,E5,8,0D,0A,0D,0,0,0,0
3406,2026-05-21 10:54:38.210,4A,0,0,0,1,3,0,0,0,0,E7,8,0D,0A,0D,0
3407,2026-05-21 10:54:38.221,0,0,0,4A,0,0,0,1,3,0,0,0,0,E5,8,0D
3408,2026-05-21 10:54:38.427,0A,0D,0,0,0,0,4A,0,0,0,1,3,0,0,0,0
3409,2026-05-21 10:54:38.636,E5,8,0D,0A,0D,0,0,0,0,4B,0,0,0,1,3,0
3410,2026-05-21 10:54:38.838,0,0,0,E5,8,0D,0A,0D,0,0,0,0,4A,0,0,0
3411,2026-05-21 10:54:39.053,1,3,0,0,0,0,E7,8,0D,0A,0D,0,0,0,0,4A
3412,2026-05-21 10:54:39.262,0,0,0,1,3,0,0,0,0,E5,8,0D,0A,0D,0,0
3413,2026-05-21 10:54:39.276,0,0,4A,0,0,0,1,3,0,0,0,0,E5,8,0D,0A
3414,2026-05-21 10:54:39.479,0D,0,0,0,0,50,0,0,0,1,3,0,0,0,0,E5
3415,2026-05-21 10:54:39.688,8,0D,0A,0D,0,0,0,0,4A,0,0,0,1,3,0,0
3416,2026-05-21 10:54:39.896,0,0,E5,8,0D,0A,0D,0,0,0,0,4B,0,0,0,1
3417,2026-05-21 10:54:40.105,3,0,0,0,0,E5,8,0D,0A,0D,0,0,0,0,4A,0
3418,2026-05-21 10:54:40.314,0,0,1,3,0,0,0,0,E5,8,0D,0A,0D,0,0,0
3419,2026-05-21 10:54:40.523,0,4B,0,0,0,1,3,0,0,0,0,E5,8,0D,0A,0D
3420,2026-05-21 10:54:40.532,0,0,0,0,4A,0,0,0,1,3,0,0,0,0,E5,8
3421,2026-05-21 10:54:40.739,0D,0A,0D,0,0,0,0,4B,0,0,0,1,3,0,0,0
3422,2026-05-21 10:54:40.948,0,E5,8,0D,0A,0D,0,0,0,0,4B,0,0,0,1,3
3423,2026-05-21 10:54:41.156,0,0,0,0,E5,8,0D,0A,0D,0,0,0,0,4B,0,0
3424,2026-05-21 10:54:41.365,0,1,3,0,0,0,0,E5,8,0D,0A,0D,0,0,0,0
3425,2026-05-21 10:54:41.573,4B,0,0,0,1,3,0,0,0,0,E5,8,0D,0A,0D,0
3426,2026-05-21 10:54:41.582,0,0,0,4B,0,0,0,1,3,0,0,0,0,E7,8,0D
3427,2026-05-21 10:54:41.791,0A,0D,0,0,0,0,4B,0,0,0,1,3,0,0,0,0
3428,2026-05-21 10:54:41.999,E7,8,0D,0A,0D,0,0,0,0,4B,0,0,0,1,3,0
3429,2026-05-21 10:54:42.208,0,0,0,E5,8,0D,0A,0D,0,0,0,0,4C,0,0,0
3430,2026-05-21 10:54:42.417,1,3,0,0,0,0,E7,8,0D,0A,0D,0,0,0,0,4B
3431,2026-05-21 10:54:42.625,0,0,0,1,3,0,0,0,0,E5,8,0D,0A,0D,0,0
3432,2026-05-21 10:54:42.634,0,0,4B,0,0,0,1,3,0,0,0,0,E5,8,0D,0A
3433,2026-05-21 10:54:42.838,0D,0,0,0,0,4A,0,0,0,1,3,0,0,0,0,E5
3434,2026-05-21 10:54:43.051,8,0D,0A,0D,0,0,0,0,48,0,0,0,1,3,0,0
3435,2026-05-21 10:54:43.259,0,0,E5,8,0D,0A,0D,0,0,0,0,4A,0,0,0,1
3436,2026-05-21 10:54:43.467,3,0,0,0,0,E7,8,0D,0A,0D,0,0,0,0,48,0
3437,2026-05-21 10:54:43.676,0,0,1,3,0,0,0,0,E5,8,0D,0A,0D,0,0,0
3438,2026-05-21 10:54:43.886,0,4A,0,0,0,1,3,0,0,0,0,E5,8,0D,0A,0D
3439,2026-05-21 10:54:43.895,0,0,0,0,4A,0,0,0,1,3,0,0,0,0,E7,8
3440,2026-05-21 10:54:44.103,0D,0A,0D,0,0,0,0,49,0,0,0,1,3,0,0,0
3441,2026-05-21 10:54:44.310,0,E7,8,0D,0A,0D,0,0,0,0,49,0,0,0,1,3
3442,2026-05-21 10:54:44.519,0,0,0,0,E5,8,0D,0A,0D,0,0,0,0,4C,0,0
3443,2026-05-21 10:54:44.728,0,1,3,0,0,0,0,E5,8,0D,0A,0D,0,0,0,0
3444,2026-05-21 10:54:44.937,4C,0,0,0,1,3,0,0,0,0,E5,8,0D,0A,0D,0
3445,2026-05-21 10:54:44.946,0,0,0,4C,0,0,0,1,3,0,0,0,0,E5,8,0D
3446,2026-05-21 10:54:45.153,0A,0D,0,0,0,0,44,0,0,0,1,3,0,0,0,0
3447,2026-05-21 10:54:45.361,E7,8,0D,0A,0D,0,0,0,0,39,0,0,0,1,3,0
3448,2026-05-21 10:54:45.570,0,0,0,E7,8,0D,0A,0D,0,0,0,0,39,0,0,0
3449,2026-05-21 10:54:45.779,1,3,0,0,0,0,E7,8,0D,0A,0D,0,0,0,0,4A
3450,2026-05-21 10:54:45.987,0,0,0,1,3,0,0,0,0,E7,8,0D,0A,0D,0,0
3451,2026-05-21 10:54:45.996,0,0,46,0,0,0,1,3,0,0,0,0,E7,8,0D,0A
3452,2026-05-21 10:54:46.205,0D,0,0,0,0,4C,0,0,0,1,3,0,0,0,0,E5
3453,2026-05-21 10:54:46.413,8,0D,0A,0D,0,0,0,0,51,0,0,0,1,3,0,0
3454,2026-05-21 10:54:46.621,0,0,E5,8,0D,0A,0D,0,0,0,0,50,0,0,0,1
3455,2026-05-21 10:54:46.830,3,0,0,0,0,E7,8,0D,0A,0D,0,0,0,0,50,0
3456,2026-05-21 10:54:47.039,0,0,1,3,0,0,0,0,E5,8,0D,0A,0D,0,0,0
3457,2026-05-21 10:54:47.243,0,57,0,0,0,1,3,0,0,0,0,E5,8,0D,0A,0D
3458,2026-05-21 10:54:47.262,0,0,0,0,56,0,0,0,1,3,0,0,0,0,E5,8
3459,2026-05-21 10:54:47.465,0D,0A,0D,0,0,0,0,56,0,0,0,1,3,0,0,0
3460,2026-05-21 10:54:47.673,0,E5,8,0D,0A,0D,0,0,0,0,59,0,0,0,1,3
3461,2026-05-21 10:54:47.881,0,0,0,0,E5,8,0D,0A,0D,0,0,0,0,59,0,0
3462,2026-05-21 10:54:48.091,0,1,3,0,0,0,0,E5,8,0D,0A,0D,0,0,0,0
3463,2026-05-21 10:54:48.298,58,0,0,0,1,3,0,0,0,0,E5,8,0D,0A,0D,0
3464,2026-05-21 10:54:48.310,0,0,0,57,0,0,0,1,3,0,0,0,0,E7,8,0D
3465,2026-05-21 10:54:48.516,0A,0D,0,0,0,0,56,0,0,0,1,3,0,0,0,0
3466,2026-05-21 10:54:48.727,E5,8,0D,0A,0D,0,0,0,0,56,0,0,0,1,3,0
3467,2026-05-21 10:54:48.933,0,0,0,E5,8,0D,0A,0D,0,0,0,0,56,0,0,0
3468,2026-05-21 10:54:49.142,1,3,0,0,0,0,E5,8,0D,0A,0D,0,0,0,0,56
3469,2026-05-21 10:54:49.351,0,0,0,1,3,0,0,0,0,E5,8,0D,0A,0D,0,0
3470,2026-05-21 10:54:49.359,0,0,56,0,0,0,1,3,0,0,0,0,E5,8,0D,0A
3471,2026-05-21 10:54:49.567,0D,0,0,0,0,56,0,0,0,1,3,0,0,0,0,E7
3472,2026-05-21 10:54:49.776,8,0D,0A,0D,0,0,0,0,56,0,0,0,1,3,0,0
3473,2026-05-21 10:54:49.985,0,0,E5,8,0D,0A,0D,0,0,0,0,56,0,0,0,1
3474,2026-05-21 10:54:50.193,3,0,0,0,0,E5,8,0D,0A,0D,0,0,0,0,56,0
3475,2026-05-21 10:54:50.404,0,0,1,3,0,0,0,0,E5,8,0D,0A,0D,0,0,0
3476,2026-05-21 10:54:50.610,0,56,0,0,0,1,3,0,0,0,0,E7,8,0D,0A,0D
3477,2026-05-21 10:54:50.622,0,0,0,0,56,0,0,0,1,3,0,0,0,0,E5,8
3478,2026-05-21 10:54:50.828,0D,0A,0D,0,0,0,0,56,0,0,0,1,3,0,0,0
3479,2026-05-21 10:54:51.036,0,E5,8,0D,0A,0D,0,0,0,0,56,0,0,0,1,3
3480,2026-05-21 10:54:51.238,0,0,0,0,E5,8,0D,0A,0D,0,0,0,0,56,0,0
3481,2026-05-21 10:54:51.453,0,1,3,0,0,0,0,E5,8,0D,0A,0D,0,0,0,0
3482,2026-05-21 10:54:51.656,56,0,0,0,1,3,0,0,0,0,E5,8,0D,0A,0D,0
3483,2026-05-21 10:54:51.672,0,0,0,56,0,0,0,1,3,0,0,0,0,E7,8,0D
3484,2026-05-21 10:54:51.878,0A,0D,0,0,0,0,56,0,0,0,1,3,0,0,0,0
3485,2026-05-21 10:54:52.087,E5,8,0D,0A,0D,0,0,0,0,56,0,0,0,1,3,0
3486,2026-05-21 10:54:52.296,0,0,0,E7,8,0D,0A,0D,0,0,0,0,56,0,0,0
3487,2026-05-21 10:54:52.505,1,3,0,0,0,0,E7,8,0D,0A,0D,0,0,0,0,57
3488,2026-05-21 10:54:52.713,0,0,0,1,3,0,0,0,0,E5,8,0D,0A,0D,0,0
3489,2026-05-21 10:54:52.724,0,0,56,0,0,0,1,3,0,0,0,0,E5,8,0D,0A
3490,2026-05-21 10:54:52.930,0D,0,0,0,0,57,0,0,0,1,3,0,0,0,0,E7
3491,2026-05-21 10:54:53.138,8,0D,0A,0D,0,0,0,0,57,0,0,0,1,3,0,0
3492,2026-05-21 10:54:53.347,0,0,E5,8,0D,0A,0D,0,0,0,0,57,0,0,0,1
3493,2026-05-21 10:54:53.555,3,0,0,0,0,E5,8,0D,0A,0D,0,0,0,0,57,0
3494,2026-05-21 10:54:53.764,0,0,1,3,0,0,0,0,E7,8,0D,0A,0D,0,0,0
3495,2026-05-21 10:54:53.972,0,57,0,0,0,1,3,0,0,0,0,E7,8,0D,0A,0D
3496,2026-05-21 10:54:53.982,0,0,0,0,57,0,0,0,1,3,0,0,0,0,E5,8
3497,2026-05-21 10:54:54.190,0D,0A,0D,0,0,0,0,57,0,0,0,1,3,0,0,0
3498,2026-05-21 10:54:54.398,0,E3,8,0D,0A,0D,0,0,0,0,57,0,0,0,1,3
3499,2026-05-21 10:54:54.607,0,0,0,0,E5,8,0D,0A,0D,0,0,0,0,57,0,0
3500,2026-05-21 10:54:54.816,0,1,3,0,0,0,0,E5,8,0D,0A,0D,0,0,0,0
3501,2026-05-21 10:54:55.026,57,0,0,0,1,3,0,0,0,0,E7,8,0D,0A,0D,0
3502,2026-05-21 10:54:55.045,0,0,0,58,0,0,0,1,3,0,0,0,0,E5,8,0D
3503,2026-05-21 10:54:55.239,0A,0D,0,0,0,0,57,0,0,0,1,3,0,0,0,0
3504,2026-05-21 10:54:55.450,E7,8,0D,0A,0D,0,0,0,0,58,0,0,0,1,3,0
3505,2026-05-21 10:54:55.656,0,0,0,E5,8,0D,0A,0D,0,0,0,0,57,0,0,0
3506,2026-05-21 10:54:55.867,1,3,0,0,0,0,E5,8,0D,0A,0D,0,0,0,0,58
3507,2026-05-21 10:54:56.075,0,0,0,1,3,0,0,0,0,E7,8,0D,0A,0D,0,0
3508,2026-05-21 10:54:56.085,0,0,57,0,0,0,1,3,0,0,0,0,E5,8,0D,0A
3509,2026-05-21 10:54:56.296,0D,0,0,0,0,57,0,0,0,1,3,0,0,0,0,E5
3510,2026-05-21 10:54:56.501,8,0D,0A,0D,0,0,0,0,57,0,0,0,1,3,0,0
3511,2026-05-21 10:54:56.710,0,0,E5,8,0D,0A,0D,0,0,0,0,57,0,0,0,1
3512,2026-05-21 10:54:56.918,3,0,0,0,0,E5,8,0D,0A,0D,0,0,0,0,57,0
3513,2026-05-21 10:54:57.126,0,0,1,3,0,0,0,0,E5,8,0D,0A,0D,0,0,0
3514,2026-05-21 10:54:57.336,0,57,0,0,0,1,3,0,0,0,0,E5,8,0D,0A,0D
3515,2026-05-21 10:54:57.349,0,0,0,0,57,0,0,0,1,3,0,0,0,0,E7,8
3516,2026-05-21 10:54:57.553,0D,0A,0D,0,0,0,0,58,0,0,0,1,3,0,0,0
3517,2026-05-21 10:54:57.761,0,E7,8,0D,0A,0D,0,0,0,0,57,0,0,0,1,3
3518,2026-05-21 10:54:57.970,0,0,0,0,E7,8,0D,0A,0D,0,0,0,0,57,0,0
3519,2026-05-21 10:54:58.178,0,1,3,0,0,0,0,E5,8,0D,0A,0D,0,0,0,0
3520,2026-05-21 10:54:58.386,57,0,0,0,1,3,0,0,0,0,E5,8,0D,0A,0D,0
3521,2026-05-21 10:54:58.398,0,0,0,57,0,0,0,1,3,0,0,0,0,E5,8,0D
3522,2026-05-21 10:54:58.604,0A,0D,0,0,0,0,57,0,0,0,1,3,0,0,0,0
3523,2026-05-21 10:54:58.812,E7,8,0D,0A,0D,0,0,0,0,57,0,0,0,1,3,0
3524,2026-05-21 10:54:59.021,0,0,0,E5,8,0D,0A,0D,0,0,0,0,58,0,0,0
3525,2026-05-21 10:54:59.229,1,3,0,0,0,0,E7,8,0D,0A,0D,0,0,0,0,57
3526,2026-05-21 10:54:59.438,0,0,0,1,3,0,0,0,0,E5,8,0D,0A,0D,0,0
3527,2026-05-21 10:54:59.447,0,0,58,0,0,0,1,3,0,0,0,0,E5,8,0D,0A
3528,2026-05-21 10:54:59.655,0D,0,0,0,0,57,0,0,0,1,3,0,0,0,0,E5
3529,2026-05-21 10:54:59.864,8,0D,0A,0D,0,0,0,0,57,0,0,0,1,3,0,0
3530,2026-05-21 10:55:00.073,0,0,E5,8,0D,0A,0D,0,0,0,0,57,0,0,0,1
3531,2026-05-21 10:55:00.281,3,0,0,0,0,E5,8,0D,0A,0D,0,0,0,0,57,0
3532,2026-05-21 10:55:00.490,0,0,1,3,0,0,0,0,E5,8,0D,0A,0D,0,0,0
3533,2026-05-21 10:55:00.699,0,57,0,0,0,1,3,0,0,0,0,E5,8,0D,0A,0D
3534,2026-05-21 10:55:00.708,0,0,0,0,58,0,0,0,1,3,0,0,0,0,E5,8
3535,2026-05-21 10:55:00.915,0D,0A,0D,0,0,0,0,58,0,0,0,1,3,0,0,0
3536,2026-05-21 10:55:01.123,0,E5,8,0D,0A,0D,0,0,0,0,58,0,0,0,1,3
3537,2026-05-21 10:55:01.333,0,0,0,0,E5,8,0D,0A,0D,0,0,0,0,58,0,0
3538,2026-05-21 10:55:01.541,0,1,3,0,0,0,0,E5,8,0D,0A,0D,0,0,0,0
3539,2026-05-21 10:55:01.749,58,0,0,0,1,3,0,0,0,0,E7,8,0D,0A,0D,0
3540,2026-05-21 10:55:01.759,0,0,0,58,0,0,0,1,3,0,0,0,0,E5,8,0D
3541,2026-05-21 10:55:01.966,0A,0D,0,0,0,0,58,0,0,0,1,3,0,0,0,0
3542,2026-05-21 10:55:02.175,E5,8,0D,0A,0D,0,0,0,0,58,0,0,0,1,3,0
3543,2026-05-21 10:55:02.384,0,0,0,E5,8,0D,0A,0D,0,0,0,0,58,0,0,0
3544,2026-05-21 10:55:02.592,1,3,0,0,0,0,E5,8,0D,0A,0D,0,0,0,0,57
3545,2026-05-21 10:55:02.801,0,0,0,1,3,0,0,0,0,E5,8,0D,0A,0D,0,0
3546,2026-05-21 10:55:02.810,0,0,58,0,0,0,1,3,0,0,0,0,E7,8,0D,0A
3547,2026-05-21 10:55:03.018,0D,0,0,0,0,58,0,0,0,1,3,0,0,0,0,E5
3548,2026-05-21 10:55:03.227,8,0D,0A,0D,0,0,0,0,58,0,0,0,1,3,0,0
3549,2026-05-21 10:55:03.435,0,0,E3,8,0D,0A,0D,0,0,0,0,58,0,0,0,1
3550,2026-05-21 10:55:03.639,3,0,0,0,0,E5,8,0D,0A,0D,0,0,0,0,58,0
3551,2026-05-21 10:55:03.852,0,0,1,3,0,0,0,0,E7,8,0D,0A,0D,0,0,0
3552,2026-05-21 10:55:04.061,0,58,0,0,0,1,3,0,0,0,0,E5,8,0D,0A,0D
3553,2026-05-21 10:55:04.072,0,0,0,0,58,0,0,0,1,3,0,0,0,0,E3,8
3554,2026-05-21 10:55:04.278,0D,0A,0D,0,0,0,0,58,0,0,0,1,3,0,0,0
3555,2026-05-21 10:55:04.486,0,E5,8,0D,0A,0D,0,0,0,0,58,0,0,0,1,3
3556,2026-05-21 10:55:04.694,0,0,0,0,E7,8,0D,0A,0D,0,0,0,0,58,0,0
3557,2026-05-21 10:55:04.904,0,1,3,0,0,0,0,E7,8,0D,0A,0D,0,0,0,0
3558,2026-05-21 10:55:05.112,58,0,0,0,1,3,0,0,0,0,E5,8,0D,0A,0D,0
3559,2026-05-21 10:55:05.122,0,0,0,58,0,0,0,1,3,0,0,0,0,E7,8,0D
3560,2026-05-21 10:55:05.329,0A,0D,0,0,0,0,58,0,0,0,1,3,0,0,0,0
3561,2026-05-21 10:55:05.537,E7,8,0D,0A,0D,0,0,0,0,58,0,0,0,1,3,0
3562,2026-05-21 10:55:05.746,0,0,0,E5,8,0D,0A,0D,0,0,0,0,58,0,0,0
3563,2026-05-21 10:55:05.955,1,3,0,0,0,0,E5,8,0D,0A,0D,0,0,0,0,57
3564,2026-05-21 10:55:06.163,0,0,0,1,3,0,0,0,0,E5,8,0D,0A,0D,0,0
3565,2026-05-21 10:55:06.175,0,0,58,0,0,0,1,3,0,0,0,0,E7,8,0D,0A
3566,2026-05-21 10:55:06.381,0D,0,0,0,0,57,0,0,0,1,3,0,0,0,0,E5
3567,2026-05-21 10:55:06.589,8,0D,0A,0D,0,0,0,0,57,0,0,0,1,3,0,0
3568,2026-05-21 10:55:06.797,0,0,E7,8,0D,0A,0D,0,0,0,0,57,0,0,0,1
3569,2026-05-21 10:55:07.006,3,0,0,0,0,E5,8,0D,0A,0D,0,0,0,0,57,0
3570,2026-05-21 10:55:07.215,0,0,1,3,0,0,0,0,E5,8,0D,0A,0D,0,0,0
3571,2026-05-21 10:55:07.424,0,57,0,0,0,1,3,0,0,0,0,E5,8,0D,0A,0D
3572,2026-05-21 10:55:07.433,0,0,0,0,57,0,0,0,1,3,0,0,0,0,E7,8
3573,2026-05-21 10:55:07.639,0D,0A,0D,0,0,0,0,58,0,0,0,1,3,0,0,0
3574,2026-05-21 10:55:07.849,0,E5,8,0D,0A,0D,0,0,0,0,57,0,0,0,1,3
3575,2026-05-21 10:55:08.058,0,0,0,0,E5,8,0D,0A,0D,0,0,0,0,58,0,0
3576,2026-05-21 10:55:08.267,0,1,3,0,0,0,0,E5,8,0D,0A,0D,0,0,0,0
3577,2026-05-21 10:55:08.475,57,0,0,0,1,3,0,0,0,0,E7,8,0D,0A,0D,0
3578,2026-05-21 10:55:08.484,0,0,0,58,0,0,0,1,3,0,0,0,0,E3,8,0D
3579,2026-05-21 10:55:08.693,0A,0D,0,0,0,0,57,0,0,0,1,3,0,0,0,0
3580,2026-05-21 10:55:08.901,E5,8,0D,0A,0D,0,0,0,0,58,0,0,0,1,3,0
3581,2026-05-21 10:55:09.109,0,0,0,E5,8,0D,0A,0D,0,0,0,0,57,0,0,0
3582,2026-05-21 10:55:09.318,1,3,0,0,0,0,E5,8,0D,0A,0D,0,0,0,0,58
3583,2026-05-21 10:55:09.527,0,0,0,1,3,0,0,0,0,E7,8,0D,0A,0D,0,0
3584,2026-05-21 10:55:09.538,0,0,58,0,0,0,1,3,0,0,0,0,E5,8,0D,0A
3585,2026-05-21 10:55:09.744,0D,0,0,0,0,5A,0,0,0,1,3,0,0,0,0,E5
3586,2026-05-21 10:55:09.954,8,0D,0A,0D,0,0,0,0,58,0,0,0,1,3,0,0
3587,2026-05-21 10:55:10.161,0,0,E5,8,0D,0A,0D,0,0,0,0,58,0,0,0,1
3588,2026-05-21 10:55:10.371,3,0,0,0,0,E7,8,0D,0A,0D,0,0,0,0,58,0
3589,2026-05-21 10:55:10.578,0,0,1,3,0,0,0,0,E5,8,0D,0A,0D,0,0,0
3590,2026-05-21 10:55:10.787,0,58,0,0,0,1,3,0,0,0,0,E5,8,0D,0A,0D
3591,2026-05-21 10:55:10.798,0,0,0,0,57,0,0,0,1,3,0,0,0,0,E5,8
3592,2026-05-21 10:55:11.005,0D,0A,0D,0,0,0,0,58,0,0,0,1,3,0,0,0
3593,2026-05-21 10:55:11.213,0,E5,8,0D,0A,0D,0,0,0,0,58,0,0,0,1,3
3594,2026-05-21 10:55:11.422,0,0,0,0,E5,8,0D,0A,0D,0,0,0,0,59,0,0
3595,2026-05-21 10:55:11.640,0,1,3,0,0,0,0,E7,8,0D,0A,0D,0,0,0,0
3596,2026-05-21 10:55:11.839,58,0,0,0,1,3,0,0,0,0,E7,8,0D,0A,0D,0
3597,2026-05-21 10:55:11.857,0,0,0,58,0,0,0,1,3,0,0,0,0,E5,8,0D
3598,2026-05-21 10:55:12.056,0A,0D,0,0,0,0,58,0,0,0,1,3,0,0,0,0
3599,2026-05-21 10:55:12.265,E7,8,0D,0A,0D,0,0,0,0,58,0,0,0,1,3,0
3600,2026-05-21 10:55:12.473,0,0,0,E5,8,0D,0A,0D,0,0,0,0,58,0,0,0
3601,2026-05-21 10:55:12.681,1,3,0,0,0,0,E5,8,0D,0A,0D,0,0,0,0,58
3602,2026-05-21 10:55:12.890,0,0,0,1,3,0,0,0,0,E7,8,0D,0A,0D,0,0
3603,2026-05-21 10:55:12.898,0,0,58,0,0,0,1,3,0,0,0,0,E7,8,0D,0A
3604,2026-05-21 10:55:13.107,0D,0,0,0,0,58,0,0,0,1,3,0,0,0,0,E5
3605,2026-05-21 10:55:13.316,8,0D,0A,0D,0,0,0,0,59,0,0,0,1,3,0,0
3606,2026-05-21 10:55:13.524,0,0,E7,8,0D,0A,0D,0,0,0,0,58,0,0,0,1
3607,2026-05-21 10:55:13.733,3,0,0,0,0,E7,8,0D,0A,0D,0,0,0,0,57,0
3608,2026-05-21 10:55:13.942,0,0,1,3,0,0,0,0,E5,8,0D,0A,0D,0,0,0
3609,2026-05-21 10:55:14.150,0,57,0,0,0,1,3,0,0,0,0,E5,8,0D,0A,0D
3610,2026-05-21 10:55:14.159,0,0,0,0,58,0,0,0,1,3,0,0,0,0,E5,8
3611,2026-05-21 10:55:14.367,0D,0A,0D,0,0,0,0,58,0,0,0,1,3,0,0,0
3612,2026-05-21 10:55:14.576,0,E5,8,0D,0A,0D,0,0,0,0,58,0,0,0,1,3
3613,2026-05-21 10:55:14.785,0,0,0,0,E5,8,0D,0A,0D,0,0,0,0,57,0,0
3614,2026-05-21 10:55:14.993,0,1,3,0,0,0,0,E5,8,0D,0A,0D,0,0,0,0
3615,2026-05-21 10:55:15.202,57,0,0,0,1,3,0,0,0,0,E3,8,0D,0A,0D,0
3616,2026-05-21 10:55:15.213,0,0,0,58,0,0,0,1,3,0,0,0,0,E5,8,0D
3617,2026-05-21 10:55:15.419,0A,0D,0,0,0,0,58,0,0,0,1,3,0,0,0,0
3618,2026-05-21 10:55:15.628,E7,8,0D,0A,0D,0,0,0,0,56,0,0,0,1,3,0
3619,2026-05-21 10:55:15.837,0,0,0,E5,8,0D,0A,0D,0,0,0,0,58,0,0,0
3620,2026-05-21 10:55:16.045,1,3,0,0,0,0,E5,8,0D,0A,0D,0,0,0,0,58
3621,2026-05-21 10:55:16.253,0,0,0,1,3,0,0,0,0,E5,8,0D,0A,0D,0,0
3622,2026-05-21 10:55:16.268,0,0,59,0,0,0,1,3,0,0,0,0,E5,8,0D,0A
3623,2026-05-21 10:55:16.470,0D,0,0,0,0,58,0,0,0,1,3,0,0,0,0,E5
3624,2026-05-21 10:55:16.678,8,0D,0A,0D,0,0,0,0,59,0,0,0,1,3,0,0
3625,2026-05-21 10:55:16.888,0,0,E5,8,0D,0A,0D,0,0,0,0,58,0,0,0,1
3626,2026-05-21 10:55:17.096,3,0,0,0,0,E5,8,0D,0A,0D,0,0,0,0,59,0
3627,2026-05-21 10:55:17.304,0,0,1,3,0,0,0,0,E5,8,0D,0A,0D,0,0,0
3628,2026-05-21 10:55:17.514,0,59,0,0,0,1,3,0,0,0,0,E7,8,0D,0A,0D
3629,2026-05-21 10:55:17.523,0,0,0,0,59,0,0,0,1,3,0,0,0,0,E5,8
3630,2026-05-21 10:55:17.730,0D,0A,0D,0,0,0,0,59,0,0,0,1,3,0,0,0
3631,2026-05-21 10:55:17.940,0,E7,8,0D,0A,0D,0,0,0,0,59,0,0,0,1,3
3632,2026-05-21 10:55:18.147,0,0,0,0,E5,8,0D,0A,0D,0,0,0,0,59,0,0
3633,2026-05-21 10:55:18.356,0,1,3,0,0,0,0,E5,8,0D,0A,0D,0,0,0,0
3634,2026-05-21 10:55:18.564,5A,0,0,0,1,3,0,0,0,0,E5,8,0D,0A,0D,0
3635,2026-05-21 10:55:18.575,0,0,0,5A,0,0,0,1,3,0,0,0,0,E5,8,0D
3636,2026-05-21 10:55:18.781,0A,0D,0,0,0,0,59,0,0,0,1,3,0,0,0,0
3637,2026-05-21 10:55:18.990,E7,8,0D,0A,0D,0,0,0,0,58,0,0,0,1,3,0
3638,2026-05-21 10:55:19.198,0,0,0,E5,8,0D,0A,0D,0,0,0,0,59,0,0,0
3639,2026-05-21 10:55:19.407,1,3,0,0,0,0,E7,8,0D,0A,0D,0,0,0,0,59
3640,2026-05-21 10:55:19.616,0,0,0,1,3,0,0,0,0,E5,8,0D,0A,0D,0,0
3641,2026-05-21 10:55:19.625,0,0,59,0,0,0,1,3,0,0,0,0,E5,8,0D,0A
3642,2026-05-21 10:55:19.832,0D,0,0,0,0,59,0,0,0,1,3,0,0,0,0,E5
3643,2026-05-21 10:55:20.041,8,0D,0A,0D,0,0,0,0,59,0,0,0,1,3,0,0
3644,2026-05-21 10:55:20.250,0,0,E5,8,0D,0A,0D,0,0,0,0,59,0,0,0,1
3645,2026-05-21 10:55:20.458,3,0,0,0,0,E7,8,0D,0A,0D,0,0,0,0,59,0
3646,2026-05-21 10:55:20.667,0,0,1,3,0,0,0,0,E5,8,0D,0A,0D,0,0,0
3647,2026-05-21 10:55:20.876,0,58,0,0,0,1,3,0,0,0,0,E5,8,0D,0A,0D
3648,2026-05-21 10:55:20.889,0,0,0,0,58,0,0,0,1,3,0,0,0,0,E7,8
3649,2026-05-21 10:55:21.093,0D,0A,0D,0,0,0,0,58,0,0,0,1,3,0,0,0
3650,2026-05-21 10:55:21.302,0,E5,8,0D,0A,0D,0,0,0,0,58,0,0,0,1,3
3651,2026-05-21 10:55:21.510,0,0,0,0,E7,8,0D,0A,0D,0,0,0,0,58,0,0
3652,2026-05-21 10:55:21.718,0,1,3,0,0,0,0,E7,8,0D,0A,0D,0,0,0,0
3653,2026-05-21 10:55:21.926,57,0,0,0,1,3,0,0,0,0,E7,8,0D,0A,0D,0
3654,2026-05-21 10:55:21.938,0,0,0,56,0,0,0,1,3,0,0,0,0,E5,8,0D
3655,2026-05-21 10:55:22.143,0A,0D,0,0,0,0,56,0,0,0,1,3,0,0,0,0
3656,2026-05-21 10:55:22.352,E5,8,0D,0A,0D,0,0,0,0,56,0,0,0,1,3,0
3657,2026-05-21 10:55:22.561,0,0,0,E5,8,0D,0A,0D,0,0,0,0,56,0,0,0
3658,2026-05-21 10:55:22.769,1,3,0,0,0,0,E5,8,0D,0A,0D,0,0,0,0,56
3659,2026-05-21 10:55:22.978,0,0,0,1,3,0,0,0,0,E5,8,0D,0A,0D,0,0
3660,2026-05-21 10:55:22.988,0,0,56,0,0,0,1,3,0,0,0,0,E7,8,0D,0A
3661,2026-05-21 10:55:23.195,0D,0,0,0,0,57,0,0,0,1,3,0,0,0,0,E5
3662,2026-05-21 10:55:23.404,8,0D,0A,0D,0,0,0,0,56,0,0,0,1,3,0,0
3663,2026-05-21 10:55:23.612,0,0,E5,8,0D,0A,0D,0,0,0,0,51,0,0,0,1
3664,2026-05-21 10:55:23.821,3,0,0,0,0,E7,8,0D,0A,0D,0,0,0,0,54,0
3665,2026-05-21 10:55:24.029,0,0,1,3,0,0,0,0,E5,8,0D,0A,0D,0,0,0
3666,2026-05-21 10:55:24.238,0,55,0,0,0,1,3,0,0,0,0,E5,8,0D,0A,0D
3667,2026-05-21 10:55:24.248,0,0,0,0,55,0,0,0,1,3,0,0,0,0,E5,8
3668,2026-05-21 10:55:24.455,0D,0A,0D,0,0,0,0,54,0,0,0,1,3,0,0,0
3669,2026-05-21 10:55:24.664,0,E7,8,0D,0A,0D,0,0,0,0,54,0,0,0,1,3
3670,2026-05-21 10:55:24.873,0,0,0,0,E3,8,0D,0A,0D,0,0,0,0,55,0,0
3671,2026-05-21 10:55:25.081,0,1,3,0,0,0,0,E5,8,0D,0A,0D,0,0,0,0
3672,2026-05-21 10:55:25.290,56,0,0,0,1,3,0,0,0,0,E5,8,0D,0A,0D,0
3673,2026-05-21 10:55:25.300,0,0,0,56,0,0,0,1,3,0,0,0,0,E5,8,0D
3674,2026-05-21 10:55:25.507,0A,0D,0,0,0,0,55,0,0,0,1,3,0,0,0,0
3675,2026-05-21 10:55:25.715,E5,8,0D,0A,0D,0,0,0,0,55,0,0,0,1,3,0
3676,2026-05-21 10:55:25.924,0,0,0,E7,8,0D,0A,0D,0,0,0,0,55,0,0,0
3677,2026-05-21 10:55:26.133,1,3,0,0,0,0,E3,8,0D,0A,0D,0,0,0,0,55
3678,2026-05-21 10:55:26.341,0,0,0,1,3,0,0,0,0,E5,8,0D,0A,0D,0,0
3679,2026-05-21 10:55:26.350,0,0,55,0,0,0,1,3,0,0,0,0,E7,8,0D,0A
3680,2026-05-21 10:55:26.558,0D,0,0,0,0,54,0,0,0,1,3,0,0,0,0,E5
3681,2026-05-21 10:55:26.767,8,0D,0A,0D,0,0,0,0,54,0,0,0,1,3,0,0
3682,2026-05-21 10:55:26.975,0,0,E5,8,0D,0A,0D,0,0,0,0,56,0,0,0,1
3683,2026-05-21 10:55:27.184,3,0,0,0,0,E5,8,0D,0A,0D,0,0,0,0,55,0
3684,2026-05-21 10:55:27.393,0,0,1,3,0,0,0,0,E5,8,0D,0A,0D,0,0,0
3685,2026-05-21 10:55:27.601,0,56,0,0,0,1,3,0,0,0,0,E5,8,0D,0A,0D
3686,2026-05-21 10:55:27.610,0,0,0,0,55,0,0,0,1,3,0,0,0,0,E5,8
3687,2026-05-21 10:55:27.817,0D,0A,0D,0,0,0,0,55,0,0,0,1,3,0,0,0
3688,2026-05-21 10:55:28.027,0,E5,8,0D,0A,0D,0,0,0,0,54,0,0,0,1,3
3689,2026-05-21 10:55:28.235,0,0,0,0,E7,8,0D,0A,0D,0,0,0,0,55,0,0
3690,2026-05-21 10:55:28.444,0,1,3,0,0,0,0,E5,8,0D,0A,0D,0,0,0,0
3691,2026-05-21 10:55:28.652,55,0,0,0,1,3,0,0,0,0,E7,8,0D,0A,0D,0
3692,2026-05-21 10:55:28.662,0,0,0,56,0,0,0,1,3,0,0,0,0,E7,8,0D
3693,2026-05-21 10:55:28.869,0A,0D,0,0,0,0,56,0,0,0,1,3,0,0,0,0
3694,2026-05-21 10:55:29.075,E5,8,0D,0A,0D,0,0,0,0,56,0,0,0,1,3,0
3695,2026-05-21 10:55:29.293,0,0,0,E5,8,0D,0A,0D,0,0,0,0,55,0,0,0
3696,2026-05-21 10:55:29.512,1,3,0,0,0,0,E5,8,0D,0A,0D,0,0,0,0,55
3697,2026-05-21 10:55:29.725,0,0,0,1,3,0,0,0,0,E5,8,0D,0A,0D,0,0
3698,2026-05-21 10:55:29.763,0,0,52,0,0,0,1,3,0,0,0,0,E7,8,0D,0A
3699,2026-05-21 10:55:29.918,0D,0,0,0,0,53,0,0,0,1,3,0,0,0,0,E5
3700,2026-05-21 10:55:30.123,8,0D,0A,0D,0,0,0,0,54,0,0,0,1,3,0,0
3701,2026-05-21 10:55:30.338,0,0,E5,8,0D,0A,0D,0,0,0,0,56,0,0,0,1
3702,2026-05-21 10:55:30.547,3,0,0,0,0,E5,8,0D,0A,0D,0,0,0,0,56,0
3703,2026-05-21 10:55:30.755,0,0,1,3,0,0,0,0,E7,8,0D,0A,0D,0,0,0
3704,2026-05-21 10:55:30.957,0,56,0,0,0,1,3,0,0,0,0,E5,8,0D,0A,0D
3705,2026-05-21 10:55:30.973,0,0,0,0,56,0,0,0,1,3,0,0,0,0,E5,8
3706,2026-05-21 10:55:31.169,0D,0A,0D,0,0,0,0,56,0,0,0,1,3,0,0,0
3707,2026-05-21 10:55:31.378,0,E5,8,0D,0A,0D,0,0,0,0,55,0,0,0,1,3
3708,2026-05-21 10:55:31.584,0,0,0,0,E7,8,0D,0A,0D,0,0,0,0,55,0,0
3709,2026-05-21 10:55:31.797,0,1,3,0,0,0,0,E5,8,0D,0A,0D,0,0,0,0
3710,2026-05-21 10:55:32.015,55,0,0,0,1,3,0,0,0,0,E7,8,0D,0A,0D,0
3711,2026-05-21 10:55:32.033,0,0,0,55,0,0,0,1,3,0,0,0,0,E5,8,0D
3712,2026-05-21 10:55:32.231,0A,0D,0,0,0,0,56,0,0,0,1,3,0,0,0,0
3713,2026-05-21 10:55:32.441,E5,8,0D,0A,0D,0,0,0,0,56,0,0,0,1,3,0
3714,2026-05-21 10:55:32.637,0,0,0,E5,8,0D,0A,0D,0,0,0,0,56,0,0,0
3715,2026-05-21 10:55:32.858,1,3,0,0,0,0,E5,8,0D,0A,0D,0,0,0,0,56
3716,2026-05-21 10:55:33.060,0,0,0,1,3,0,0,0,0,E5,8,0D,0A,0D,0,0
3717,2026-05-21 10:55:33.060,0,0,56,0,0,0,1,3,0,0,0,0,E5,8,0D,0A
3718,2026-05-21 10:55:33.296,0D,0,0,0,0,56,0,0,0,1,3,0,0,0,0,E5
3719,2026-05-21 10:55:33.492,8,0D,0A,0D,0,0,0,0,56,0,0,0,1,3,0,0
3720,2026-05-21 10:55:33.701,0,0,E5,8,0D,0A,0D,0,0,0,0,56,0,0,0,1
3721,2026-05-21 10:55:33.932,3,0,0,0,0,EB,8,0D,0A,0D,0,0,0,0,56,0
3722,2026-05-21 10:55:34.141,0,0,1,3,0,0,0,0,E7,8,0D,0A,0D,0,0,0
3723,2026-05-21 10:55:34.330,0,56,0,0,0,1,3,0,0,0,0,E7,8,0D,0A,0D
3724,2026-05-21 10:55:34.363,0,0,0,0,56,0,0,0,1,3,0,0,0,0,E5,8
3725,2026-05-21 10:55:34.543,0D,0A,0D,0,0,0,0,56,0,0,0,1,3,0,0,0
3726,2026-05-21 10:55:34.740,0,E5,8,0D,0A,0D,0,0,0,0,57,0,0,0,1,3
3727,2026-05-21 10:55:34.960,0,0,0,0,E5,8,0D,0A,0D,0,0,0,0,57,0,0
3728,2026-05-21 10:55:35.169,0,1,3,0,0,0,0,E5,8,0D,0A,0D,0,0,0,0
3729,2026-05-21 10:55:35.378,59,0,0,0,1,3,0,0,0,0,E5,8,0D,0A,0D,0
3730,2026-05-21 10:55:35.392,0,0,0,56,0,0,0,1,3,0,0,0,0,E5,8,0D
3731,2026-05-21 10:55:35.594,0A,0D,0,0,0,0,56,0,0,0,1,3,0,0,0,0
3732,2026-05-21 10:55:35.803,E7,8,0D,0A,0D,0,0,0,0,56,0,0,0,1,3,0
3733,2026-05-21 10:55:36.012,0,0,0,E5,8,0D,0A,0D,0,0,0,0,56,0,0,0
3734,2026-05-21 10:55:36.221,1,3,0,0,0,0,E5,8,0D,0A,0D,0,0,0,0,56
3735,2026-05-21 10:55:36.429,0,0,0,1,3,0,0,0,0,E7,8,0D,0A,0D,0,0
3736,2026-05-21 10:55:36.445,0,0,56,0,0,0,1,3,0,0,0,0,E5,8,0D,0A
3737,2026-05-21 10:55:36.634,0D,0,0,0,0,56,0,0,0,1,3,0,0,0,0,E7
3738,2026-05-21 10:55:36.848,8,0D,0A,0D,0,0,0,0,56,0,0,0,1,3,0,0
3739,2026-05-21 10:55:37.049,0,0,E5,8,0D,0A,0D,0,0,0,0,57,0,0,0,1
3740,2026-05-21 10:55:37.267,3,0,0,0,0,E5,8,0D,0A,0D,0,0,0,0,58,0
3741,2026-05-21 10:55:37.475,0,0,1,3,0,0,0,0,E5,8,0D,0A,0D,0,0,0
3742,2026-05-21 10:55:37.689,0,59,0,0,0,1,3,0,0,0,0,E5,8,0D,0A,0D
3743,2026-05-21 10:55:37.694,0,0,0,0,59,0,0,0,1,3,0,0,0,0,E5,8
3744,2026-05-21 10:55:37.899,0D,0A,0D,0,0,0,0,58,0,0,0,1,3,0,0,0
3745,2026-05-21 10:55:38.104,0,E5,8,0D,0A,0D,0,0,0,0,58,0,0,0,1,3
3746,2026-05-21 10:55:38.319,0,0,0,0,E7,8,0D,0A,0D,0,0,0,0,58,0,0
3747,2026-05-21 10:55:38.527,0,1,3,0,0,0,0,E5,8,0D,0A,0D,0,0,0,0
3748,2026-05-21 10:55:38.741,58,0,0,0,1,3,0,0,0,0,E5,8,0D,0A,0D,0
3749,2026-05-21 10:55:38.754,0,0,0,57,0,0,0,1,3,0,0,0,0,E7,8,0D
3750,2026-05-21 10:55:38.951,0A,0D,0,0,0,0,56,0,0,0,1,3,0,0,0,0
3751,2026-05-21 10:55:39.155,E5,8,0D,0A,0D,0,0,0,0,56,0,0,0,1,3,0
3752,2026-05-21 10:55:39.385,0,0,0,E5,8,0D,0A,0D,0,0,0,0,57,0,0,0
3753,2026-05-21 10:55:39.575,1,3,0,0,0,0,E5,8,0D,0A,0D,0,0,0,0,57
3754,2026-05-21 10:55:39.782,0,0,0,1,3,0,0,0,0,E5,8,0D,0A,0D,0,0
3755,2026-05-21 10:55:39.802,0,0,57,0,0,0,1,3,0,0,0,0,E5,8,0D,0A
3756,2026-05-21 10:55:39.997,0D,0,0,0,0,56,0,0,0,1,3,0,0,0,0,E5
3757,2026-05-21 10:55:40.217,8,0D,0A,0D,0,0,0,0,56,0,0,0,1,3,0,0
3758,2026-05-21 10:55:40.423,0,0,E5,8,0D,0A,0D,0,0,0,0,56,0,0,0,1
3759,2026-05-21 10:55:40.630,3,0,0,0,0,E5,8,0D,0A,0D,0,0,0,0,56,0
3760,2026-05-21 10:55:40.830,0,0,1,3,0,0,0,0,E5,8,0D,0A,0D,0,0,0
3761,2026-05-21 10:55:41.048,0,56,0,0,0,1,3,0,0,0,0,E5,8,0D,0A,0D
3762,2026-05-21 10:55:41.061,0,0,0,0,57,0,0,0,1,3,0,0,0,0,E5,8
3763,2026-05-21 10:55:41.267,0D,0A,0D,0,0,0,0,57,0,0,0,1,3,0,0,0
3764,2026-05-21 10:55:41.471,0,E7,8,0D,0A,0D,0,0,0,0,57,0,0,0,1,3
3765,2026-05-21 10:55:41.675,0,0,0,0,E5,8,0D,0A,0D,0,0,0,0,57,0,0
3766,2026-05-21 10:55:41.894,0,1,3,0,0,0,0,E5,8,0D,0A,0D,0,0,0,0
3767,2026-05-21 10:55:42.098,56,0,0,0,1,3,0,0,0,0,E7,8,0D,0A,0D,0
3768,2026-05-21 10:55:42.128,0,0,0,57,0,0,0,1,3,0,0,0,0,E5,8,0D
3769,2026-05-21 10:55:42.317,0A,0D,0,0,0,0,57,0,0,0,1,3,0,0,0,0
3770,2026-05-21 10:55:42.522,E5,8,0D,0A,0D,0,0,0,0,59,0,0,0,1,3,0
3771,2026-05-21 10:55:42.732,0,0,0,E5,8,0D,0A,0D,0,0,0,0,56,0,0,0
3772,2026-05-21 10:55:42.939,1,3,0,0,0,0,E5,8,0D,0A,0D,0,0,0,0,56
3773,2026-05-21 10:55:43.149,0,0,0,1,3,0,0,0,0,E5,8,0D,0A,0D,0,0
3774,2026-05-21 10:55:43.164,0,0,56,0,0,0,1,3,0,0,0,0,E5,8,0D,0A
3775,2026-05-21 10:55:43.366,0D,0,0,0,0,56,0,0,0,1,3,0,0,0,0,E7
3776,2026-05-21 10:55:43.581,8,0D,0A,0D,0,0,0,0,56,0,0,0,1,3,0,0
3777,2026-05-21 10:55:43.782,0,0,E5,8,0D,0A,0D,0,0,0,0,57,0,0,0,1
3778,2026-05-21 10:55:43.986,3,0,0,0,0,E5,8,0D,0A,0D,0,0,0,0,58,0
3779,2026-05-21 10:55:44.200,0,0,1,3,0,0,0,0,E7,8,0D,0A,0D,0,0,0
3780,2026-05-21 10:55:44.404,0,58,0,0,0,1,3,0,0,0,0,E5,8,0D,0A,0D
3781,2026-05-21 10:55:44.420,0,0,0,0,58,0,0,0,1,3,0,0,0,0,E3,8
3782,2026-05-21 10:55:44.632,0D,0A,0D,0,0,0,0,58,0,0,0,1,3,0,0,0
3783,2026-05-21 10:55:44.834,0,E5,8,0D,0A,0D,0,0,0,0,59,0,0,0,1,3
3784,2026-05-21 10:55:45.047,0,0,0,0,E5,8,0D,0A,0D,0,0,0,0,58,0,0
3785,2026-05-21 10:55:45.251,0,1,3,0,0,0,0,E5,8,0D,0A,0D,0,0,0,0
3786,2026-05-21 10:55:45.455,58,0,0,0,1,3,0,0,0,0,E5,8,0D,0A,0D,0
3787,2026-05-21 10:55:45.476,0,0,0,57,0,0,0,1,3,0,0,0,0,E7,8,0D
3788,2026-05-21 10:55:45.684,0A,0D,0,0,0,0,57,0,0,0,1,3,0,0,0,0
3789,2026-05-21 10:55:45.888,E7,8,0D,0A,0D,0,0,0,0,57,0,0,0,1,3,0
3790,2026-05-21 10:55:46.098,0,0,0,E5,8,0D,0A,0D,0,0,0,0,58,0,0,0
3791,2026-05-21 10:55:46.298,1,3,0,0,0,0,E5,8,0D,0A,0D,0,0,0,0,58
3792,2026-05-21 10:55:46.505,0,0,0,1,3,0,0,0,0,E5,8,0D,0A,0D,0,0
3793,2026-05-21 10:55:46.532,0,0,57,0,0,0,1,3,0,0,0,0,E5,8,0D,0A
3794,2026-05-21 10:55:46.736,0D,0,0,0,0,57,0,0,0,1,3,0,0,0,0,E5
3795,2026-05-21 10:55:46.937,8,0D,0A,0D,0,0,0,0,57,0,0,0,1,3,0,0
3796,2026-05-21 10:55:47.140,0,0,E5,8,0D,0A,0D,0,0,0,0,57,0,0,0,1
3797,2026-05-21 10:55:47.351,3,0,0,0,0,E5,8,0D,0A,0D,0,0,0,0,58,0
3798,2026-05-21 10:55:47.567,0,0,1,3,0,0,0,0,E5,8,0D,0A,0D,0,0,0
3799,2026-05-21 10:55:47.779,0,57,0,0,0,1,3,0,0,0,0,E5,8,0D,0A,0D
3800,2026-05-21 10:55:47.794,0,0,0,0,58,0,0,0,1,3,0,0,0,0,E5,8
3801,2026-05-21 10:55:47.997,0D,0A,0D,0,0,0,0,57,0,0,0,1,3,0,0,0
3802,2026-05-21 10:55:48.206,0,E5,8,0D,0A,0D,0,0,0,0,57,0,0,0,1,3
3803,2026-05-21 10:55:48.414,0,0,0,0,E7,8,0D,0A,0D,0,0,0,0,57,0,0
3804,2026-05-21 10:55:48.616,0,1,3,0,0,0,0,E5,8,0D,0A,0D,0,0,0,0
3805,2026-05-21 10:55:48.818,58,0,0,0,1,3,0,0,0,0,E7,8,0D,0A,0D,0
3806,2026-05-21 10:55:48.838,0,0,0,58,0,0,0,1,3,0,0,0,0,E5,8,0D
3807,2026-05-21 10:55:49.038,0A,0D,0,0,0,0,58,0,0,0,1,3,0,0,0,0
3808,2026-05-21 10:55:49.256,E5,8,0D,0A,0D,0,0,0,0,57,0,0,0,1,3,0
3809,2026-05-21 10:55:49.465,0,0,0,E7,8,0D,0A,0D,0,0,0,0,57,0,0,0
3810,2026-05-21 10:55:49.668,1,3,0,0,0,0,E7,8,0D,0A,0D,0,0,0,0,57
3811,2026-05-21 10:55:49.880,0,0,0,1,3,0,0,0,0,E7,8,0D,0A,0D,0,0
3812,2026-05-21 10:55:49.880,0,0,58,0,0,0,1,3,0,0,0,0,E5,8,0D,0A
3813,2026-05-21 10:55:50.099,0D,0,0,0,0,58,0,0,0,1,3,0,0,0,0,E5
3814,2026-05-21 10:55:50.308,8,0D,0A,0D,0,0,0,0,58,0,0,0,1,3,0,0
3815,2026-05-21 10:55:50.517,0,0,E5,8,0D,0A,0D,0,0,0,0,57,0,0,0,1
3816,2026-05-21 10:55:50.718,3,0,0,0,0,E7,8,0D,0A,0D,0,0,0,0,57,0
3817,2026-05-21 10:55:50.933,0,0,1,3,0,0,0,0,E5,8,0D,0A,0D,0,0,0
3818,2026-05-21 10:55:51.142,0,57,0,0,0,1,3,0,0,0,0,E5,8,0D,0A,0D
3819,2026-05-21 10:55:51.151,0,0,0,0,58,0,0,0,1,3,0,0,0,0,E7,8
3820,2026-05-21 10:55:51.353,0D,0A,0D,0,0,0,0,58,0,0,0,1,3,0,0,0
3821,2026-05-21 10:55:51.555,0,E5,8,0D,0A,0D,0,0,0,0,58,0,0,0,1,3
3822,2026-05-21 10:55:51.767,0,0,0,0,E3,8,0D,0A,0D,0,0,0,0,57,0,0
3823,2026-05-21 10:55:51.981,0,1,3,0,0,0,0,E5,8,0D,0A,0D,0,0,0,0
3824,2026-05-21 10:55:52.193,57,0,0,0,1,3,0,0,0,0,E5,8,0D,0A,0D,0
3825,2026-05-21 10:55:52.203,0,0,0,57,0,0,0,1,3,0,0,0,0,E7,8,0D
3826,2026-05-21 10:55:52.400,0A,0D,0,0,0,0,58,0,0,0,1,3,0,0,0,0
3827,2026-05-21 10:55:52.616,E5,8,0D,0A,0D,0,0,0,0,57,0,0,0,1,3,0
3828,2026-05-21 10:55:52.820,0,0,0,E7,8,0D,0A,0D,0,0,0,0,57,0,0,0
3829,2026-05-21 10:55:53.033,1,3,0,0,0,0,E5,8,0D,0A,0D,0,0,0,0,56
3830,2026-05-21 10:55:53.242,0,0,0,1,3,0,0,0,0,E5,8,0D,0A,0D,0,0
3831,2026-05-21 10:55:53.254,0,0,56,0,0,0,1,3,0,0,0,0,E5,8,0D,0A
3832,2026-05-21 10:55:53.448,0D,0,0,0,0,56,0,0,0,1,3,0,0,0,0,E7
3833,2026-05-21 10:55:53.667,8,0D,0A,0D,0,0,0,0,56,0,0,0,1,3,0,0
3834,2026-05-21 10:55:53.880,0,0,E5,8,0D,0A,0D,0,0,0,0,56,0,0,0,1
3835,2026-05-21 10:55:54.089,3,0,0,0,0,E7,8,0D,0A,0D,0,0,0,0,56,0
3836,2026-05-21 10:55:54.294,0,0,1,3,0,0,0,0,E5,8,0D,0A,0D,0,0,0
3837,2026-05-21 10:55:54.517,0,57,0,0,0,1,3,0,0,0,0,E5,8,0D,0A,0D
3838,2026-05-21 10:55:54.522,0,0,0,0,58,0,0,0,1,3,0,0,0,0,E5,8
3839,2026-05-21 10:55:54.720,0D,0A,0D,0,0,0,0,59,0,0,0,1,3,0,0,0
3840,2026-05-21 10:55:54.922,0,E5,8,0D,0A,0D,0,0,0,0,57,0,0,0,1,3
3841,2026-05-21 10:55:55.139,0,0,0,0,E5,8,0D,0A,0D,0,0,0,0,58,0,0
3842,2026-05-21 10:55:55.348,0,1,3,0,0,0,0,E5,8,0D,0A,0D,0,0,0,0
3843,2026-05-21 10:55:55.550,57,0,0,0,1,3,0,0,0,0,E5,8,0D,0A,0D,0
3844,2026-05-21 10:55:55.566,0,0,0,57,0,0,0,1,3,0,0,0,0,E5,8,0D
3845,2026-05-21 10:55:55.770,0A,0D,0,0,0,0,56,0,0,0,1,3,0,0,0,0
3846,2026-05-21 10:55:55.981,E5,8,0D,0A,0D,0,0,0,0,56,0,0,0,1,3,0
3847,2026-05-21 10:55:56.188,0,0,0,E7,8,0D,0A,0D,0,0,0,0,57,0,0,0
3848,2026-05-21 10:55:56.387,1,3,0,0,0,0,E3,8,0D,0A,0D,0,0,0,0,57
3849,2026-05-21 10:55:56.608,0,0,0,1,3,0,0,0,0,E5,8,0D,0A,0D,0,0
3850,2026-05-21 10:55:56.617,0,0,56,0,0,0,1,3,0,0,0,0,E5,8,0D,0A
3851,2026-05-21 10:55:56.822,0D,0,0,0,0,56,0,0,0,1,3,0,0,0,0,E5
3852,2026-05-21 10:55:57.021,8,0D,0A,0D,0,0,0,0,56,0,0,0,1,3,0,0
3853,2026-05-21 10:55:57.238,0,0,E5,8,0D,0A,0D,0,0,0,0,57,0,0,0,1
3854,2026-05-21 10:55:57.452,3,0,0,0,0,E5,8,0D,0A,0D,0,0,0,0,57,0
3855,2026-05-21 10:55:57.660,0,0,1,3,0,0,0,0,E5,8,0D,0A,0D,0,0,0
3856,2026-05-21 10:55:57.853,0,57,0,0,0,1,3,0,0,0,0,E5,8,0D,0A,0D
3857,2026-05-21 10:55:57.882,0,0,0,0,57,0,0,0,1,3,0,0,0,0,E5,8
3858,2026-05-21 10:55:58.085,0D,0A,0D,0,0,0,0,56,0,0,0,1,3,0,0,0
3859,2026-05-21 10:55:58.294,0,E7,8,0D,0A,0D,0,0,0,0,56,0,0,0,1,3
3860,2026-05-21 10:55:58.503,0,0,0,0,E5,8,0D,0A,0D,0,0,0,0,56,0,0
3861,2026-05-21 10:55:58.712,0,1,3,0,0,0,0,E7,8,0D,0A,0D,0,0,0,0
3862,2026-05-21 10:55:58.920,56,0,0,0,1,3,0,0,0,0,E5,8,0D,0A,0D,0
3863,2026-05-21 10:55:58.930,0,0,0,56,0,0,0,1,3,0,0,0,0,E5,8,0D
3864,2026-05-21 10:55:59.139,0A,0D,0,0,0,0,56,0,0,0,1,3,0,0,0,0
3865,2026-05-21 10:55:59.346,E5,8,0D,0A,0D,0,0,0,0,56,0,0,0,1,3,0
3866,2026-05-21 10:55:59.552,0,0,0,E5,8,0D,0A,0D,0,0,0,0,56,0,0,0
3867,2026-05-21 10:55:59.782,1,3,0,0,0,0,E5,8,0D,0A,0D,0,0,0,0,56
3868,2026-05-21 10:55:59.981,0,0,0,1,3,0,0,0,0,E5,8,0D,0A,0D,0,0
3869,2026-05-21 10:55:59.997,0,0,56,0,0,0,1,3,0,0,0,0,E5,8,0D,0A
3870,2026-05-21 10:56:00.188,0D,0,0,0,0,56,0,0,0,1,3,0,0,0,0,E5
3871,2026-05-21 10:56:00.427,8,0D,0A,0D,0,0,0,0,56,0,0,0,1,3,0,0
3872,2026-05-21 10:56:00.607,0,0,E5,8,0D,0A,0D,0,0,0,0,56,0,0,0,1
3873,2026-05-21 10:56:00.809,3,0,0,0,0,E5,8,0D,0A,0D,0,0,0,0,56,0
3874,2026-05-21 10:56:01.023,0,0,1,3,0,0,0,0,E5,8,0D,0A,0D,0,0,0
3875,2026-05-21 10:56:01.242,0,56,0,0,0,1,3,0,0,0,0,E5,8,0D,0A,0D
3876,2026-05-21 10:56:01.256,0,0,0,0,56,0,0,0,1,3,0,0,0,0,E5,8
3877,2026-05-21 10:56:01.448,0D,0A,0D,0,0,0,0,56,0,0,0,1,3,0,0,0
3878,2026-05-21 10:56:01.655,0,E5,8,0D,0A,0D,0,0,0,0,56,0,0,0,1,3
3879,2026-05-21 10:56:01.865,0,0,0,0,E5,8,0D,0A,0D,0,0,0,0,56,0,0
3880,2026-05-21 10:56:02.075,0,1,3,0,0,0,0,E5,8,0D,0A,0D,0,0,0,0
3881,2026-05-21 10:56:02.282,56,0,0,0,1,3,0,0,0,0,E5,8,0D,0A,0D,0
3882,2026-05-21 10:56:02.289,0,0,0,56,0,0,0,1,3,0,0,0,0,E5,8,0D
3883,2026-05-21 10:56:02.500,0A,0D,0,0,0,0,57,0,0,0,1,3,0,0,0,0
3884,2026-05-21 10:56:02.705,E5,8,0D,0A,0D,0,0,0,0,56,0,0,0,1,3,0
3885,2026-05-21 10:56:02.905,0,0,0,E5,8,0D,0A,0D,0,0,0,0,57,0,0,0
3886,2026-05-21 10:56:03.127,1,3,0,0,0,0,E5,8,0D,0A,0D,0,0,0,0,56
3887,2026-05-21 10:56:03.335,0,0,0,1,3,0,0,0,0,E5,8,0D,0A,0D,0,0
3888,2026-05-21 10:56:03.345,0,0,56,0,0,0,1,3,0,0,0,0,E5,8,0D,0A
3889,2026-05-21 10:56:03.552,0D,0,0,0,0,56,0,0,0,1,3,0,0,0,0,E7
3890,2026-05-21 10:56:03.754,8,0D,0A,0D,0,0,0,0,57,0,0,0,1,3,0,0
3891,2026-05-21 10:56:03.969,0,0,E5,8,0D,0A,0D,0,0,0,0,56,0,0,0,1
3892,2026-05-21 10:56:04.175,3,0,0,0,0,E5,8,0D,0A,0D,0,0,0,0,56,0
3893,2026-05-21 10:56:04.384,0,0,1,3,0,0,0,0,E5,8,0D,0A,0D,0,0,0
3894,2026-05-21 10:56:04.580,0,56,0,0,0,1,3,0,0,0,0,E5,8,0D,0A,0D
3895,2026-05-21 10:56:04.606,0,0,0,0,56,0,0,0,1,3,0,0,0,0,E7,8
3896,2026-05-21 10:56:04.811,0D,0A,0D,0,0,0,0,56,0,0,0,1,3,0,0,0
3897,2026-05-21 10:56:05.019,0,E5,8,0D,0A,0D,0,0,0,0,56,0,0,0,1,3
3898,2026-05-21 10:56:05.217,0,0,0,0,E5,8,0D,0A,0D,0,0,0,0,56,0,0
3899,2026-05-21 10:56:05.432,0,1,3,0,0,0,0,E5,8,0D,0A,0D,0,0,0,0
3900,2026-05-21 10:56:05.644,56,0,0,0,1,3,0,0,0,0,E7,8,0D,0A,0D,0
3901,2026-05-21 10:56:05.661,0,0,0,56,0,0,0,1,3,0,0,0,0,E5,8,0D
3902,2026-05-21 10:56:05.855,0A,0D,0,0,0,0,56,0,0,0,1,3,0,0,0,0
3903,2026-05-21 10:56:06.072,E5,8,0D,0A,0D,0,0,0,0,56,0,0,0,1,3,0
3904,2026-05-21 10:56:06.270,0,0,0,E5,8,0D,0A,0D,0,0,0,0,56,0,0,0
3905,2026-05-21 10:56:06.490,1,3,0,0,0,0,E5,8,0D,0A,0D,0,0,0,0,56
3906,2026-05-21 10:56:06.697,0,0,0,1,3,0,0,0,0,E5,8,0D,0A,0D,0,0
3907,2026-05-21 10:56:06.705,0,0,56,0,0,0,1,3,0,0,0,0,E5,8,0D,0A
3908,2026-05-21 10:56:06.914,0D,0,0,0,0,56,0,0,0,1,3,0,0,0,0,E5
3909,2026-05-21 10:56:07.123,8,0D,0A,0D,0,0,0,0,56,0,0,0,1,3,0,0
3910,2026-05-21 10:56:07.332,0,0,E7,8,0D,0A,0D,0,0,0,0,56,0,0,0,1
3911,2026-05-21 10:56:07.541,3,0,0,0,0,E5,8,0D,0A,0D,0,0,0,0,56,0
3912,2026-05-21 10:56:07.737,0,0,1,3,0,0,0,0,E7,8,0D,0A,0D,0,0,0
3913,2026-05-21 10:56:07.958,0,56,0,0,0,1,3,0,0,0,0,E7,8,0D,0A,0D
3914,2026-05-21 10:56:07.959,0,0,0,0,56,0,0,0,1,3,0,0,0,0,E5,8
3915,2026-05-21 10:56:08.172,0D,0A,0D,0,0,0,0,56,0,0,0,1,3,0,0,0
3916,2026-05-21 10:56:08.370,0,E5,8,0D,0A,0D,0,0,0,0,56,0,0,0,1,3
3917,2026-05-21 10:56:08.587,0,0,0,0,E5,8,0D,0A,0D,0,0,0,0,57,0,0
3918,2026-05-21 10:56:08.800,0,1,3,0,0,0,0,E5,8,0D,0A,0D,0,0,0,0
3919,2026-05-21 10:56:09.009,56,0,0,0,1,3,0,0,0,0,E5,8,0D,0A,0D,0
3920,2026-05-21 10:56:09.020,0,0,0,56,0,0,0,1,3,0,0,0,0,E5,8,0D
3921,2026-05-21 10:56:09.230,0A,0D,0,0,0,0,56,0,0,0,1,3,0,0,0,0
3922,2026-05-21 10:56:09.422,E5,8,0D,0A,0D,0,0,0,0,59,0,0,0,1,3,0
3923,2026-05-21 10:56:09.639,0,0,0,E5,8,0D,0A,0D,0,0,0,0,57,0,0,0
3924,2026-05-21 10:56:09.852,1,3,0,0,0,0,E5,8,0D,0A,0D,0,0,0,0,57
3925,2026-05-21 10:56:10.059,0,0,0,1,3,0,0,0,0,E5,8,0D,0A,0D,0,0
3926,2026-05-21 10:56:10.071,0,0,56,0,0,0,1,3,0,0,0,0,E5,8,0D,0A
3927,2026-05-21 10:56:10.268,0D,0,0,0,0,56,0,0,0,1,3,0,0,0,0,E5
3928,2026-05-21 10:56:10.490,8,0D,0A,0D,0,0,0,0,56,0,0,0,1,3,0,0
3929,2026-05-21 10:56:10.694,0,0,E7,8,0D,0A,0D,0,0,0,0,57,0,0,0,1
3930,2026-05-21 10:56:10.902,3,0,0,0,0,E5,8,0D,0A,0D,0,0,0,0,56,0
3931,2026-05-21 10:56:11.098,0,0,1,3,0,0,0,0,E5,8,0D,0A,0D,0,0,0
3932,2026-05-21 10:56:11.320,0,56,0,0,0,1,3,0,0,0,0,E5,8,0D,0A,0D
3933,2026-05-21 10:56:11.333,0,0,0,0,56,0,0,0,1,3,0,0,0,0,E7,8
3934,2026-05-21 10:56:11.523,0D,0A,0D,0,0,0,0,56,0,0,0,1,3,0,0,0
3935,2026-05-21 10:56:11.736,0,E5,8,0D,0A,0D,0,0,0,0,56,0,0,0,1,3
3936,2026-05-21 10:56:11.941,0,0,0,0,E5,8,0D,0A,0D,0,0,0,0,56,0,0
3937,2026-05-21 10:56:12.161,0,1,3,0,0,0,0,E7,8,0D,0A,0D,0,0,0,0
3938,2026-05-21 10:56:12.371,57,0,0,0,1,3,0,0,0,0,E7,8,0D,0A,0D,0
3939,2026-05-21 10:56:12.371,0,0,0,56,0,0,0,1,3,0,0,0,0,E7,8,0D
3940,2026-05-21 10:56:12.589,0A,0D,0,0,0,0,56,0,0,0,1,3,0,0,0,0
3941,2026-05-21 10:56:12.794,E5,8,0D,0A,0D,0,0,0,0,56,0,0,0,1,3,0
3942,2026-05-21 10:56:12.998,0,0,0,E5,8,0D,0A,0D,0,0,0,0,57,0,0,0
3943,2026-05-21 10:56:13.201,1,3,0,0,0,0,E5,8,0D,0A,0D,0,0,0,0,56
3944,2026-05-21 10:56:13.421,0,0,0,1,3,0,0,0,0,E5,8,0D,0A,0D,0,0
3945,2026-05-21 10:56:13.433,0,0,56,0,0,0,1,3,0,0,0,0,E5,8,0D,0A
3946,2026-05-21 10:56:13.639,0D,0,0,0,0,56,0,0,0,1,3,0,0,0,0,E7
3947,2026-05-21 10:56:13.844,8,0D,0A,0D,0,0,0,0,57,0,0,0,1,3,0,0
3948,2026-05-21 10:56:14.058,0,0,E5,8,0D,0A,0D,0,0,0,0,58,0,0,0,1
3949,2026-05-21 10:56:14.266,3,0,0,0,0,E5,8,0D,0A,0D,0,0,0,0,59,0
3950,2026-05-21 10:56:14.475,0,0,1,3,0,0,0,0,E5,8,0D,0A,0D,0,0,0
3951,2026-05-21 10:56:14.673,0,59,0,0,0,1,3,0,0,0,0,E5,8,0D,0A,0D
3952,2026-05-21 10:56:14.694,0,0,0,0,58,0,0,0,1,3,0,0,0,0,E7,8
3953,2026-05-21 10:56:14.901,0D,0A,0D,0,0,0,0,57,0,0,0,1,3,0,0,0
3954,2026-05-21 10:56:15.096,0,E5,8,0D,0A,0D,0,0,0,0,57,0,0,0,1,3
3955,2026-05-21 10:56:15.306,0,0,0,0,E7,8,0D,0A,0D,0,0,0,0,57,0,0
3956,2026-05-21 10:56:15.525,0,1,3,0,0,0,0,E5,8,0D,0A,0D,0,0,0,0
3957,2026-05-21 10:56:15.723,59,0,0,0,1,3,0,0,0,0,E3,8,0D,0A,0D,0
3958,2026-05-21 10:56:15.746,0,0,0,58,0,0,0,1,3,0,0,0,0,E5,8,0D
3959,2026-05-21 10:56:15.953,0A,0D,0,0,0,0,59,0,0,0,1,3,0,0,0,0
3960,2026-05-21 10:56:16.161,E5,8,0D,0A,0D,0,0,0,0,58,0,0,0,1,3,0
3961,2026-05-21 10:56:16.369,0,0,0,E5,8,0D,0A,0D,0,0,0,0,58,0,0,0
3962,2026-05-21 10:56:16.578,1,3,0,0,0,0,E5,8,0D,0A,0D,0,0,0,0,58
3963,2026-05-21 10:56:16.787,0,0,0,1,3,0,0,0,0,E7,8,0D,0A,0D,0,0
3964,2026-05-21 10:56:16.793,0,0,59,0,0,0,1,3,0,0,0,0,E7,8,0D,0A
3965,2026-05-21 10:56:17.003,0D,0,0,0,0,58,0,0,0,1,3,0,0,0,0,E5
3966,2026-05-21 10:56:17.205,8,0D,0A,0D,0,0,0,0,59,0,0,0,1,3,0,0
3967,2026-05-21 10:56:17.421,0,0,E7,8,0D,0A,0D,0,0,0,0,58,0,0,0,1
3968,2026-05-21 10:56:17.629,3,0,0,0,0,E7,8,0D,0A,0D,0,0,0,0,58,0
3969,2026-05-21 10:56:17.830,0,0,1,3,0,0,0,0,E5,8,0D,0A,0D,0,0,0
3970,2026-05-21 10:56:18.047,0,58,0,0,0,1,3,0,0,0,0,E5,8,0D,0A,0D
3971,2026-05-21 10:56:18.056,0,0,0,0,59,0,0,0,1,3,0,0,0,0,E7,8
3972,2026-05-21 10:56:18.263,0D,0A,0D,0,0,0,0,59,0,0,0,1,3,0,0,0
3973,2026-05-21 10:56:18.472,0,E5,8,0D,0A,0D,0,0,0,0,59,0,0,0,1,3
3974,2026-05-21 10:56:18.680,0,0,0,0,E5,8,0D,0A,0D,0,0,0,0,58,0,0
3975,2026-05-21 10:56:18.890,0,1,3,0,0,0,0,E5,8,0D,0A,0D,0,0,0,0
3976,2026-05-21 10:56:19.097,57,0,0,0,1,3,0,0,0,0,E5,8,0D,0A,0D,0
3977,2026-05-21 10:56:19.105,0,0,0,57,0,0,0,1,3,0,0,0,0,E5,8,0D
3978,2026-05-21 10:56:19.308,0A,0D,0,0,0,0,58,0,0,0,1,3,0,0,0,0
3979,2026-05-21 10:56:19.527,E7,8,0D,0A,0D,0,0,0,0,58,0,0,0,1,3,0
3980,2026-05-21 10:56:19.732,0,0,0,E5,8,0D,0A,0D,0,0,0,0,59,0,0,0
3981,2026-05-21 10:56:19.941,1,3,0,0,0,0,E7,8,0D,0A,0D,0,0,0,0,58
3982,2026-05-21 10:56:20.136,0,0,0,1,3,0,0,0,0,E7,8,0D,0A,0D,0,0
3983,2026-05-21 10:56:20.155,0,0,58,0,0,0,1,3,0,0,0,0,E5,8,0D,0A
3984,2026-05-21 10:56:20.364,0D,0,0,0,0,58,0,0,0,1,3,0,0,0,0,E7
3985,2026-05-21 10:56:20.575,8,0D,0A,0D,0,0,0,0,58,0,0,0,1,3,0,0
3986,2026-05-21 10:56:20.784,0,0,E5,8,0D,0A,0D,0,0,0,0,59,0,0,0,1
3987,2026-05-21 10:56:20.992,3,0,0,0,0,E5,8,0D,0A,0D,0,0,0,0,58,0
3988,2026-05-21 10:56:21.186,0,0,1,3,0,0,0,0,E5,8,0D,0A,0D,0,0,0
3989,2026-05-21 10:56:21.399,0,58,0,0,0,1,3,0,0,0,0,E7,8,0D,0A,0D
3990,2026-05-21 10:56:21.419,0,0,0,0,58,0,0,0,1,3,0,0,0,0,E7,8
3991,2026-05-21 10:56:21.626,0D,0A,0D,0,0,0,0,58,0,0,0,1,3,0,0,0
3992,2026-05-21 10:56:21.835,0,E7,8,0D,0A,0D,0,0,0,0,59,0,0,0,1,3
3993,2026-05-21 10:56:22.064,0,0,0,0,E5,8,0D,0A,0D,0,0,0,0,59,0,0
3994,2026-05-21 10:56:22.251,0,1,3,0,0,0,0,E7,8,0D,0A,0D,0,0,0,0
3995,2026-05-21 10:56:22.461,59,0,0,0,1,3,0,0,0,0,E5,8,0D,0A,0D,0
3996,2026-05-21 10:56:22.461,0,0,0,5A,0,0,0,1,3,0,0,0,0,E7,8,0D
3997,2026-05-21 10:56:22.678,0A,0D,0,0,0,0,58,0,0,0,1,3,0,0,0,0
3998,2026-05-21 10:56:22.886,E5,8,0D,0A,0D,0,0,0,0,58,0,0,0,1,3,0
3999,2026-05-21 10:56:23.095,0,0,0,E7,8,0D,0A,0D,0,0,0,0,58,0,0,0
4000,2026-05-21 10:56:23.303,1,3,0,0,0,0,E5,8,0D,0A,0D,0,0,0,0,59
4001,2026-05-21 10:56:23.508,0,0,0,1,3,0,0,0,0,E7,8,0D,0A,0D,0,0
4002,2026-05-21 10:56:23.523,0,0,59,0,0,0,1,3,0,0,0,0,E5,8,0D,0A
4003,2026-05-21 10:56:23.721,0D,0,0,0,0,59,0,0,0,1,3,0,0,0,0,E5
4004,2026-05-21 10:56:23.923,8,0D,0A,0D,0,0,0,0,58,0,0,0,1,3,0,0
4005,2026-05-21 10:56:24.147,0,0,E5,8,0D,0A,0D,0,0,0,0,58,0,0,0,1
4006,2026-05-21 10:56:24.355,3,0,0,0,0,E5,8,0D,0A,0D,0,0,0,0,58,0
4007,2026-05-21 10:56:24.564,0,0,1,3,0,0,0,0,E5,8,0D,0A,0D,0,0,0
4008,2026-05-21 10:56:24.775,0,59,0,0,0,1,3,0,0,0,0,E5,8,0D,0A,0D
4009,2026-05-21 10:56:24.797,0,0,0,0,59,0,0,0,1,3,0,0,0,0,E5,8
4010,2026-05-21 10:56:24.991,0D,0A,0D,0,0,0,0,59,0,0,0,1,3,0,0,0
4011,2026-05-21 10:56:25.197,0,E5,8,0D,0A,0D,0,0,0,0,59,0,0,0,1,3
4012,2026-05-21 10:56:25.406,0,0,0,0,E7,8,0D,0A,0D,0,0,0,0,59,0,0
4013,2026-05-21 10:56:25.615,0,1,3,0,0,0,0,E5,8,0D,0A,0D,0,0,0,0
4014,2026-05-21 10:56:25.824,59,0,0,0,1,3,0,0,0,0,E5,8,0D,0A,0D,0
4015,2026-05-21 10:56:25.825,0,0,0,59,0,0,0,1,3,0,0,0,0,E5,8,0D
4016,2026-05-21 10:56:26.048,0A,0D,0,0,0,0,59,0,0,0,1,3,0,0,0,0
4017,2026-05-21 10:56:26.241,E5,8,0D,0A,0D,0,0,0,0,59,0,0,0,1,3,0
4018,2026-05-21 10:56:26.458,0,0,0,E5,8,0D,0A,0D,0,0,0,0,59,0,0,0
4019,2026-05-21 10:56:26.658,1,3,0,0,0,0,E7,8,0D,0A,0D,0,0,0,0,59
4020,2026-05-21 10:56:26.875,0,0,0,1,3,0,0,0,0,E7,8,0D,0A,0D,0,0
4021,2026-05-21 10:56:26.884,0,0,59,0,0,0,1,3,0,0,0,0,E5,8,0D,0A
4022,2026-05-21 10:56:27.091,0D,0,0,0,0,59,0,0,0,1,3,0,0,0,0,E5
4023,2026-05-21 10:56:27.300,8,0D,0A,0D,0,0,0,0,5A,0,0,0,1,3,0,0
4024,2026-05-21 10:56:27.508,0,0,E5,8,0D,0A,0D,0,0,0,0,5A,0,0,0,1
4025,2026-05-21 10:56:27.707,3,0,0,0,0,E3,8,0D,0A,0D,0,0,0,0,59,0
4026,2026-05-21 10:56:27.924,0,0,1,3,0,0,0,0,E5,8,0D,0A,0D,0,0,0
4027,2026-05-21 10:56:28.125,0,59,0,0,0,1,3,0,0,0,0,E5,8,0D,0A,0D
4028,2026-05-21 10:56:28.146,0,0,0,0,5A,0,0,0,1,3,0,0,0,0,E7,8
4029,2026-05-21 10:56:28.341,0D,0A,0D,0,0,0,0,59,0,0,0,1,3,0,0,0
4030,2026-05-21 10:56:28.558,0,E5,8,0D,0A,0D,0,0,0,0,5A,0,0,0,1,3
4031,2026-05-21 10:56:28.758,0,0,0,0,E5,8,0D,0A,0D,0,0,0,0,5A,0,0
4032,2026-05-21 10:56:28.978,0,1,3,0,0,0,0,E5,8,0D,0A,0D,0,0,0,0
4033,2026-05-21 10:56:29.178,59,0,0,0,1,3,0,0,0,0,E5,8,0D,0A,0D,0
4034,2026-05-21 10:56:29.192,0,0,0,59,0,0,0,1,3,0,0,0,0,E7,8,0D
4035,2026-05-21 10:56:29.391,0A,0D,0,0,0,0,5A,0,0,0,1,3,0,0,0,0
4036,2026-05-21 10:56:29.609,E5,8,0D,0A,0D,0,0,0,0,59,0,0,0,1,3,0
4037,2026-05-21 10:56:29.821,0,0,0,E5,8,0D,0A,0D,0,0,0,0,5A,0,0,0
4038,2026-05-21 10:56:30.020,1,3,0,0,0,0,E5,8,0D,0A,0D,0,0,0,0,5A
4039,2026-05-21 10:56:30.232,0,0,0,1,3,0,0,0,0,E5,8,0D,0A,0D,0,0
4040,2026-05-21 10:56:30.246,0,0,5A,0,0,0,1,3,0,0,0,0,E5,8,0D,0A
4041,2026-05-21 10:56:30.452,0D,0,0,0,0,5A,0,0,0,1,3,0,0,0,0,E7
4042,2026-05-21 10:56:30.657,8,0D,0A,0D,0,0,0,0,59,0,0,0,1,3,0,0
4043,2026-05-21 10:56:30.859,0,0,E7,8,0D,0A,0D,0,0,0,0,5A,0,0,0,1
4044,2026-05-21 10:56:31.081,3,0,0,0,0,E5,8,0D,0A,0D,0,0,0,0,5A,0
4045,2026-05-21 10:56:31.289,0,0,1,3,0,0,0,0,E5,8,0D,0A,0D,0,0,0
4046,2026-05-21 10:56:31.494,0,5A,0,0,0,1,3,0,0,0,0,E5,8,0D,0A,0D
4047,2026-05-21 10:56:31.507,0,0,0,0,59,0,0,0,1,3,0,0,0,0,E5,8
4048,2026-05-21 10:56:31.714,0D,0A,0D,0,0,0,0,59,0,0,0,1,3,0,0,0
4049,2026-05-21 10:56:31.913,0,E7,8,0D,0A,0D,0,0,0,0,59,0,0,0,1,3
4050,2026-05-21 10:56:32.132,0,0,0,0,E7,8,0D,0A,0D,0,0,0,0,5A,0,0
4051,2026-05-21 10:56:32.334,0,1,3,0,0,0,0,E7,8,0D,0A,0D,0,0,0,0
4052,2026-05-21 10:56:32.538,59,0,0,0,1,3,0,0,0,0,E5,8,0D,0A,0D,0
4053,2026-05-21 10:56:32.560,0,0,0,59,0,0,0,1,3,0,0,0,0,E7,8,0D
4054,2026-05-21 10:56:32.766,0A,0D,0,0,0,0,59,0,0,0,1,3,0,0,0,0
4055,2026-05-21 10:56:32.962,E7,8,0D,0A,0D,0,0,0,0,59,0,0,0,1,3,0
4056,2026-05-21 10:56:33.183,0,0,0,E7,8,0D,0A,0D,0,0,0,0,59,0,0,0
4057,2026-05-21 10:56:33.385,1,3,0,0,0,0,E5,8,0D,0A,0D,0,0,0,0,59
4058,2026-05-21 10:56:33.601,0,0,0,1,3,0,0,0,0,E7,8,0D,0A,0D,0,0
4059,2026-05-21 10:56:33.604,0,0,59,0,0,0,1,3,0,0,0,0,E7,8,0D,0A
4060,2026-05-21 10:56:33.818,0D,0,0,0,0,59,0,0,0,1,3,0,0,0,0,E7
4061,2026-05-21 10:56:34.025,8,0D,0A,0D,0,0,0,0,56,0,0,0,1,3,0,0
4062,2026-05-21 10:56:34.232,0,0,E5,8,0D,0A,0D,0,0,0,0,56,0,0,0,1
4063,2026-05-21 10:56:34.436,3,0,0,0,0,E7,8,0D,0A,0D,0,0,0,0,57,0
4064,2026-05-21 10:56:34.647,0,0,1,3,0,0,0,0,E5,8,0D,0A,0D,0,0,0
4065,2026-05-21 10:56:34.867,0,59,0,0,0,1,3,0,0,0,0,E5,8,0D,0A,0D
4066,2026-05-21 10:56:34.884,0,0,0,0,59,0,0,0,1,3,0,0,0,0,E7,8
4067,2026-05-21 10:56:35.078,0D,0A,0D,0,0,0,0,59,0,0,0,1,3,0,0,0
4068,2026-05-21 10:56:35.286,0,E5,8,0D,0A,0D,0,0,0,0,57,0,0,0,1,3
4069,2026-05-21 10:56:35.486,0,0,0,0,E7,8,0D,0A,0D,0,0,0,0,57,0,0
4070,2026-05-21 10:56:35.704,0,1,3,0,0,0,0,E5,8,0D,0A,0D,0,0,0,0
4071,2026-05-21 10:56:35.911,56,0,0,0,1,3,0,0,0,0,E5,8,0D,0A,0D,0
4072,2026-05-21 10:56:35.920,0,0,0,58,0,0,0,1,3,0,0,0,0,E5,8,0D
4073,2026-05-21 10:56:36.122,0A,0D,0,0,0,0,57,0,0,0,1,3,0,0,0,0
4074,2026-05-21 10:56:36.335,E7,8,0D,0A,0D,0,0,0,0,58,0,0,0,1,3,0
4075,2026-05-21 10:56:36.538,0,0,0,E5,8,0D,0A,0D,0,0,0,0,58,0,0,0
4076,2026-05-21 10:56:36.755,1,3,0,0,0,0,E5,8,0D,0A,0D,0,0,0,0,58
4077,2026-05-21 10:56:36.962,0,0,0,1,3,0,0,0,0,E5,8,0D,0A,0D,0,0
4078,2026-05-21 10:56:36.979,0,0,57,0,0,0,1,3,0,0,0,0,E5,8,0D,0A
4079,2026-05-21 10:56:37.179,0D,0,0,0,0,57,0,0,0,1,3,0,0,0,0,E7
4080,2026-05-21 10:56:37.387,8,0D,0A,0D,0,0,0,0,57,0,0,0,1,3,0,0
4081,2026-05-21 10:56:37.588,0,0,E7,8,0D,0A,0D,0,0,0,0,58,0,0,0,1
4082,2026-05-21 10:56:37.807,3,0,0,0,0,E5,8,0D,0A,0D,0,0,0,0,58,0
4083,2026-05-21 10:56:38.015,0,0,1,3,0,0,0,0,E7,8,0D,0A,0D,0,0,0
4084,2026-05-21 10:56:38.224,0,57,0,0,0,1,3,0,0,0,0,E5,8,0D,0A,0D
4085,2026-05-21 10:56:38.227,0,0,0,0,57,0,0,0,1,3,0,0,0,0,E7,8
4086,2026-05-21 10:56:38.441,0D,0A,0D,0,0,0,0,57,0,0,0,1,3,0,0,0
4087,2026-05-21 10:56:38.646,0,E7,8,0D,0A,0D,0,0,0,0,56,0,0,0,1,3
4088,2026-05-21 10:56:38.858,0,0,0,0,E7,8,0D,0A,0D,0,0,0,0,57,0,0
4089,2026-05-21 10:56:39.062,0,1,3,0,0,0,0,E5,8,0D,0A,0D,0,0,0,0
4090,2026-05-21 10:56:39.275,56,0,0,0,1,3,0,0,0,0,E5,8,0D,0A,0D,0
4091,2026-05-21 10:56:39.284,0,0,0,56,0,0,0,1,3,0,0,0,0,E5,8,0D
4092,2026-05-21 10:56:39.493,0A,0D,0,0,0,0,56,0,0,0,1,3,0,0,0,0
4093,2026-05-21 10:56:39.700,E5,8,0D,0A,0D,0,0,0,0,56,0,0,0,1,3,0
4094,2026-05-21 10:56:39.910,0,0,0,E5,8,0D,0A,0D,0,0,0,0,56,0,0,0
4095,2026-05-21 10:56:40.112,1,3,0,0,0,0,E5,8,0D,0A,0D,0,0,0,0,57
4096,2026-05-21 10:56:40.349,0,0,0,1,3,0,0,0,0,E5,8,0D,0A,0D,0,0
4097,2026-05-21 10:56:40.364,0,0,57,0,0,0,1,3,0,0,0,0,E5,8,0D,0A
4098,2026-05-21 10:56:40.548,0D,0,0,0,0,56,0,0,0,1,3,0,0,0,0,E5
4099,2026-05-21 10:56:40.759,8,0D,0A,0D,0,0,0,0,57,0,0,0,1,3,0,0
4100,2026-05-21 10:56:40.964,0,0,E5,8,0D,0A,0D,0,0,0,0,56,0,0,0,1
4101,2026-05-21 10:56:41.170,3,0,0,0,0,E7,8,0D,0A,0D,0,0,0,0,56,0
4102,2026-05-21 10:56:41.369,0,0,1,3,0,0,0,0,E7,8,0D,0A,0D,0,0,0
4103,2026-05-21 10:56:41.584,0,56,0,0,0,1,3,0,0,0,0,E7,8,0D,0A,0D
4104,2026-05-21 10:56:41.597,0,0,0,0,57,0,0,0,1,3,0,0,0,0,E5,8
4105,2026-05-21 10:56:41.792,0D,0A,0D,0,0,0,0,56,0,0,0,1,3,0,0,0
4106,2026-05-21 10:56:42.009,0,E5,8,0D,0A,0D,0,0,0,0,56,0,0,0,1,3
4107,2026-05-21 10:56:42.217,0,0,0,0,E5,8,0D,0A,0D,0,0,0,0,56,0,0
4108,2026-05-21 10:56:42.418,0,1,3,0,0,0,0,E5,8,0D,0A,0D,0,0,0,0
4109,2026-05-21 10:56:42.631,56,0,0,0,1,3,0,0,0,0,E5,8,0D,0A,0D,0
4110,2026-05-21 10:56:42.647,0,0,0,56,0,0,0,1,3,0,0,0,0,E5,8,0D
4111,2026-05-21 10:56:42.856,0A,0D,0,0,0,0,57,0,0,0,1,3,0,0,0,0
4112,2026-05-21 10:56:43.063,E5,8,0D,0A,0D,0,0,0,0,58,0,0,0,1,3,0
4113,2026-05-21 10:56:43.273,0,0,0,E5,8,0D,0A,0D,0,0,0,0,59,0,0,0
4114,2026-05-21 10:56:43.467,1,3,0,0,0,0,E5,8,0D,0A,0D,0,0,0,0,58
4115,2026-05-21 10:56:43.691,0,0,0,1,3,0,0,0,0,E7,8,0D,0A,0D,0,0
4116,2026-05-21 10:56:43.702,0,0,59,0,0,0,1,3,0,0,0,0,E5,8,0D,0A
4117,2026-05-21 10:56:43.906,0D,0,0,0,0,58,0,0,0,1,3,0,0,0,0,E5
4118,2026-05-21 10:56:44.115,8,0D,0A,0D,0,0,0,0,58,0,0,0,1,3,0,0
4119,2026-05-21 10:56:44.324,0,0,E5,8,0D,0A,0D,0,0,0,0,57,0,0,0,1
4120,2026-05-21 10:56:44.533,3,0,0,0,0,E5,8,0D,0A,0D,0,0,0,0,58,0
4121,2026-05-21 10:56:44.735,0,0,1,3,0,0,0,0,E7,8,0D,0A,0D,0,0,0
4122,2026-05-21 10:56:44.950,0,58,0,0,0,1,3,0,0,0,0,E7,8,0D,0A,0D
4123,2026-05-21 10:56:44.961,0,0,0,0,59,0,0,0,1,3,0,0,0,0,E5,8
4124,2026-05-21 10:56:45.167,0D,0A,0D,0,0,0,0,58,0,0,0,1,3,0,0,0
4125,2026-05-21 10:56:45.372,0,E5,8,0D,0A,0D,0,0,0,0,59,0,0,0,1,3
4126,2026-05-21 10:56:45.584,0,0,0,0,E5,8,0D,0A,0D,0,0,0,0,59,0,0
4127,2026-05-21 10:56:45.793,0,1,3,0,0,0,0,E5,8,0D,0A,0D,0,0,0,0
4128,2026-05-21 10:56:45.997,59,0,0,0,1,3,0,0,0,0,E5,8,0D,0A,0D,0
4129,2026-05-21 10:56:46.012,0,0,0,59,0,0,0,1,3,0,0,0,0,E7,8,0D
4130,2026-05-21 10:56:46.214,0A,0D,0,0,0,0,59,0,0,0,1,3,0,0,0,0
4131,2026-05-21 10:56:46.414,E7,8,0D,0A,0D,0,0,0,0,59,0,0,0,1,3,0
4132,2026-05-21 10:56:46.632,0,0,0,E5,8,0D,0A,0D,0,0,0,0,59,0,0,0
4133,2026-05-21 10:56:46.838,1,3,0,0,0,0,E7,8,0D,0A,0D,0,0,0,0,59
4134,2026-05-21 10:56:47.051,0,0,0,1,3,0,0,0,0,E5,8,0D,0A,0D,0,0
4135,2026-05-21 10:56:47.065,0,0,58,0,0,0,1,3,0,0,0,0,E5,8,0D,0A
4136,2026-05-21 10:56:47.260,0D,0,0,0,0,59,0,0,0,1,3,0,0,0,0,E5
4137,2026-05-21 10:56:47.478,8,0D,0A,0D,0,0,0,0,59,0,0,0,1,3,0,0
4138,2026-05-21 10:56:47.687,0,0,E5,8,0D,0A,0D,0,0,0,0,59,0,0,0,1
4139,2026-05-21 10:56:47.888,3,0,0,0,0,E5,8,0D,0A,0D,0,0,0,0,59,0
4140,2026-05-21 10:56:48.099,0,0,1,3,0,0,0,0,E5,8,0D,0A,0D,0,0,0
4141,2026-05-21 10:56:48.311,0,59,0,0,0,1,3,0,0,0,0,E7,8,0D,0A,0D
4142,2026-05-21 10:56:48.325,0,0,0,0,58,0,0,0,1,3,0,0,0,0,E3,8
4143,2026-05-21 10:56:48.515,0D,0A,0D,0,0,0,0,59,0,0,0,1,3,0,0,0
4144,2026-05-21 10:56:48.753,0,E5,8,0D,0A,0D,0,0,0,0,59,0,0,0,1,3
4145,2026-05-21 10:56:48.946,0,0,0,0,E5,8,0D,0A,0D,0,0,0,0,59,0,0
4146,2026-05-21 10:56:49.147,0,1,3,0,0,0,0,E5,8,0D,0A,0D,0,0,0,0
4147,2026-05-21 10:56:49.350,59,0,0,0,1,3,0,0,0,0,E5,8,0D,0A,0D,0
4148,2026-05-21 10:56:49.392,0,0,0,59,0,0,0,1,3,0,0,0,0,E5,8,0D
4149,2026-05-21 10:56:49.597,0A,0D,0,0,0,0,59,0,0,0,1,3,0,0,0,0
4150,2026-05-21 10:56:49.789,E5,8,0D,0A,0D,0,0,0,0,59,0,0,0,1,3,0
4151,2026-05-21 10:56:49.990,0,0,0,E5,8,0D,0A,0D,0,0,0,0,59,0,0,0
4152,2026-05-21 10:56:50.200,1,3,0,0,0,0,E5,8,0D,0A,0D,0,0,0,0,59
4153,2026-05-21 10:56:50.412,0,0,0,1,3,0,0,0,0,E5,8,0D,0A,0D,0,0
4154,2026-05-21 10:56:50.428,0,0,59,0,0,0,1,3,0,0,0,0,E5,8,0D,0A
4155,2026-05-21 10:56:50.631,0D,0,0,0,0,59,0,0,0,1,3,0,0,0,0,E5
4156,2026-05-21 10:56:50.835,8,0D,0A,0D,0,0,0,0,59,0,0,0,1,3,0,0
4157,2026-05-21 10:56:51.040,0,0,E3,8,0D,0A,0D,0,0,0,0,59,0,0,0,1
4158,2026-05-21 10:56:51.257,3,0,0,0,0,E5,8,0D,0A,0D,0,0,0,0,59,0
4159,2026-05-21 10:56:51.463,0,0,1,3,0,0,0,0,E5,8,0D,0A,0D,0,0,0
4160,2026-05-21 10:56:51.674,0,59,0,0,0,1,3,0,0,0,0,E5,8,0D,0A,0D
4161,2026-05-21 10:56:51.686,0,0,0,0,59,0,0,0,1,3,0,0,0,0,E5,8
4162,2026-05-21 10:56:51.891,0D,0A,0D,0,0,0,0,58,0,0,0,1,3,0,0,0
4163,2026-05-21 10:56:52.089,0,E5,8,0D,0A,0D,0,0,0,0,58,0,0,0,1,3
4164,2026-05-21 10:56:52.302,0,0,0,0,E5,8,0D,0A,0D,0,0,0,0,58,0,0
4165,2026-05-21 10:56:52.514,0,1,3,0,0,0,0,E7,8,0D,0A,0D,0,0,0,0
4166,2026-05-21 10:56:52.719,58,0,0,0,1,3,0,0,0,0,E5,8,0D,0A,0D,0
4167,2026-05-21 10:56:52.737,0,0,0,58,0,0,0,1,3,0,0,0,0,E5,8,0D
4168,2026-05-21 10:56:52.943,0A,0D,0,0,0,0,58,0,0,0,1,3,0,0,0,0
4169,2026-05-21 10:56:53.141,E5,8,0D,0A,0D,0,0,0,0,58,0,0,0,1,3,0
4170,2026-05-21 10:56:53.346,0,0,0,E3,8,0D,0A,0D,0,0,0,0,57,0,0,0
4171,2026-05-21 10:56:53.567,1,3,0,0,0,0,E5,8,0D,0A,0D,0,0,0,0,57
4172,2026-05-21 10:56:53.767,0,0,0,1,3,0,0,0,0,E5,8,0D,0A,0D,0,0
4173,2026-05-21 10:56:53.786,0,0,58,0,0,0,1,3,0,0,0,0,E7,8,0D,0A
4174,2026-05-21 10:56:53.986,0D,0,0,0,0,58,0,0,0,1,3,0,0,0,0,E3
4175,2026-05-21 10:56:54.204,8,0D,0A,0D,0,0,0,0,59,0,0,0,1,3,0,0
4176,2026-05-21 10:56:54.405,0,0,E5,8,0D,0A,0D,0,0,0,0,58,0,0,0,1
4177,2026-05-21 10:56:54.613,3,0,0,0,0,E5,8,0D,0A,0D,0,0,0,0,58,0
4178,2026-05-21 10:56:54.829,0,0,1,3,0,0,0,0,E5,8,0D,0A,0D,0,0,0
4179,2026-05-21 10:56:55.030,0,57,0,0,0,1,3,0,0,0,0,E3,8,0D,0A,0D
4180,2026-05-21 10:56:55.047,0,0,0,0,58,0,0,0,1,3,0,0,0,0,E5,8
4181,2026-05-21 10:56:55.247,0D,0A,0D,0,0,0,0,58,0,0,0,1,3,0,0,0
4182,2026-05-21 10:56:55.464,0,E5,8,0D,0A,0D,0,0,0,0,59,0,0,0,1,3
4183,2026-05-21 10:56:55.664,0,0,0,0,E7,8,0D,0A,0D,0,0,0,0,58,0,0
4184,2026-05-21 10:56:55.882,0,1,3,0,0,0,0,E5,8,0D,0A,0D,0,0,0,0
4185,2026-05-21 10:56:56.090,58,0,0,0,1,3,0,0,0,0,E5,8,0D,0A,0D,0
4186,2026-05-21 10:56:56.102,0,0,0,58,0,0,0,1,3,0,0,0,0,E5,8,0D
4187,2026-05-21 10:56:56.307,0A,0D,0,0,0,0,58,0,0,0,1,3,0,0,0,0
4188,2026-05-21 10:56:56.512,E5,8,0D,0A,0D,0,0,0,0,59,0,0,0,1,3,0
4189,2026-05-21 10:56:56.725,0,0,0,E5,8,0D,0A,0D,0,0,0,0,59,0,0,0
4190,2026-05-21 10:56:56.929,1,3,0,0,0,0,E5,8,0D,0A,0D,0,0,0,0,59
4191,2026-05-21 10:56:57.142,0,0,0,1,3,0,0,0,0,E5,8,0D,0A,0D,0,0
4192,2026-05-21 10:56:57.151,0,0,59,0,0,0,1,3,0,0,0,0,E5,8,0D,0A
4193,2026-05-21 10:56:57.359,0D,0,0,0,0,58,0,0,0,1,3,0,0,0,0,E7
4194,2026-05-21 10:56:57.568,8,0D,0A,0D,0,0,0,0,58,0,0,0,1,3,0,0
4195,2026-05-21 10:56:57.784,0,0,E7,8,0D,0A,0D,0,0,0,0,59,0,0,0,1
4196,2026-05-21 10:56:57.974,3,0,0,0,0,E5,8,0D,0A,0D,0,0,0,0,59,0
4197,2026-05-21 10:56:58.191,0,0,1,3,0,0,0,0,E5,8,0D,0A,0D,0,0,0
4198,2026-05-21 10:56:58.391,0,59,0,0,0,1,3,0,0,0,0,E5,8,0D,0A,0D
4199,2026-05-21 10:56:58.409,0,0,0,0,58,0,0,0,1,3,0,0,0,0,E5,8
4200,2026-05-21 10:56:58.609,0D,0A,0D,0,0,0,0,58,0,0,0,1,3,0,0,0
4201,2026-05-21 10:56:58.825,0,E5,8,0D,0A,0D,0,0,0,0,58,0,0,0,1,3
4202,2026-05-21 10:56:59.029,0,0,0,0,E7,8,0D,0A,0D,0,0,0,0,59,0,0
4203,2026-05-21 10:56:59.245,0,1,3,0,0,0,0,E5,8,0D,0A,0D,0,0,0,0
4204,2026-05-21 10:56:59.445,59,0,0,0,1,3,0,0,0,0,E5,8,0D,0A,0D,0
4205,2026-05-21 10:56:59.463,0,0,0,59,0,0,0,1,3,0,0,0,0,E5,8,0D
4206,2026-05-21 10:56:59.663,0A,0D,0,0,0,0,58,0,0,0,1,3,0,0,0,0
4207,2026-05-21 10:56:59.881,E5,8,0D,0A,0D,0,0,0,0,59,0,0,0,1,3,0
4208,2026-05-21 10:57:00.080,0,0,0,E5,8,0D,0A,0D,0,0,0,0,58,0,0,0
4209,2026-05-21 10:57:00.296,1,3,0,0,0,0,E5,8,0D,0A,0D,0,0,0,0,5A
4210,2026-05-21 10:57:00.496,0,0,0,1,3,0,0,0,0,E5,8,0D,0A,0D,0,0
4211,2026-05-21 10:57:00.515,0,0,59,0,0,0,1,3,0,0,0,0,E5,8,0D,0A
4212,2026-05-21 10:57:00.721,0D,0,0,0,0,59,0,0,0,1,3,0,0,0,0,E5
4213,2026-05-21 10:57:00.928,8,0D,0A,0D,0,0,0,0,58,0,0,0,1,3,0,0
4214,2026-05-21 10:57:01.157,0,0,E5,8,0D,0A,0D,0,0,0,0,59,0,0,0,1
4215,2026-05-21 10:57:01.348,3,0,0,0,0,E5,8,0D,0A,0D,0,0,0,0,58,0
4216,2026-05-21 10:57:01.552,0,0,1,3,0,0,0,0,E5,8,0D,0A,0D,0,0,0
4217,2026-05-21 10:57:01.750,0,59,0,0,0,1,3,0,0,0,0,E5,8,0D,0A,0D
4218,2026-05-21 10:57:01.775,0,0,0,0,59,0,0,0,1,3,0,0,0,0,E7,8
4219,2026-05-21 10:57:01.972,0D,0A,0D,0,0,0,0,59,0,0,0,1,3,0,0,0
4220,2026-05-21 10:57:02.189,0,E5,8,0D,0A,0D,0,0,0,0,59,0,0,0,1,3
4221,2026-05-21 10:57:02.399,0,0,0,0,E5,8,0D,0A,0D,0,0,0,0,59,0,0
4222,2026-05-21 10:57:02.600,0,1,3,0,0,0,0,E5,8,0D,0A,0D,0,0,0,0
4223,2026-05-21 10:57:02.816,59,0,0,0,1,3,0,0,0,0,E5,8,0D,0A,0D,0
4224,2026-05-21 10:57:02.834,0,0,0,59,0,0,0,1,3,0,0,0,0,E5,8,0D
4225,2026-05-21 10:57:03.032,0A,0D,0,0,0,0,59,0,0,0,1,3,0,0,0,0
4226,2026-05-21 10:57:03.241,E7,8,0D,0A,0D,0,0,0,0,59,0,0,0,1,3,0
4227,2026-05-21 10:57:03.448,0,0,0,E5,8,0D,0A,0D,0,0,0,0,58,0,0,0
4228,2026-05-21 10:57:03.659,1,3,0,0,0,0,E5,8,0D,0A,0D,0,0,0,0,58
4229,2026-05-21 10:57:03.867,0,0,0,1,3,0,0,0,0,E5,8,0D,0A,0D,0,0
4230,2026-05-21 10:57:03.883,0,0,58,0,0,0,1,3,0,0,0,0,E7,8,0D,0A
4231,2026-05-21 10:57:04.073,0D,0,0,0,0,59,0,0,0,1,3,0,0,0,0,E5
4232,2026-05-21 10:57:04.290,8,0D,0A,0D,0,0,0,0,58,0,0,0,1,3,0,0
4233,2026-05-21 10:57:04.502,0,0,E5,8,0D,0A,0D,0,0,0,0,58,0,0,0,1
4234,2026-05-21 10:57:04.702,3,0,0,0,0,E5,8,0D,0A,0D,0,0,0,0,58,0
4235,2026-05-21 10:57:04.924,0,0,1,3,0,0,0,0,E7,8,0D,0A,0D,0,0,0
4236,2026-05-21 10:57:05.117,0,57,0,0,0,1,3,0,0,0,0,E5,8,0D,0A,0D
4237,2026-05-21 10:57:05.137,0,0,0,0,58,0,0,0,1,3,0,0,0,0,E5,8
4238,2026-05-21 10:57:05.341,0D,0A,0D,0,0,0,0,58,0,0,0,1,3,0,0,0
4239,2026-05-21 10:57:05.539,0,E7,8,0D,0A,0D,0,0,0,0,59,0,0,0,1,3
4240,2026-05-21 10:57:05.755,0,0,0,0,E5,8,0D,0A,0D,0,0,0,0,58,0,0
4241,2026-05-21 10:57:05.971,0,1,3,0,0,0,0,E7,8,0D,0A,0D,0,0,0,0
4242,2026-05-21 10:57:06.179,59,0,0,0,1,3,0,0,0,0,E5,8,0D,0A,0D,0
4243,2026-05-21 10:57:06.188,0,0,0,58,0,0,0,1,3,0,0,0,0,E7,8,0D
4244,2026-05-21 10:57:06.387,0A,0D,0,0,0,0,59,0,0,0,1,3,0,0,0,0
4245,2026-05-21 10:57:06.595,E5,8,0D,0A,0D,0,0,0,0,58,0,0,0,1,3,0
4246,2026-05-21 10:57:06.805,0,0,0,E5,8,0D,0A,0D,0,0,0,0,5A,0,0,0
4247,2026-05-21 10:57:07.019,1,3,0,0,0,0,E5,8,0D,0A,0D,0,0,0,0,58
4248,2026-05-21 10:57:07.231,0,0,0,1,3,0,0,0,0,E5,8,0D,0A,0D,0,0
4249,2026-05-21 10:57:07.240,0,0,59,0,0,0,1,3,0,0,0,0,E5,8,0D,0A
4250,2026-05-21 10:57:07.441,0D,0,0,0,0,58,0,0,0,1,3,0,0,0,0,E5
4251,2026-05-21 10:57:07.655,8,0D,0A,0D,0,0,0,0,59,0,0,0,1,3,0,0
4252,2026-05-21 10:57:07.854,0,0,E5,8,0D,0A,0D,0,0,0,0,58,0,0,0,1
4253,2026-05-21 10:57:08.072,3,0,0,0,0,E5,8,0D,0A,0D,0,0,0,0,59,0
4254,2026-05-21 10:57:08.269,0,0,1,3,0,0,0,0,E5,8,0D,0A,0D,0,0,0
4255,2026-05-21 10:57:08.491,0,59,0,0,0,1,3,0,0,0,0,E5,8,0D,0A,0D
4256,2026-05-21 10:57:08.498,0,0,0,0,59,0,0,0,1,3,0,0,0,0,E5,8
4257,2026-05-21 10:57:08.706,0D,0A,0D,0,0,0,0,58,0,0,0,1,3,0,0,0
4258,2026-05-21 10:57:08.906,0,E9,8,0D,0A,0D,0,0,0,0,58,0,0,0,1,3
4259,2026-05-21 10:57:09.119,0,0,0,0,E5,8,0D,0A,0D,0,0,0,0,58,0,0
4260,2026-05-21 10:57:09.334,0,1,3,0,0,0,0,E5,8,0D,0A,0D,0,0,0,0
4261,2026-05-21 10:57:09.542,58,0,0,0,1,3,0,0,0,0,E5,8,0D,0A,0D,0
4262,2026-05-21 10:57:09.552,0,0,0,58,0,0,0,1,3,0,0,0,0,E7,8,0D
4263,2026-05-21 10:57:09.754,0A,0D,0,0,0,0,59,0,0,0,1,3,0,0,0,0
4264,2026-05-21 10:57:09.960,E5,8,0D,0A,0D,0,0,0,0,58,0,0,0,1,3,0
4265,2026-05-21 10:57:10.170,0,0,0,E5,8,0D,0A,0D,0,0,0,0,58,0,0,0
4266,2026-05-21 10:57:10.374,1,3,0,0,0,0,E7,8,0D,0A,0D,0,0,0,0,58
4267,2026-05-21 10:57:10.585,0,0,0,1,3,0,0,0,0,E7,8,0D,0A,0D,0,0
4268,2026-05-21 10:57:10.602,0,0,59,0,0,0,1,3,0,0,0,0,E5,8,0D,0A
4269,2026-05-21 10:57:10.806,0D,0,0,0,0,59,0,0,0,1,3,0,0,0,0,E7
4270,2026-05-21 10:57:11.016,8,0D,0A,0D,0,0,0,0,59,0,0,0,1,3,0,0
4271,2026-05-21 10:57:11.227,0,0,E5,8,0D,0A,0D,0,0,0,0,59,0,0,0,1
4272,2026-05-21 10:57:11.428,3,0,0,0,0,E5,8,0D,0A,0D,0,0,0,0,58,0
4273,2026-05-21 10:57:11.638,0,0,1,3,0,0,0,0,E5,8,0D,0A,0D,0,0,0
4274,2026-05-21 10:57:11.849,0,58,0,0,0,1,3,0,0,0,0,E5,8,0D,0A,0D
4275,2026-05-21 10:57:11.861,0,0,0,0,59,0,0,0,1,3,0,0,0,0,E7,8
4276,2026-05-21 10:57:12.095,0D,0A,0D,0,0,0,0,59,0,0,0,1,3,0,0,0
4277,2026-05-21 10:57:12.274,0,E5,8,0D,0A,0D,0,0,0,0,59,0,0,0,1,3
4278,2026-05-21 10:57:12.488,0,0,0,0,E7,8,0D,0A,0D,0,0,0,0,58,0,0
4279,2026-05-21 10:57:12.684,0,1,3,0,0,0,0,E7,8,0D,0A,0D,0,0,0,0
4280,2026-05-21 10:57:12.905,58,0,0,0,1,3,0,0,0,0,E3,8,0D,0A,0D,0
4281,2026-05-21 10:57:12.907,0,0,0,58,0,0,0,1,3,0,0,0,0,E5,8,0D
4282,2026-05-21 10:57:13.121,0A,0D,0,0,0,0,58,0,0,0,1,3,0,0,0,0
4283,2026-05-21 10:57:13.326,E7,8,0D,0A,0D,0,0,0,0,5A,0,0,0,1,3,0
4284,2026-05-21 10:57:13.539,0,0,0,E7,8,0D,0A,0D,0,0,0,0,59,0,0,0
4285,2026-05-21 10:57:13.748,1,3,0,0,0,0,E5,8,0D,0A,0D,0,0,0,0,59
4286,2026-05-21 10:57:13.954,0,0,0,1,3,0,0,0,0,E5,8,0D,0A,0D,0,0
4287,2026-05-21 10:57:13.966,0,0,58,0,0,0,1,3,0,0,0,0,E5,8,0D,0A
4288,2026-05-21 10:57:14.171,0D,0,0,0,0,59,0,0,0,1,3,0,0,0,0,E5
4289,2026-05-21 10:57:14.376,8,0D,0A,0D,0,0,0,0,59,0,0,0,1,3,0,0
4290,2026-05-21 10:57:14.587,0,0,E5,8,0D,0A,0D,0,0,0,0,59,0,0,0,1
4291,2026-05-21 10:57:14.783,3,0,0,0,0,E7,8,0D,0A,0D,0,0,0,0,59,0
4292,2026-05-21 10:57:15.001,0,0,1,3,0,0,0,0,E5,8,0D,0A,0D,0,0,0
4293,2026-05-21 10:57:15.206,0,59,0,0,0,1,3,0,0,0,0,E5,8,0D,0A,0D
4294,2026-05-21 10:57:15.225,0,0,0,0,59,0,0,0,1,3,0,0,0,0,E7,8
4295,2026-05-21 10:57:15.432,0D,0A,0D,0,0,0,0,59,0,0,0,1,3,0,0,0
4296,2026-05-21 10:57:15.635,0,E7,8,0D,0A,0D,0,0,0,0,5A,0,0,0,1,3
4297,2026-05-21 10:57:15.848,0,0,0,0,E5,8,0D,0A,0D,0,0,0,0,5B,0,0
4298,2026-05-21 10:57:16.052,0,1,3,0,0,0,0,E5,8,0D,0A,0D,0,0,0,0
4299,2026-05-21 10:57:16.258,5A,0,0,0,1,3,0,0,0,0,E7,8,0D,0A,0D,0
4300,2026-05-21 10:57:16.279,0,0,0,5A,0,0,0,1,3,0,0,0,0,E7,8,0D
4301,2026-05-21 10:57:16.477,0A,0D,0,0,0,0,5A,0,0,0,1,3,0,0,0,0
4302,2026-05-21 10:57:16.683,E7,8,0D,0A,0D,0,0,0,0,5A,0,0,0,1,3,0
4303,2026-05-21 10:57:16.899,0,0,0,E7,8,0D,0A,0D,0,0,0,0,59,0,0,0
4304,2026-05-21 10:57:17.103,1,3,0,0,0,0,E7,8,0D,0A,0D,0,0,0,0,5A
4305,2026-05-21 10:57:17.307,0,0,0,1,3,0,0,0,0,E5,8,0D,0A,0D,0,0
4306,2026-05-21 10:57:17.333,0,0,59,0,0,0,1,3,0,0,0,0,E5,8,0D,0A
4307,2026-05-21 10:57:17.527,0D,0,0,0,0,59,0,0,0,1,3,0,0,0,0,E7
4308,2026-05-21 10:57:17.729,8,0D,0A,0D,0,0,0,0,59,0,0,0,1,3,0,0
4309,2026-05-21 10:57:17.950,0,0,E7,8,0D,0A,0D,0,0,0,0,5A,0,0,0,1
4310,2026-05-21 10:57:18.154,3,0,0,0,0,E5,8,0D,0A,0D,0,0,0,0,5A,0
4311,2026-05-21 10:57:18.359,0,0,1,3,0,0,0,0,E5,8,0D,0A,0D,0,0,0
4312,2026-05-21 10:57:18.569,0,5A,0,0,0,1,3,0,0,0,0,E5,8,0D,0A,0D
4313,2026-05-21 10:57:18.593,0,0,0,0,5A,0,0,0,1,3,0,0,0,0,E7,8
4314,2026-05-21 10:57:18.790,0D,0A,0D,0,0,0,0,5A,0,0,0,1,3,0,0,0
4315,2026-05-21 10:57:19.004,0,E5,8,0D,0A,0D,0,0,0,0,5A,0,0,0,1,3
4316,2026-05-21 10:57:19.206,0,0,0,0,E3,8,0D,0A,0D,0,0,0,0,5A,0,0
4317,2026-05-21 10:57:19.408,0,1,3,0,0,0,0,E5,8,0D,0A,0D,0,0,0,0
4318,2026-05-21 10:57:19.629,5A,0,0,0,1,3,0,0,0,0,E5,8,0D,0A,0D,0
4319,2026-05-21 10:57:19.639,0,0,0,5A,0,0,0,1,3,0,0,0,0,E5,8,0D
4320,2026-05-21 10:57:19.832,0A,0D,0,0,0,0,5A,0,0,0,1,3,0,0,0,0
4321,2026-05-21 10:57:20.051,E7,8,0D,0A,0D,0,0,0,0,5A,0,0,0,1,3,0
4322,2026-05-21 10:57:20.255,0,0,0,E5,8,0D,0A,0D,0,0,0,0,5A,0,0,0
4323,2026-05-21 10:57:20.472,1,3,0,0,0,0,E7,8,0D,0A,0D,0,0,0,0,59
4324,2026-05-21 10:57:20.680,0,0,0,1,3,0,0,0,0,E3,8,0D,0A,0D,0,0
4325,2026-05-21 10:57:20.713,0,0,5A,0,0,0,1,3,0,0,0,0,E5,8,0D,0A
4326,2026-05-21 10:57:20.883,0D,0,0,0,0,5A,0,0,0,1,3,0,0,0,0,E5
4327,2026-05-21 10:57:21.105,8,0D,0A,0D,0,0,0,0,5A,0,0,0,1,3,0,0
4328,2026-05-21 10:57:21.307,0,0,E5,8,0D,0A,0D,0,0,0,0,5A,0,0,0,1
4329,2026-05-21 10:57:21.524,3,0,0,0,0,E5,8,0D,0A,0D,0,0,0,0,5A,0
4330,2026-05-21 10:57:21.731,0,0,1,3,0,0,0,0,E5,8,0D,0A,0D,0,0,0
4331,2026-05-21 10:57:21.933,0,5A,0,0,0,1,3,0,0,0,0,E5,8,0D,0A,0D
4332,2026-05-21 10:57:21.948,0,0,0,0,59,0,0,0,1,3,0,0,0,0,E7,8
4333,2026-05-21 10:57:22.152,0D,0A,0D,0,0,0,0,59,0,0,0,1,3,0,0,0
4334,2026-05-21 10:57:22.355,0,E7,8,0D,0A,0D,0,0,0,0,58,0,0,0,1,3
4335,2026-05-21 10:57:22.575,0,0,0,0,E5,8,0D,0A,0D,0,0,0,0,58,0,0
4336,2026-05-21 10:57:22.781,0,1,3,0,0,0,0,E5,8,0D,0A,0D,0,0,0,0
4337,2026-05-21 10:57:22.986,58,0,0,0,1,3,0,0,0,0,E5,8,0D,0A,0D,0
4338,2026-05-21 10:57:23.001,0,0,0,58,0,0,0,1,3,0,0,0,0,E7,8,0D
4339,2026-05-21 10:57:23.203,0A,0D,0,0,0,0,58,0,0,0,1,3,0,0,0,0
4340,2026-05-21 10:57:23.417,E5,8,0D,0A,0D,0,0,0,0,58,0,0,0,1,3,0
4341,2026-05-21 10:57:23.627,0,0,0,E5,8,0D,0A,0D,0,0,0,0,58,0,0,0
4342,2026-05-21 10:57:23.833,1,3,0,0,0,0,E5,8,0D,0A,0D,0,0,0,0,57
4343,2026-05-21 10:57:24.036,0,0,0,1,3,0,0,0,0,E5,8,0D,0A,0D,0,0
4344,2026-05-21 10:57:24.054,0,0,57,0,0,0,1,3,0,0,0,0,E5,8,0D,0A
4345,2026-05-21 10:57:24.254,0D,0,0,0,0,57,0,0,0,1,3,0,0,0,0,E5
4346,2026-05-21 10:57:24.458,8,0D,0A,0D,0,0,0,0,57,0,0,0,1,3,0,0
4347,2026-05-21 10:57:24.679,0,0,E7,8,0D,0A,0D,0,0,0,0,58,0,0,0,1
4348,2026-05-21 10:57:24.881,3,0,0,0,0,E7,8,0D,0A,0D,0,0,0,0,57,0
4349,2026-05-21 10:57:25.085,0,0,1,3,0,0,0,0,E5,8,0D,0A,0D,0,0,0
4350,2026-05-21 10:57:25.289,0,58,0,0,0,1,3,0,0,0,0,E5,8,0D,0A,0D
4351,2026-05-21 10:57:25.305,0,0,0,0,58,0,0,0,1,3,0,0,0,0,E5,8
4352,2026-05-21 10:57:25.521,0D,0A,0D,0,0,0,0,58,0,0,0,1,3,0,0,0
4353,2026-05-21 10:57:25.730,0,E5,8,0D,0A,0D,0,0,0,0,57,0,0,0,1,3
4354,2026-05-21 10:57:25.935,0,0,0,0,E5,8,0D,0A,0D,0,0,0,0,58,0,0
4355,2026-05-21 10:57:26.137,0,1,3,0,0,0,0,E7,8,0D,0A,0D,0,0,0,0
4356,2026-05-21 10:57:26.355,58,0,0,0,1,3,0,0,0,0,E5,8,0D,0A,0D,0
4357,2026-05-21 10:57:26.355,0,0,0,58,0,0,0,1,3,0,0,0,0,E5,8,0D
4358,2026-05-21 10:57:26.570,0A,0D,0,0,0,0,58,0,0,0,1,3,0,0,0,0
4359,2026-05-21 10:57:26.774,E5,8,0D,0A,0D,0,0,0,0,58,0,0,0,1,3,0
4360,2026-05-21 10:57:26.986,0,0,0,E5,8,0D,0A,0D,0,0,0,0,58,0,0,0
4361,2026-05-21 10:57:27.189,1,3,0,0,0,0,E5,8,0D,0A,0D,0,0,0,0,59
4362,2026-05-21 10:57:27.392,0,0,0,1,3,0,0,0,0,E5,8,0D,0A,0D,0,0
4363,2026-05-21 10:57:27.410,0,0,58,0,0,0,1,3,0,0,0,0,E5,8,0D,0A
4364,2026-05-21 10:57:27.611,0D,0,0,0,0,59,0,0,0,1,3,0,0,0,0,E5
4365,2026-05-21 10:57:27.818,8,0D,0A,0D,0,0,0,0,58,0,0,0,1,3,0,0
4366,2026-05-21 10:57:28.038,0,0,E5,8,0D,0A,0D,0,0,0,0,59,0,0,0,1
4367,2026-05-21 10:57:28.238,3,0,0,0,0,E5,8,0D,0A,0D,0,0,0,0,59,0
4368,2026-05-21 10:57:28.457,0,0,1,3,0,0,0,0,E5,8,0D,0A,0D,0,0,0
4369,2026-05-21 10:57:28.668,0,59,0,0,0,1,3,0,0,0,0,E5,8,0D,0A,0D
4370,2026-05-21 10:57:28.680,0,0,0,0,59,0,0,0,1,3,0,0,0,0,E5,8
4371,2026-05-21 10:57:28.879,0D,0A,0D,0,0,0,0,59,0,0,0,1,3,0,0,0
4372,2026-05-21 10:57:29.082,0,E7,8,0D,0A,0D,0,0,0,0,59,0,0,0,1,3
4373,2026-05-21 10:57:29.286,0,0,0,0,E5,8,0D,0A,0D,0,0,0,0,59,0,0
4374,2026-05-21 10:57:29.510,0,1,3,0,0,0,0,E5,8,0D,0A,0D,0,0,0,0
4375,2026-05-21 10:57:29.711,59,0,0,0,1,3,0,0,0,0,E7,8,0D,0A,0D,0
4376,2026-05-21 10:57:29.728,0,0,0,59,0,0,0,1,3,0,0,0,0,E5,8,0D
4377,2026-05-21 10:57:29.932,0A,0D,0,0,0,0,59,0,0,0,1,3,0,0,0,0
4378,2026-05-21 10:57:30.140,E7,8,0D,0A,0D,0,0,0,0,59,0,0,0,1,3,0
4379,2026-05-21 10:57:30.340,0,0,0,E5,8,0D,0A,0D,0,0,0,0,57,0,0,0
4380,2026-05-21 10:57:30.559,1,3,0,0,0,0,E7,8,0D,0A,0D,0,0,0,0,58
4381,2026-05-21 10:57:30.763,0,0,0,1,3,0,0,0,0,E5,8,0D,0A,0D,0,0
4382,2026-05-21 10:57:30.783,0,0,58,0,0,0,1,3,0,0,0,0,E5,8,0D,0A
4383,2026-05-21 10:57:30.986,0D,0,0,0,0,58,0,0,0,1,3,0,0,0,0,E5
4384,2026-05-21 10:57:31.186,8,0D,0A,0D,0,0,0,0,58,0,0,0,1,3,0,0
4385,2026-05-21 10:57:31.390,0,0,E5,8,0D,0A,0D,0,0,0,0,58,0,0,0,1
4386,2026-05-21 10:57:31.608,3,0,0,0,0,E5,8,0D,0A,0D,0,0,0,0,58,0
4387,2026-05-21 10:57:31.817,0,0,1,3,0,0,0,0,E5,8,0D,0A,0D,0,0,0
4388,2026-05-21 10:57:32.022,0,58,0,0,0,1,3,0,0,0,0,E5,8,0D,0A,0D
4389,2026-05-21 10:57:32.041,0,0,0,0,58,0,0,0,1,3,0,0,0,0,E7,8
4390,2026-05-21 10:57:32.242,0D,0A,0D,0,0,0,0,59,0,0,0,1,3,0,0,0
4391,2026-05-21 10:57:32.442,0,E5,8,0D,0A,0D,0,0,0,0,59,0,0,0,1,3
4392,2026-05-21 10:57:32.659,0,0,0,0,E5,8,0D,0A,0D,0,0,0,0,58,0,0
4393,2026-05-21 10:57:32.863,0,1,3,0,0,0,0,E5,8,0D,0A,0D,0,0,0,0
4394,2026-05-21 10:57:33.067,58,0,0,0,1,3,0,0,0,0,E5,8,0D,0A,0D,0
4395,2026-05-21 10:57:33.082,0,0,0,58,0,0,0,1,3,0,0,0,0,E5,8,0D
4396,2026-05-21 10:57:33.286,0A,0D,0,0,0,0,58,0,0,0,1,3,0,0,0,0
4397,2026-05-21 10:57:33.491,E7,8,0D,0A,0D,0,0,0,0,58,0,0,0,1,3,0
4398,2026-05-21 10:57:33.714,0,0,0,E5,8,0D,0A,0D,0,0,0,0,59,0,0,0
4399,2026-05-21 10:57:33.913,1,3,0,0,0,0,E7,8,0D,0A,0D,0,0,0,0,58
4400,2026-05-21 10:57:34.117,0,0,0,1,3,0,0,0,0,E7,8,0D,0A,0D,0,0
4401,2026-05-21 10:57:34.143,0,0,59,0,0,0,1,3,0,0,0,0,E5,8,0D,0A
4402,2026-05-21 10:57:34.343,0D,0,0,0,0,58,0,0,0,1,3,0,0,0,0,E5
4403,2026-05-21 10:57:34.555,8,0D,0A,0D,0,0,0,0,59,0,0,0,1,3,0,0
4404,2026-05-21 10:57:34.766,0,0,E5,8,0D,0A,0D,0,0,0,0,58,0,0,0,1
4405,2026-05-21 10:57:34.969,3,0,0,0,0,E5,8,0D,0A,0D,0,0,0,0,59,0
4406,2026-05-21 10:57:35.185,0,0,1,3,0,0,0,0,E5,8,0D,0A,0D,0,0,0
4407,2026-05-21 10:57:35.386,0,59,0,0,0,1,3,0,0,0,0,E7,8,0D,0A,0D
4408,2026-05-21 10:57:35.386,0,0,0,0,59,0,0,0,1,3,0,0,0,0,E5,8
4409,2026-05-21 10:57:35.606,0D,0A,0D,0,0,0,0,58,0,0,0,1,3,0,0,0
4410,2026-05-21 10:57:35.817,0,E7,8,0D,0A,0D,0,0,0,0,59,0,0,0,1,3
4411,2026-05-21 10:57:36.025,0,0,0,0,E7,8,0D,0A,0D,0,0,0,0,58,0,0
4412,2026-05-21 10:57:36.233,0,1,3,0,0,0,0,E7,8,0D,0A,0D,0,0,0,0
4413,2026-05-21 10:57:36.438,59,0,0,0,1,3,0,0,0,0,E7,8,0D,0A,0D,0
4414,2026-05-21 10:57:36.446,0,0,0,59,0,0,0,1,3,0,0,0,0,E7,8,0D
4415,2026-05-21 10:57:36.658,0A,0D,0,0,0,0,59,0,0,0,1,3,0,0,0,0
4416,2026-05-21 10:57:36.869,E7,8,0D,0A,0D,0,0,0,0,58,0,0,0,1,3,0
4417,2026-05-21 10:57:37.065,0,0,0,E7,8,0D,0A,0D,0,0,0,0,58,0,0,0
4418,2026-05-21 10:57:37.288,1,3,0,0,0,0,E5,8,0D,0A,0D,0,0,0,0,58
4419,2026-05-21 10:57:37.489,0,0,0,1,3,0,0,0,0,E7,8,0D,0A,0D,0,0
4420,2026-05-21 10:57:37.499,0,0,59,0,0,0,1,3,0,0,0,0,E5,8,0D,0A
4421,2026-05-21 10:57:37.708,0D,0,0,0,0,58,0,0,0,1,3,0,0,0,0,E7
4422,2026-05-21 10:57:37.917,8,0D,0A,0D,0,0,0,0,58,0,0,0,1,3,0,0
4423,2026-05-21 10:57:38.116,0,0,E5,8,0D,0A,0D,0,0,0,0,58,0,0,0,1
4424,2026-05-21 10:57:38.335,3,0,0,0,0,E7,8,0D,0A,0D,0,0,0,0,58,0
4425,2026-05-21 10:57:38.539,0,0,1,3,0,0,0,0,E7,8,0D,0A,0D,0,0,0
4426,2026-05-21 10:57:38.749,0,58,0,0,0,1,3,0,0,0,0,E7,8,0D,0A,0D
4427,2026-05-21 10:57:38.765,0,0,0,0,58,0,0,0,1,3,0,0,0,0,E5,8
4428,2026-05-21 10:57:38.972,0D,0A,0D,0,0,0,0,58,0,0,0,1,3,0,0,0
4429,2026-05-21 10:57:39.165,0,E5,8,0D,0A,0D,0,0,0,0,58,0,0,0,1,3
4430,2026-05-21 10:57:39.387,0,0,0,0,E5,8,0D,0A,0D,0,0,0,0,58,0,0
4431,2026-05-21 10:57:39.591,0,1,3,0,0,0,0,E5,8,0D,0A,0D,0,0,0,0
4432,2026-05-21 10:57:39.806,57,0,0,0,1,3,0,0,0,0,E5,8,0D,0A,0D,0
4433,2026-05-21 10:57:39.806,0,0,0,56,0,0,0,1,3,0,0,0,0,E5,8,0D
4434,2026-05-21 10:57:40.022,0A,0D,0,0,0,0,55,0,0,0,1,3,0,0,0,0
4435,2026-05-21 10:57:40.232,E3,8,0D,0A,0D,0,0,0,0,56,0,0,0,1,3,0
4436,2026-05-21 10:57:40.437,0,0,0,E7,8,0D,0A,0D,0,0,0,0,56,0,0,0
4437,2026-05-21 10:57:40.640,1,3,0,0,0,0,E5,8,0D,0A,0D,0,0,0,0,56
4438,2026-05-21 10:57:40.851,0,0,0,1,3,0,0,0,0,E7,8,0D,0A,0D,0,0
4439,2026-05-21 10:57:40.866,0,0,56,0,0,0,1,3,0,0,0,0,E5,8,0D,0A
4440,2026-05-21 10:57:41.064,0D,0,0,0,0,56,0,0,0,1,3,0,0,0,0,E5
4441,2026-05-21 10:57:41.269,8,0D,0A,0D,0,0,0,0,56,0,0,0,1,3,0,0
4442,2026-05-21 10:57:41.490,0,0,E3,8,0D,0A,0D,0,0,0,0,56,0,0,0,1
4443,2026-05-21 10:57:41.692,3,0,0,0,0,E5,8,0D,0A,0D,0,0,0,0,56,0
4444,2026-05-21 10:57:41.896,0,0,1,3,0,0,0,0,E3,8,0D,0A,0D,0,0,0
4445,2026-05-21 10:57:42.116,0,56,0,0,0,1,3,0,0,0,0,E5,8,0D,0A,0D
4446,2026-05-21 10:57:42.116,0,0,0,0,56,0,0,0,1,3,0,0,0,0,E5,8
4447,2026-05-21 10:57:42.334,0D,0A,0D,0,0,0,0,56,0,0,0,1,3,0,0,0
4448,2026-05-21 10:57:42.539,0,E5,8,0D,0A,0D,0,0,0,0,56,0,0,0,1,3
4449,2026-05-21 10:57:42.742,0,0,0,0,E5,8,0D,0A,0D,0,0,0,0,56,0,0
4450,2026-05-21 10:57:42.955,0,1,3,0,0,0,0,E7,8,0D,0A,0D,0,0,0,0
4451,2026-05-21 10:57:43.159,56,0,0,0,1,3,0,0,0,0,E7,8,0D,0A,0D,0
4452,2026-05-21 10:57:43.175,0,0,0,56,0,0,0,1,3,0,0,0,0,E5,8,0D
4453,2026-05-21 10:57:43.386,0A,0D,0,0,0,0,56,0,0,0,1,3,0,0,0,0
4454,2026-05-21 10:57:43.591,E7,8,0D,0A,0D,0,0,0,0,56,0,0,0,1,3,0
4455,2026-05-21 10:57:43.790,0,0,0,E5,8,0D,0A,0D,0,0,0,0,56,0,0,0
4456,2026-05-21 10:57:44.012,1,3,0,0,0,0,E7,8,0D,0A,0D,0,0,0,0,56
4457,2026-05-21 10:57:44.214,0,0,0,1,3,0,0,0,0,E5,8,0D,0A,0D,0,0
4458,2026-05-21 10:57:44.230,0,0,56,0,0,0,1,3,0,0,0,0,E5,8,0D,0A
4459,2026-05-21 10:57:44.435,0D,0,0,0,0,56,0,0,0,1,3,0,0,0,0,E5
4460,2026-05-21 10:57:44.639,8,0D,0A,0D,0,0,0,0,56,0,0,0,1,3,0,0
4461,2026-05-21 10:57:44.855,0,0,E5,8,0D,0A,0D,0,0,0,0,56,0,0,0,1
4462,2026-05-21 10:57:45.063,3,0,0,0,0,E5,8,0D,0A,0D,0,0,0,0,57,0
4463,2026-05-21 10:57:45.259,0,0,1,3,0,0,0,0,E5,8,0D,0A,0D,0,0,0
4464,2026-05-21 10:57:45.472,0,58,0,0,0,1,3,0,0,0,0,E5,8,0D,0A,0D
4465,2026-05-21 10:57:45.492,0,0,0,0,57,0,0,0,1,3,0,0,0,0,E7,8
4466,2026-05-21 10:57:45.703,0D,0A,0D,0,0,0,0,57,0,0,0,1,3,0,0,0
4467,2026-05-21 10:57:45.906,0,E5,8,0D,0A,0D,0,0,0,0,56,0,0,0,1,3
4468,2026-05-21 10:57:46.106,0,0,0,0,E5,8,0D,0A,0D,0,0,0,0,56,0,0
4469,2026-05-21 10:57:46.311,0,1,3,0,0,0,0,E5,8,0D,0A,0D,0,0,0,0
4470,2026-05-21 10:57:46.532,56,0,0,0,1,3,0,0,0,0,E7,8,0D,0A,0D,0
4471,2026-05-21 10:57:46.541,0,0,0,56,0,0,0,1,3,0,0,0,0,E5,8,0D
4472,2026-05-21 10:57:46.742,0A,0D,0,0,0,0,56,0,0,0,1,3,0,0,0,0
4473,2026-05-21 10:57:46.959,E5,8,0D,0A,0D,0,0,0,0,56,0,0,0,1,3,0
4474,2026-05-21 10:57:47.161,0,0,0,E5,8,0D,0A,0D,0,0,0,0,56,0,0,0
4475,2026-05-21 10:57:47.375,1,3,0,0,0,0,E5,8,0D,0A,0D,0,0,0,0,56
4476,2026-05-21 10:57:47.583,0,0,0,1,3,0,0,0,0,E3,8,0D,0A,0D,0,0
4477,2026-05-21 10:57:47.598,0,0,56,0,0,0,1,3,0,0,0,0,E5,8,0D,0A
4478,2026-05-21 10:57:47.797,0D,0,0,0,0,56,0,0,0,1,3,0,0,0,0,E5
4479,2026-05-21 10:57:48.009,8,0D,0A,0D,0,0,0,0,56,0,0,0,1,3,0,0
4480,2026-05-21 10:57:48.218,0,0,E5,8,0D,0A,0D,0,0,0,0,56,0,0,0,1
4481,2026-05-21 10:57:48.426,3,0,0,0,0,E5,8,0D,0A,0D,0,0,0,0,56,0
4482,2026-05-21 10:57:48.634,0,0,1,3,0,0,0,0,E7,8,0D,0A,0D,0,0,0
4483,2026-05-21 10:57:48.842,0,56,0,0,0,1,3,0,0,0,0,E3,8,0D,0A,0D
4484,2026-05-21 10:57:48.854,0,0,0,0,56,0,0,0,1,3,0,0,0,0,E5,8
4485,2026-05-21 10:57:49.060,0D,0A,0D,0,0,0,0,56,0,0,0,1,3,0,0,0
4486,2026-05-21 10:57:49.280,0,E5,8,0D,0A,0D,0,0,0,0,59,0,0,0,1,3
4487,2026-05-21 10:57:49.478,0,0,0,0,E3,8,0D,0A,0D,0,0,0,0,56,0,0
4488,2026-05-21 10:57:49.675,0,1,3,0,0,0,0,E3,8,0D,0A,0D,0,0,0,0
4489,2026-05-21 10:57:49.895,56,0,0,0,1,3,0,0,0,0,E5,8,0D,0A,0D,0
4490,2026-05-21 10:57:49.905,0,0,0,56,0,0,0,1,3,0,0,0,0,E5,8,0D
4491,2026-05-21 10:57:50.113,0A,0D,0,0,0,0,56,0,0,0,1,3,0,0,0,0
4492,2026-05-21 10:57:50.316,E7,8,0D,0A,0D,0,0,0,0,56,0,0,0,1,3,0
4493,2026-05-21 10:57:50.524,0,0,0,E5,8,0D,0A,0D,0,0,0,0,56,0,0,0
4494,2026-05-21 10:57:50.738,1,3,0,0,0,0,E5,8,0D,0A,0D,0,0,0,0,56
4495,2026-05-21 10:57:50.939,0,0,0,1,3,0,0,0,0,E5,8,0D,0A,0D,0,0
4496,2026-05-21 10:57:50.955,0,0,56,0,0,0,1,3,0,0,0,0,E5,8,0D,0A
4497,2026-05-21 10:57:51.162,0D,0,0,0,0,56,0,0,0,1,3,0,0,0,0,E5
4498,2026-05-21 10:57:51.382,8,0D,0A,0D,0,0,0,0,56,0,0,0,1,3,0,0
4499,2026-05-21 10:57:51.576,0,0,E5,8,0D,0A,0D,0,0,0,0,56,0,0,0,1
4500,2026-05-21 10:57:51.789,3,0,0,0,0,E7,8,0D,0A,0D,0,0,0,0,56,0
4501,2026-05-21 10:57:51.993,0,0,1,3,0,0,0,0,E5,8,0D,0A,0D,0,0,0
4502,2026-05-21 10:57:52.197,0,56,0,0,0,1,3,0,0,0,0,E5,8,0D,0A,0D
4503,2026-05-21 10:57:52.217,0,0,0,0,56,0,0,0,1,3,0,0,0,0,E5,8
4504,2026-05-21 10:57:52.415,0D,0A,0D,0,0,0,0,56,0,0,0,1,3,0,0,0
4505,2026-05-21 10:57:52.619,0,E5,8,0D,0A,0D,0,0,0,0,56,0,0,0,1,3
4506,2026-05-21 10:57:52.841,0,0,0,0,E5,8,0D,0A,0D,0,0,0,0,56,0,0
4507,2026-05-21 10:57:53.045,0,1,3,0,0,0,0,E5,8,0D,0A,0D,0,0,0,0
4508,2026-05-21 10:57:53.257,56,0,0,0,1,3,0,0,0,0,E7,8,0D,0A,0D,0
4509,2026-05-21 10:57:53.269,0,0,0,56,0,0,0,1,3,0,0,0,0,E5,8,0D
4510,2026-05-21 10:57:53.474,0A,0D,0,0,0,0,56,0,0,0,1,3,0,0,0,0
4511,2026-05-21 10:57:53.684,E5,8,0D,0A,0D,0,0,0,0,56,0,0,0,1,3,0
4512,2026-05-21 10:57:53.893,0,0,0,E5,8,0D,0A,0D,0,0,0,0,56,0,0,0
4513,2026-05-21 10:57:54.103,1,3,0,0,0,0,E5,8,0D,0A,0D,0,0,0,0,56
4514,2026-05-21 10:57:54.309,0,0,0,1,3,0,0,0,0,E5,8,0D,0A,0D,0,0
4515,2026-05-21 10:57:54.335,0,0,56,0,0,0,1,3,0,0,0,0,E5,8,0D,0A
4516,2026-05-21 10:57:54.527,0D,0,0,0,0,56,0,0,0,1,3,0,0,0,0,E5
4517,2026-05-21 10:57:54.728,8,0D,0A,0D,0,0,0,0,52,0,0,0,1,3,0,0
4518,2026-05-21 10:57:54.956,0,0,E5,8,0D,0A,0D,0,0,0,0,56,0,0,0,1
4519,2026-05-21 10:57:55.151,3,0,0,0,0,E7,8,0D,0A,0D,0,0,0,0,55,0
4520,2026-05-21 10:57:55.361,0,0,1,3,0,0,0,0,E7,8,0D,0A,0D,0,0,0
4521,2026-05-21 10:57:55.570,0,56,0,0,0,1,3,0,0,0,0,E5,8,0D,0A,0D
4522,2026-05-21 10:57:55.580,0,0,0,0,55,0,0,0,1,3,0,0,0,0,E5,8
4523,2026-05-21 10:57:55.786,0D,0A,0D,0,0,0,0,55,0,0,0,1,3,0,0,0
4524,2026-05-21 10:57:55.995,0,E7,8,0D,0A,0D,0,0,0,0,55,0,0,0,1,3
4525,2026-05-21 10:57:56.199,0,0,0,0,E7,8,0D,0A,0D,0,0,0,0,55,0,0
4526,2026-05-21 10:57:56.413,0,1,3,0,0,0,0,E5,8,0D,0A,0D,0,0,0,0
4527,2026-05-21 10:57:56.615,55,0,0,0,1,3,0,0,0,0,E5,8,0D,0A,0D,0
4528,2026-05-21 10:57:56.631,0,0,0,56,0,0,0,1,3,0,0,0,0,E7,8,0D
4529,2026-05-21 10:57:56.831,0A,0D,0,0,0,0,56,0,0,0,1,3,0,0,0,0
4530,2026-05-21 10:57:57.047,E5,8,0D,0A,0D,0,0,0,0,56,0,0,0,1,3,0
4531,2026-05-21 10:57:57.255,0,0,0,E5,8,0D,0A,0D,0,0,0,0,55,0,0,0
4532,2026-05-21 10:57:57.464,1,3,0,0,0,0,E5,8,0D,0A,0D,0,0,0,0,56
4533,2026-05-21 10:57:57.667,0,0,0,1,3,0,0,0,0,E5,8,0D,0A,0D,0,0
4534,2026-05-21 10:57:57.684,0,0,56,0,0,0,1,3,0,0,0,0,E3,8,0D,0A
4535,2026-05-21 10:57:57.889,0D,0,0,0,0,56,0,0,0,1,3,0,0,0,0,E7
4536,2026-05-21 10:57:58.099,8,0D,0A,0D,0,0,0,0,56,0,0,0,1,3,0,0
4537,2026-05-21 10:57:58.298,0,0,E5,8,0D,0A,0D,0,0,0,0,56,0,0,0,1
4538,2026-05-21 10:57:58.515,3,0,0,0,0,E5,8,0D,0A,0D,0,0,0,0,56,0
4539,2026-05-21 10:57:58.723,0,0,1,3,0,0,0,0,E3,8,0D,0A,0D,0,0,0
4540,2026-05-21 10:57:58.933,0,56,0,0,0,1,3,0,0,0,0,E5,8,0D,0A,0D
4541,2026-05-21 10:57:58.942,0,0,0,0,56,0,0,0,1,3,0,0,0,0,E5,8
4542,2026-05-21 10:57:59.145,0D,0A,0D,0,0,0,0,56,0,0,0,1,3,0,0,0
4543,2026-05-21 10:57:59.358,0,E5,8,0D,0A,0D,0,0,0,0,56,0,0,0,1,3
4544,2026-05-21 10:57:59.567,0,0,0,0,E5,8,0D,0A,0D,0,0,0,0,56,0,0
4545,2026-05-21 10:57:59.772,0,1,3,0,0,0,0,E5,8,0D,0A,0D,0,0,0,0
4546,2026-05-21 10:57:59.977,56,0,0,0,1,3,0,0,0,0,E5,8,0D,0A,0D,0
4547,2026-05-21 10:57:59.992,0,0,0,56,0,0,0,1,3,0,0,0,0,E5,8,0D
4548,2026-05-21 10:58:00.197,0A,0D,0,0,0,0,56,0,0,0,1,3,0,0,0,0
4549,2026-05-21 10:58:00.403,E5,8,0D,0A,0D,0,0,0,0,56,0,0,0,1,3,0
4550,2026-05-21 10:58:00.615,0,0,0,E5,8,0D,0A,0D,0,0,0,0,56,0,0,0
4551,2026-05-21 10:58:00.825,1,3,0,0,0,0,E5,8,0D,0A,0D,0,0,0,0,56
4552,2026-05-21 10:58:01.035,0,0,0,1,3,0,0,0,0,E5,8,0D,0A,0D,0,0
4553,2026-05-21 10:58:01.048,0,0,55,0,0,0,1,3,0,0,0,0,E5,8,0D,0A
4554,2026-05-21 10:58:01.240,0D,0,0,0,0,56,0,0,0,1,3,0,0,0,0,E5
4555,2026-05-21 10:58:01.461,8,0D,0A,0D,0,0,0,0,56,0,0,0,1,3,0,0
4556,2026-05-21 10:58:01.670,0,0,E5,8,0D,0A,0D,0,0,0,0,56,0,0,0,1
4557,2026-05-21 10:58:01.878,3,0,0,0,0,E7,8,0D,0A,0D,0,0,0,0,56,0
4558,2026-05-21 10:58:02.087,0,0,1,3,0,0,0,0,E5,8,0D,0A,0D,0,0,0
4559,2026-05-21 10:58:02.298,0,56,0,0,0,1,3,0,0,0,0,E5,8,0D,0A,0D
4560,2026-05-21 10:58:02.309,0,0,0,0,56,0,0,0,1,3,0,0,0,0,E7,8
4561,2026-05-21 10:58:02.510,0D,0A,0D,0,0,0,0,56,0,0,0,1,3,0,0,0
4562,2026-05-21 10:58:02.707,0,E5,8,0D,0A,0D,0,0,0,0,55,0,0,0,1,3
4563,2026-05-21 10:58:02.937,0,0,0,0,E7,8,0D,0A,0D,0,0,0,0,55,0,0
4564,2026-05-21 10:58:03.138,0,1,3,0,0,0,0,E7,8,0D,0A,0D,0,0,0,0
4565,2026-05-21 10:58:03.340,56,0,0,0,1,3,0,0,0,0,E7,8,0D,0A,0D,0
4566,2026-05-21 10:58:03.358,0,0,0,56,0,0,0,1,3,0,0,0,0,E5,8,0D
4567,2026-05-21 10:58:03.561,0A,0D,0,0,0,0,56,0,0,0,1,3,0,0,0,0
4568,2026-05-21 10:58:03.771,E5,8,0D,0A,0D,0,0,0,0,55,0,0,0,1,3,0
4569,2026-05-21 10:58:03.976,0,0,0,E5,8,0D,0A,0D,0,0,0,0,56,0,0,0
4570,2026-05-21 10:58:04.177,1,3,0,0,0,0,E5,8,0D,0A,0D,0,0,0,0,55
4571,2026-05-21 10:58:04.390,0,0,0,1,3,0,0,0,0,E3,8,0D,0A,0D,0,0
4572,2026-05-21 10:58:04.406,0,0,57,0,0,0,1,3,0,0,0,0,E5,8,0D,0A
4573,2026-05-21 10:58:04.615,0D,0,0,0,0,56,0,0,0,1,3,0,0,0,0,E5
4574,2026-05-21 10:58:04.824,8,0D,0A,0D,0,0,0,0,56,0,0,0,1,3,0,0
4575,2026-05-21 10:58:05.030,0,0,E5,8,0D,0A,0D,0,0,0,0,55,0,0,0,1
4576,2026-05-21 10:58:05.239,3,0,0,0,0,E7,8,0D,0A,0D,0,0,0,0,56,0
4577,2026-05-21 10:58:05.450,0,0,1,3,0,0,0,0,E5,8,0D,0A,0D,0,0,0
4578,2026-05-21 10:58:05.659,0,56,0,0,0,1,3,0,0,0,0,E7,8,0D,0A,0D
4579,2026-05-21 10:58:05.672,0,0,0,0,56,0,0,0,1,3,0,0,0,0,E7,8
4580,2026-05-21 10:58:05.877,0D,0A,0D,0,0,0,0,56,0,0,0,1,3,0,0,0
4581,2026-05-21 10:58:06.085,0,E5,8,0D,0A,0D,0,0,0,0,56,0,0,0,1,3
4582,2026-05-21 10:58:06.293,0,0,0,0,E5,8,0D,0A,0D,0,0,0,0,56,0,0
4583,2026-05-21 10:58:06.503,0,1,3,0,0,0,0,E5,8,0D,0A,0D,0,0,0,0
4584,2026-05-21 10:58:06.710,56,0,0,0,1,3,0,0,0,0,E5,8,0D,0A,0D,0
4585,2026-05-21 10:58:06.720,0,0,0,56,0,0,0,1,3,0,0,0,0,E7,8,0D
4586,2026-05-21 10:58:06.927,0A,0D,0,0,0,0,56,0,0,0,1,3,0,0,0,0
4587,2026-05-21 10:58:07.136,E5,8,0D,0A,0D,0,0,0,0,56,0,0,0,1,3,0
4588,2026-05-21 10:58:07.347,0,0,0,E7,8,0D,0A,0D,0,0,0,0,56,0,0,0
4589,2026-05-21 10:58:07.604,1,3,0,0,0,0,E5,8,0D,0A,0D,0,0,0,0,56
4590,2026-05-21 10:58:07.767,0,0,0,1,3,0,0,0,0,E5,8,0D,0A,0D,0,0
4591,2026-05-21 10:58:07.781,0,0,56,0,0,0,1,3,0,0,0,0,E5,8,0D,0A
4592,2026-05-21 10:58:07.979,0D,0,0,0,0,55,0,0,0,1,3,0,0,0,0,E7
4593,2026-05-21 10:58:08.186,8,0D,0A,0D,0,0,0,0,56,0,0,0,1,3,0,0
4594,2026-05-21 10:58:08.396,0,0,E5,8,0D,0A,0D,0,0,0,0,55,0,0,0,1
4595,2026-05-21 10:58:08.604,3,0,0,0,0,E5,8,0D,0A,0D,0,0,0,0,56,0
4596,2026-05-21 10:58:08.813,0,0,1,3,0,0,0,0,E7,8,0D,0A,0D,0,0,0
4597,2026-05-21 10:58:09.021,0,55,0,0,0,1,3,0,0,0,0,E5,8,0D,0A,0D
4598,2026-05-21 10:58:09.031,0,0,0,0,55,0,0,0,1,3,0,0,0,0,E5,8
4599,2026-05-21 10:58:09.238,0D,0A,0D,0,0,0,0,55,0,0,0,1,3,0,0,0
4600,2026-05-21 10:58:09.447,0,E7,8,0D,0A,0D,0,0,0,0,56,0,0,0,1,3
4601,2026-05-21 10:58:09.656,0,0,0,0,E7,8,0D,0A,0D,0,0,0,0,56,0,0
4602,2026-05-21 10:58:09.864,0,1,3,0,0,0,0,E5,8,0D,0A,0D,0,0,0,0
4603,2026-05-21 10:58:10.072,56,0,0,0,1,3,0,0,0,0,E5,8,0D,0A,0D,0
4604,2026-05-21 10:58:10.085,0,0,0,55,0,0,0,1,3,0,0,0,0,E5,8,0D
4605,2026-05-21 10:58:10.290,0A,0D,0,0,0,0,55,0,0,0,1,3,0,0,0,0
4606,2026-05-21 10:58:10.498,E7,8,0D,0A,0D,0,0,0,0,56,0,0,0,1,3,0
4607,2026-05-21 10:58:10.707,0,0,0,E5,8,0D,0A,0D,0,0,0,0,56,0,0,0
4608,2026-05-21 10:58:10.916,1,3,0,0,0,0,E5,8,0D,0A,0D,0,0,0,0,56
4609,2026-05-21 10:58:11.128,0,0,0,1,3,0,0,0,0,E7,8,0D,0A,0D,0,0
4610,2026-05-21 10:58:11.143,0,0,56,0,0,0,1,3,0,0,0,0,E5,8,0D,0A
4611,2026-05-21 10:58:11.341,0D,0,0,0,0,58,0,0,0,1,3,0,0,0,0,E7
4612,2026-05-21 10:58:11.581,8,0D,0A,0D,0,0,0,0,56,0,0,0,1,3,0,0
4613,2026-05-21 10:58:11.775,0,0,E5,8,0D,0A,0D,0,0,0,0,56,0,0,0,1
4614,2026-05-21 10:58:11.967,3,0,0,0,0,E5,8,0D,0A,0D,0,0,0,0,56,0
4615,2026-05-21 10:58:12.176,0,0,1,3,0,0,0,0,E5,8,0D,0A,0D,0,0,0
4616,2026-05-21 10:58:12.384,0,57,0,0,0,1,3,0,0,0,0,E5,8,0D,0A,0D
4617,2026-05-21 10:58:12.397,0,0,0,0,56,0,0,0,1,3,0,0,0,0,E5,8
4618,2026-05-21 10:58:12.601,0D,0A,0D,0,0,0,0,56,0,0,0,1,3,0,0,0
4619,2026-05-21 10:58:12.810,0,E7,8,0D,0A,0D,0,0,0,0,56,0,0,0,1,3
4620,2026-05-21 10:58:13.018,0,0,0,0,E7,8,0D,0A,0D,0,0,0,0,56,0,0
4621,2026-05-21 10:58:13.227,0,1,3,0,0,0,0,E3,8,0D,0A,0D,0,0,0,0
4622,2026-05-21 10:58:13.435,56,0,0,0,1,3,0,0,0,0,E7,8,0D,0A,0D,0
4623,2026-05-21 10:58:13.446,0,0,0,56,0,0,0,1,3,0,0,0,0,E3,8,0D
4624,2026-05-21 10:58:13.652,0A,0D,0,0,0,0,56,0,0,0,1,3,0,0,0,0
4625,2026-05-21 10:58:13.861,E5,8,0D,0A,0D,0,0,0,0,56,0,0,0,1,3,0
4626,2026-05-21 10:58:14.070,0,0,0,E5,8,0D,0A,0D,0,0,0,0,56,0,0,0
4627,2026-05-21 10:58:14.278,1,3,0,0,0,0,E5,8,0D,0A,0D,0,0,0,0,56
4628,2026-05-21 10:58:14.518,0,0,0,1,3,0,0,0,0,E5,8,0D,0A,0D,0,0
4629,2026-05-21 10:58:14.539,0,0,56,0,0,0,1,3,0,0,0,0,E5,8,0D,0A
4630,2026-05-21 10:58:14.705,0D,0,0,0,0,56,0,0,0,1,3,0,0,0,0,E5
4631,2026-05-21 10:58:14.913,8,0D,0A,0D,0,0,0,0,56,0,0,0,1,3,0,0
4632,2026-05-21 10:58:15.121,0,0,E5,8,0D,0A,0D,0,0,0,0,55,0,0,0,1
4633,2026-05-21 10:58:15.330,3,0,0,0,0,E5,8,0D,0A,0D,0,0,0,0,55,0
4634,2026-05-21 10:58:15.558,0,0,1,3,0,0,0,0,E7,8,0D,0A,0D,0,0,0
4635,2026-05-21 10:58:15.747,0,55,0,0,0,1,3,0,0,0,0,E7,8,0D,0A,0D
4636,2026-05-21 10:58:15.756,0,0,0,0,55,0,0,0,1,3,0,0,0,0,E5,8
4637,2026-05-21 10:58:15.966,0D,0A,0D,0,0,0,0,55,0,0,0,1,3,0,0,0
4638,2026-05-21 10:58:16.172,0,E5,8,0D,0A,0D,0,0,0,0,56,0,0,0,1,3
4639,2026-05-21 10:58:16.382,0,0,0,0,E5,8,0D,0A,0D,0,0,0,0,55,0,0
4640,2026-05-21 10:58:16.590,0,1,3,0,0,0,0,E5,8,0D,0A,0D,0,0,0,0
4641,2026-05-21 10:58:16.799,56,0,0,0,1,3,0,0,0,0,E5,8,0D,0A,0D,0
4642,2026-05-21 10:58:16.810,0,0,0,55,0,0,0,1,3,0,0,0,0,E7,8,0D
4643,2026-05-21 10:58:17.015,0A,0D,0,0,0,0,56,0,0,0,1,3,0,0,0,0
4644,2026-05-21 10:58:17.224,E7,8,0D,0A,0D,0,0,0,0,55,0,0,0,1,3,0
4645,2026-05-21 10:58:17.433,0,0,0,E5,8,0D,0A,0D,0,0,0,0,56,0,0,0
4646,2026-05-21 10:58:17.641,1,3,0,0,0,0,E5,8,0D,0A,0D,0,0,0,0,56
4647,2026-05-21 10:58:17.850,0,0,0,1,3,0,0,0,0,E5,8,0D,0A,0D,0,0
4648,2026-05-21 10:58:17.861,0,0,57,0,0,0,1,3,0,0,0,0,E5,8,0D,0A
4649,2026-05-21 10:58:18.067,0D,0,0,0,0,56,0,0,0,1,3,0,0,0,0,E5
4650,2026-05-21 10:58:18.279,8,0D,0A,0D,0,0,0,0,56,0,0,0,1,3,0,0
4651,2026-05-21 10:58:18.484,0,0,E7,8,0D,0A,0D,0,0,0,0,56,0,0,0,1
4652,2026-05-21 10:58:18.693,3,0,0,0,0,E5,8,0D,0A,0D,0,0,0,0,56,0
4653,2026-05-21 10:58:18.901,0,0,1,3,0,0,0,0,E5,8,0D,0A,0D,0,0,0
4654,2026-05-21 10:58:19.109,0,56,0,0,0,1,3,0,0,0,0,E7,8,0D,0A,0D
4655,2026-05-21 10:58:19.120,0,0,0,0,56,0,0,0,1,3,0,0,0,0,E5,8
4656,2026-05-21 10:58:19.326,0D,0A,0D,0,0,0,0,56,0,0,0,1,3,0,0,0
4657,2026-05-21 10:58:19.535,0,E7,8,0D,0A,0D,0,0,0,0,56,0,0,0,1,3
4658,2026-05-21 10:58:19.744,0,0,0,0,E5,8,0D,0A,0D,0,0,0,0,56,0,0
4659,2026-05-21 10:58:19.953,0,1,3,0,0,0,0,E5,8,0D,0A,0D,0,0,0,0
4660,2026-05-21 10:58:20.160,56,0,0,0,1,3,0,0,0,0,E5,8,0D,0A,0D,0
4661,2026-05-21 10:58:20.172,0,0,0,56,0,0,0,1,3,0,0,0,0,E5,8,0D
4662,2026-05-21 10:58:20.378,0A,0D,0,0,0,0,56,0,0,0,1,3,0,0,0,0
4663,2026-05-21 10:58:20.586,E5,8,0D,0A,0D,0,0,0,0,56,0,0,0,1,3,0
4664,2026-05-21 10:58:20.800,0,0,0,E5,8,0D,0A,0D,0,0,0,0,56,0,0,0
4665,2026-05-21 10:58:21.004,1,3,0,0,0,0,E5,8,0D,0A,0D,0,0,0,0,56
4666,2026-05-21 10:58:21.212,0,0,0,1,3,0,0,0,0,E5,8,0D,0A,0D,0,0
4667,2026-05-21 10:58:21.221,0,0,56,0,0,0,1,3,0,0,0,0,E5,8,0D,0A
4668,2026-05-21 10:58:21.429,0D,0,0,0,0,56,0,0,0,1,3,0,0,0,0,E7
4669,2026-05-21 10:58:21.638,8,0D,0A,0D,0,0,0,0,55,0,0,0,1,3,0,0
4670,2026-05-21 10:58:21.847,0,0,E5,8,0D,0A,0D,0,0,0,0,55,0,0,0,1
4671,2026-05-21 10:58:22.055,3,0,0,0,0,E5,8,0D,0A,0D,0,0,0,0,55,0
4672,2026-05-21 10:58:22.264,0,0,1,3,0,0,0,0,E3,8,0D,0A,0D,0,0,0
4673,2026-05-21 10:58:22.464,0,56,0,0,0,1,3,0,0,0,0,E5,8,0D,0A,0D
4674,2026-05-21 10:58:22.485,0,0,0,0,56,0,0,0,1,3,0,0,0,0,E5,8
4675,2026-05-21 10:58:22.689,0D,0A,0D,0,0,0,0,56,0,0,0,1,3,0,0,0
4676,2026-05-21 10:58:22.898,0,E5,8,0D,0A,0D,0,0,0,0,56,0,0,0,1,3
4677,2026-05-21 10:58:23.107,0,0,0,0,E7,8,0D,0A,0D,0,0,0,0,56,0,0
4678,2026-05-21 10:58:23.316,0,1,3,0,0,0,0,E7,8,0D,0A,0D,0,0,0,0
4679,2026-05-21 10:58:23.524,55,0,0,0,1,3,0,0,0,0,E5,8,0D,0A,0D,0
4680,2026-05-21 10:58:23.535,0,0,0,56,0,0,0,1,3,0,0,0,0,E5,8,0D
4681,2026-05-21 10:58:23.741,0A,0D,0,0,0,0,56,0,0,0,1,3,0,0,0,0
4682,2026-05-21 10:58:23.950,E5,8,0D,0A,0D,0,0,0,0,58,0,0,0,1,3,0
4683,2026-05-21 10:58:24.158,0,0,0,E5,8,0D,0A,0D,0,0,0,0,56,0,0,0
4684,2026-05-21 10:58:24.367,1,3,0,0,0,0,E5,8,0D,0A,0D,0,0,0,0,56
4685,2026-05-21 10:58:24.575,0,0,0,1,3,0,0,0,0,E5,8,0D,0A,0D,0,0
4686,2026-05-21 10:58:24.586,0,0,55,0,0,0,1,3,0,0,0,0,E5,8,0D,0A
4687,2026-05-21 10:58:24.794,0D,0,0,0,0,56,0,0,0,1,3,0,0,0,0,E7
4688,2026-05-21 10:58:25.001,8,0D,0A,0D,0,0,0,0,56,0,0,0,1,3,0,0
4689,2026-05-21 10:58:25.210,0,0,E5,8,0D,0A,0D,0,0,0,0,56,0,0,0,1
4690,2026-05-21 10:58:25.419,3,0,0,0,0,E7,8,0D,0A,0D,0,0,0,0,56,0
4691,2026-05-21 10:58:25.627,0,0,1,3,0,0,0,0,E5,8,0D,0A,0D,0,0,0
4692,2026-05-21 10:58:25.836,0,56,0,0,0,1,3,0,0,0,0,E5,8,0D,0A,0D
4693,2026-05-21 10:58:25.845,0,0,0,0,56,0,0,0,1,3,0,0,0,0,E5,8
4694,2026-05-21 10:58:26.053,0D,0A,0D,0,0,0,0,56,0,0,0,1,3,0,0,0
4695,2026-05-21 10:58:26.262,0,E7,8,0D,0A,0D,0,0,0,0,56,0,0,0,1,3
4696,2026-05-21 10:58:26.468,0,0,0,0,E5,8,0D,0A,0D,0,0,0,0,56,0,0
4697,2026-05-21 10:58:26.678,0,1,3,0,0,0,0,E5,8,0D,0A,0D,0,0,0,0
4698,2026-05-21 10:58:26.887,56,0,0,0,1,3,0,0,0,0,E7,8,0D,0A,0D,0
4699,2026-05-21 10:58:26.898,0,0,0,56,0,0,0,1,3,0,0,0,0,E5,8,0D
4700,2026-05-21 10:58:27.104,0A,0D,0,0,0,0,56,0,0,0,1,3,0,0,0,0
4701,2026-05-21 10:58:27.313,E5,8,0D,0A,0D,0,0,0,0,56,0,0,0,1,3,0
4702,2026-05-21 10:58:27.522,0,0,0,E5,8,0D,0A,0D,0,0,0,0,56,0,0,0
4703,2026-05-21 10:58:27.730,1,3,0,0,0,0,E5,8,0D,0A,0D,0,0,0,0,56
4704,2026-05-21 10:58:27.939,0,0,0,1,3,0,0,0,0,E5,8,0D,0A,0D,0,0
4705,2026-05-21 10:58:27.951,0,0,56,0,0,0,1,3,0,0,0,0,E5,8,0D,0A
4706,2026-05-21 10:58:28.156,0D,0,0,0,0,55,0,0,0,1,3,0,0,0,0,E7
4707,2026-05-21 10:58:28.364,8,0D,0A,0D,0,0,0,0,56,0,0,0,1,3,0,0
4708,2026-05-21 10:58:28.573,0,0,E7,8,0D,0A,0D,0,0,0,0,56,0,0,0,1
4709,2026-05-21 10:58:28.781,3,0,0,0,0,E5,8,0D,0A,0D,0,0,0,0,56,0
4710,2026-05-21 10:58:28.990,0,0,1,3,0,0,0,0,E5,8,0D,0A,0D,0,0,0
4711,2026-05-21 10:58:29.199,0,56,0,0,0,1,3,0,0,0,0,E5,8,0D,0A,0D
4712,2026-05-21 10:58:29.210,0,0,0,0,56,0,0,0,1,3,0,0,0,0,E5,8
4713,2026-05-21 10:58:29.416,0D,0A,0D,0,0,0,0,56,0,0,0,1,3,0,0,0
4714,2026-05-21 10:58:29.625,0,E5,8,0D,0A,0D,0,0,0,0,56,0,0,0,1,3
4715,2026-05-21 10:58:29.833,0,0,0,0,E5,8,0D,0A,0D,0,0,0,0,56,0,0
4716,2026-05-21 10:58:30.041,0,1,3,0,0,0,0,E5,8,0D,0A,0D,0,0,0,0
4717,2026-05-21 10:58:30.250,56,0,0,0,1,3,0,0,0,0,E5,8,0D,0A,0D,0
4718,2026-05-21 10:58:30.261,0,0,0,55,0,0,0,1,3,0,0,0,0,E5,8,0D
4719,2026-05-21 10:58:30.464,0A,0D,0,0,0,0,57,0,0,0,1,3,0,0,0,0
4720,2026-05-21 10:58:30.675,E5,8,0D,0A,0D,0,0,0,0,56,0,0,0,1,3,0
4721,2026-05-21 10:58:30.884,0,0,0,E3,8,0D,0A,0D,0,0,0,0,56,0,0,0
4722,2026-05-21 10:58:31.092,1,3,0,0,0,0,E5,8,0D,0A,0D,0,0,0,0,55
4723,2026-05-21 10:58:31.301,0,0,0,1,3,0,0,0,0,E5,8,0D,0A,0D,0,0
4724,2026-05-21 10:58:31.322,0,0,56,0,0,0,1,3,0,0,0,0,E5,8,0D,0A
4725,2026-05-21 10:58:31.518,0D,0,0,0,0,55,0,0,0,1,3,0,0,0,0,E5
4726,2026-05-21 10:58:31.727,8,0D,0A,0D,0,0,0,0,56,0,0,0,1,3,0,0
4727,2026-05-21 10:58:31.936,0,0,E5,8,0D,0A,0D,0,0,0,0,55,0,0,0,1
4728,2026-05-21 10:58:32.144,3,0,0,0,0,E5,8,0D,0A,0D,0,0,0,0,55,0
4729,2026-05-21 10:58:32.352,0,0,1,3,0,0,0,0,E5,8,0D,0A,0D,0,0,0
4730,2026-05-21 10:58:32.562,0,55,0,0,0,1,3,0,0,0,0,E5,8,0D,0A,0D
4731,2026-05-21 10:58:32.684,0,0,0,0,55,0,0,0,1,3,0,0,0,0,E5,8
4732,2026-05-21 10:58:32.777,0D,0A,0D,0,0,0,0,55,0,0,0,1,3,0,0,0
4733,2026-05-21 10:58:32.986,0,E7,8,0D,0A,0D,0,0,0,0,56,0,0,0,1,3
4734,2026-05-21 10:58:33.195,0,0,0,0,E5,8,0D,0A,0D,0,0,0,0,56,0,0
4735,2026-05-21 10:58:33.417,0,1,3,0,0,0,0,E5,8,0D,0A,0D,0,0,0,0
4736,2026-05-21 10:58:33.612,56,0,0,0,1,3,0,0,0,0,E5,8,0D,0A,0D,0
4737,2026-05-21 10:58:33.621,0,0,0,57,0,0,0,1,3,0,0,0,0,E5,8,0D
4738,2026-05-21 10:58:33.829,0A,0D,0,0,0,0,55,0,0,0,1,3,0,0,0,0
4739,2026-05-21 10:58:34.038,E5,8,0D,0A,0D,0,0,0,0,55,0,0,0,1,3,0
4740,2026-05-21 10:58:34.247,0,0,0,E5,8,0D,0A,0D,0,0,0,0,55,0,0,0
4741,2026-05-21 10:58:34.446,1,3,0,0,0,0,E5,8,0D,0A,0D,0,0,0,0,55
4742,2026-05-21 10:58:34.664,0,0,0,1,3,0,0,0,0,E5,8,0D,0A,0D,0,0
4743,2026-05-21 10:58:34.673,0,0,56,0,0,0,1,3,0,0,0,0,E5,8,0D,0A
4744,2026-05-21 10:58:34.881,0D,0,0,0,0,56,0,0,0,1,3,0,0,0,0,E5
4745,2026-05-21 10:58:35.090,8,0D,0A,0D,0,0,0,0,52,0,0,0,1,3,0,0
4746,2026-05-21 10:58:35.298,0,0,E7,8,0D,0A,0D,0,0,0,0,55,0,0,0,1
4747,2026-05-21 10:58:35.507,3,0,0,0,0,E5,8,0D,0A,0D,0,0,0,0,56,0
4748,2026-05-21 10:58:35.715,0,0,1,3,0,0,0,0,E7,8,0D,0A,0D,0,0,0
4749,2026-05-21 10:58:35.924,0,56,0,0,0,1,3,0,0,0,0,E5,8,0D,0A,0D
4750,2026-05-21 10:58:35.933,0,0,0,0,56,0,0,0,1,3,0,0,0,0,E5,8
4751,2026-05-21 10:58:36.141,0D,0A,0D,0,0,0,0,56,0,0,0,1,3,0,0,0
4752,2026-05-21 10:58:36.350,0,E5,8,0D,0A,0D,0,0,0,0,56,0,0,0,1,3
4753,2026-05-21 10:58:36.558,0,0,0,0,E5,8,0D,0A,0D,0,0,0,0,56,0,0
4754,2026-05-21 10:58:36.767,0,1,3,0,0,0,0,E5,8,0D,0A,0D,0,0,0,0
4755,2026-05-21 10:58:36.975,56,0,0,0,1,3,0,0,0,0,E5,8,0D,0A,0D,0
4756,2026-05-21 10:58:36.985,0,0,0,59,0,0,0,1,3,0,0,0,0,E5,8,0D
4757,2026-05-21 10:58:37.193,0A,0D,0,0,0,0,56,0,0,0,1,3,0,0,0,0
4758,2026-05-21 10:58:37.400,E5,8,0D,0A,0D,0,0,0,0,56,0,0,0,1,3,0
4759,2026-05-21 10:58:37.609,0,0,0,E5,8,0D,0A,0D,0,0,0,0,56,0,0,0
4760,2026-05-21 10:58:37.818,1,3,0,0,0,0,E5,8,0D,0A,0D,0,0,0,0,57
4761,2026-05-21 10:58:38.027,0,0,0,1,3,0,0,0,0,E5,8,0D,0A,0D,0,0
4762,2026-05-21 10:58:38.038,0,0,56,0,0,0,1,3,0,0,0,0,E5,8,0D,0A
4763,2026-05-21 10:58:38.244,0D,0,0,0,0,56,0,0,0,1,3,0,0,0,0,E5
4764,2026-05-21 10:58:38.446,8,0D,0A,0D,0,0,0,0,56,0,0,0,1,3,0,0
4765,2026-05-21 10:58:38.661,0,0,E3,8,0D,0A,0D,0,0,0,0,56,0,0,0,1
4766,2026-05-21 10:58:38.863,3,0,0,0,0,E5,8,0D,0A,0D,0,0,0,0,57,0
4767,2026-05-21 10:58:39.078,0,0,1,3,0,0,0,0,E5,8,0D,0A,0D,0,0,0
4768,2026-05-21 10:58:39.287,0,57,0,0,0,1,3,0,0,0,0,E3,8,0D,0A,0D
4769,2026-05-21 10:58:39.298,0,0,0,0,57,0,0,0,1,3,0,0,0,0,E7,8
4770,2026-05-21 10:58:39.505,0D,0A,0D,0,0,0,0,56,0,0,0,1,3,0,0,0
4771,2026-05-21 10:58:39.713,0,E5,8,0D,0A,0D,0,0,0,0,56,0,0,0,1,3
4772,2026-05-21 10:58:39.921,0,0,0,0,E5,8,0D,0A,0D,0,0,0,0,56,0,0
4773,2026-05-21 10:58:40.130,0,1,3,0,0,0,0,E5,8,0D,0A,0D,0,0,0,0
4774,2026-05-21 10:58:40.339,56,0,0,0,1,3,0,0,0,0,E7,8,0D,0A,0D,0
4775,2026-05-21 10:58:40.350,0,0,0,56,0,0,0,1,3,0,0,0,0,E5,8,0D
4776,2026-05-21 10:58:40.555,0A,0D,0,0,0,0,56,0,0,0,1,3,0,0,0,0
4777,2026-05-21 10:58:40.765,E7,8,0D,0A,0D,0,0,0,0,56,0,0,0,1,3,0
4778,2026-05-21 10:58:40.973,0,0,0,E5,8,0D,0A,0D,0,0,0,0,56,0,0,0
4779,2026-05-21 10:58:41.182,1,3,0,0,0,0,E5,8,0D,0A,0D,0,0,0,0,56
4780,2026-05-21 10:58:41.390,0,0,0,1,3,0,0,0,0,E5,8,0D,0A,0D,0,0
4781,2026-05-21 10:58:41.405,0,0,56,0,0,0,1,3,0,0,0,0,E5,8,0D,0A
4782,2026-05-21 10:58:41.607,0D,0,0,0,0,56,0,0,0,1,3,0,0,0,0,E5
4783,2026-05-21 10:58:41.815,8,0D,0A,0D,0,0,0,0,56,0,0,0,1,3,0,0
4784,2026-05-21 10:58:42.024,0,0,E7,8,0D,0A,0D,0,0,0,0,56,0,0,0,1
4785,2026-05-21 10:58:42.233,3,0,0,0,0,E5,8,0D,0A,0D,0,0,0,0,56,0
4786,2026-05-21 10:58:42.441,0,0,1,3,0,0,0,0,E7,8,0D,0A,0D,0,0,0
4787,2026-05-21 10:58:42.650,0,56,0,0,0,1,3,0,0,0,0,E7,8,0D,0A,0D
4788,2026-05-21 10:58:42.659,0,0,0,0,57,0,0,0,1,3,0,0,0,0,E5,8
4789,2026-05-21 10:58:42.868,0D,0A,0D,0,0,0,0,56,0,0,0,1,3,0,0,0
4790,2026-05-21 10:58:43.075,0,E5,8,0D,0A,0D,0,0,0,0,56,0,0,0,1,3
4791,2026-05-21 10:58:43.284,0,0,0,0,E5,8,0D,0A,0D,0,0,0,0,56,0,0
4792,2026-05-21 10:58:43.493,0,1,3,0,0,0,0,E5,8,0D,0A,0D,0,0,0,0
4793,2026-05-21 10:58:43.701,56,0,0,0,1,3,0,0,0,0,E5,8,0D,0A,0D,0
4794,2026-05-21 10:58:43.712,0,0,0,56,0,0,0,1,3,0,0,0,0,E5,8,0D
4795,2026-05-21 10:58:43.918,0A,0D,0,0,0,0,56,0,0,0,1,3,0,0,0,0
4796,2026-05-21 10:58:44.128,E3,8,0D,0A,0D,0,0,0,0,56,0,0,0,1,3,0
4797,2026-05-21 10:58:44.336,0,0,0,E5,8,0D,0A,0D,0,0,0,0,56,0,0,0
4798,2026-05-21 10:58:44.544,1,3,0,0,0,0,E5,8,0D,0A,0D,0,0,0,0,56
4799,2026-05-21 10:58:44.753,0,0,0,1,3,0,0,0,0,E5,8,0D,0A,0D,0,0
4800,2026-05-21 10:58:44.762,0,0,56,0,0,0,1,3,0,0,0,0,E5,8,0D,0A
4801,2026-05-21 10:58:44.969,0D,0,0,0,0,56,0,0,0,1,3,0,0,0,0,E7
4802,2026-05-21 10:58:45.179,8,0D,0A,0D,0,0,0,0,56,0,0,0,1,3,0,0
4803,2026-05-21 10:58:45.386,0,0,E5,8,0D,0A,0D,0,0,0,0,56,0,0,0,1
4804,2026-05-21 10:58:45.595,3,0,0,0,0,E5,8,0D,0A,0D,0,0,0,0,56,0
4805,2026-05-21 10:58:45.804,0,0,1,3,0,0,0,0,E5,8,0D,0A,0D,0,0,0
4806,2026-05-21 10:58:46.013,0,56,0,0,0,1,3,0,0,0,0,E5,8,0D,0A,0D
4807,2026-05-21 10:58:46.022,0,0,0,0,56,0,0,0,1,3,0,0,0,0,E5,8
4808,2026-05-21 10:58:46.230,0D,0A,0D,0,0,0,0,56,0,0,0,1,3,0,0,0
4809,2026-05-21 10:58:46.438,0,E7,8,0D,0A,0D,0,0,0,0,56,0,0,0,1,3
4810,2026-05-21 10:58:46.647,0,0,0,0,E5,8,0D,0A,0D,0,0,0,0,56,0,0
4811,2026-05-21 10:58:46.846,0,1,3,0,0,0,0,E7,8,0D,0A,0D,0,0,0,0
4812,2026-05-21 10:58:47.063,56,0,0,0,1,3,0,0,0,0,E5,8,0D,0A,0D,0
4813,2026-05-21 10:58:47.073,0,0,0,56,0,0,0,1,3,0,0,0,0,E5,8,0D
4814,2026-05-21 10:58:47.280,0A,0D,0,0,0,0,56,0,0,0,1,3,0,0,0,0
4815,2026-05-21 10:58:47.489,E3,8,0D,0A,0D,0,0,0,0,56,0,0,0,1,3,0
4816,2026-05-21 10:58:47.698,0,0,0,E5,8,0D,0A,0D,0,0,0,0,56,0,0,0
4817,2026-05-21 10:58:47.907,1,3,0,0,0,0,E7,8,0D,0A,0D,0,0,0,0,56
4818,2026-05-21 10:58:48.115,0,0,0,1,3,0,0,0,0,E5,8,0D,0A,0D,0,0
4819,2026-05-21 10:58:48.124,0,0,56,0,0,0,1,3,0,0,0,0,E5,8,0D,0A
4820,2026-05-21 10:58:48.332,0D,0,0,0,0,57,0,0,0,1,3,0,0,0,0,E5
4821,2026-05-21 10:58:48.541,8,0D,0A,0D,0,0,0,0,56,0,0,0,1,3,0,0
4822,2026-05-21 10:58:48.750,0,0,E5,8,0D,0A,0D,0,0,0,0,56,0,0,0,1
4823,2026-05-21 10:58:48.958,3,0,0,0,0,E7,8,0D,0A,0D,0,0,0,0,56,0
4824,2026-05-21 10:58:49.167,0,0,1,3,0,0,0,0,E3,8,0D,0A,0D,0,0,0
4825,2026-05-21 10:58:49.375,0,59,0,0,0,1,3,0,0,0,0,E7,8,0D,0A,0D
4826,2026-05-21 10:58:49.384,0,0,0,0,56,0,0,0,1,3,0,0,0,0,E7,8
4827,2026-05-21 10:58:49.592,0D,0A,0D,0,0,0,0,56,0,0,0,1,3,0,0,0
4828,2026-05-21 10:58:49.801,0,E5,8,0D,0A,0D,0,0,0,0,56,0,0,0,1,3
4829,2026-05-21 10:58:50.009,0,0,0,0,E5,8,0D,0A,0D,0,0,0,0,57,0,0
4830,2026-05-21 10:58:50.218,0,1,3,0,0,0,0,E7,8,0D,0A,0D,0,0,0,0
4831,2026-05-21 10:58:50.428,56,0,0,0,1,3,0,0,0,0,E5,8,0D,0A,0D,0
4832,2026-05-21 10:58:50.441,0,0,0,57,0,0,0,1,3,0,0,0,0,E5,8,0D
4833,2026-05-21 10:58:50.644,0A,0D,0,0,0,0,56,0,0,0,1,3,0,0,0,0
4834,2026-05-21 10:58:50.846,E7,8,0D,0A,0D,0,0,0,0,57,0,0,0,1,3,0
4835,2026-05-21 10:58:51.061,0,0,0,E5,8,0D,0A,0D,0,0,0,0,56,0,0,0
4836,2026-05-21 10:58:51.264,1,3,0,0,0,0,E5,8,0D,0A,0D,0,0,0,0,56
4837,2026-05-21 10:58:51.478,0,0,0,1,3,0,0,0,0,E5,8,0D,0A,0D,0,0
4838,2026-05-21 10:58:51.489,0,0,56,0,0,0,1,3,0,0,0,0,E7,8,0D,0A
4839,2026-05-21 10:58:51.695,0D,0,0,0,0,57,0,0,0,1,3,0,0,0,0,E5
4840,2026-05-21 10:58:51.904,8,0D,0A,0D,0,0,0,0,57,0,0,0,1,3,0,0
4841,2026-05-21 10:58:52.113,0,0,E5,8,0D,0A,0D,0,0,0,0,57,0,0,0,1
4842,2026-05-21 10:58:52.321,3,0,0,0,0,E5,8,0D,0A,0D,0,0,0,0,57,0
4843,2026-05-21 10:58:52.529,0,0,1,3,0,0,0,0,E7,8,0D,0A,0D,0,0,0
4844,2026-05-21 10:58:52.737,0,57,0,0,0,1,3,0,0,0,0,E5,8,0D,0A,0D
4845,2026-05-21 10:58:52.751,0,0,0,0,56,0,0,0,1,3,0,0,0,0,E7,8
4846,2026-05-21 10:58:52.955,0D,0A,0D,0,0,0,0,57,0,0,0,1,3,0,0,0
4847,2026-05-21 10:58:53.163,0,E5,8,0D,0A,0D,0,0,0,0,56,0,0,0,1,3
4848,2026-05-21 10:58:53.372,0,0,0,0,E5,8,0D,0A,0D,0,0,0,0,56,0,0
4849,2026-05-21 10:58:53.580,0,1,3,0,0,0,0,E5,8,0D,0A,0D,0,0,0,0
4850,2026-05-21 10:58:53.789,57,0,0,0,1,3,0,0,0,0,E7,8,0D,0A,0D,0
4851,2026-05-21 10:58:53.800,0,0,0,56,0,0,0,1,3,0,0,0,0,E3,8,0D
4852,2026-05-21 10:58:54.006,0A,0D,0,0,0,0,56,0,0,0,1,3,0,0,0,0
4853,2026-05-21 10:58:54.214,E5,8,0D,0A,0D,0,0,0,0,57,0,0,0,1,3,0
4854,2026-05-21 10:58:54.423,0,0,0,E5,8,0D,0A,0D,0,0,0,0,57,0,0,0
4855,2026-05-21 10:58:54.631,1,3,0,0,0,0,E5,8,0D,0A,0D,0,0,0,0,57
4856,2026-05-21 10:58:54.840,0,0,0,1,3,0,0,0,0,E5,8,0D,0A,0D,0,0
4857,2026-05-21 10:58:54.851,0,0,57,0,0,0,1,3,0,0,0,0,E7,8,0D,0A
4858,2026-05-21 10:58:55.057,0D,0,0,0,0,56,0,0,0,1,3,0,0,0,0,E5
4859,2026-05-21 10:58:55.265,8,0D,0A,0D,0,0,0,0,57,0,0,0,1,3,0,0
4860,2026-05-21 10:58:55.475,0,0,E7,8,0D,0A,0D,0,0,0,0,57,0,0,0,1
4861,2026-05-21 10:58:55.683,3,0,0,0,0,E5,8,0D,0A,0D,0,0,0,0,59,0
4862,2026-05-21 10:58:55.892,0,0,1,3,0,0,0,0,E5,8,0D,0A,0D,0,0,0
4863,2026-05-21 10:58:56.100,0,57,0,0,0,1,3,0,0,0,0,E7,8,0D,0A,0D
4864,2026-05-21 10:58:56.110,0,0,0,0,56,0,0,0,1,3,0,0,0,0,E5,8
4865,2026-05-21 10:58:56.317,0D,0A,0D,0,0,0,0,57,0,0,0,1,3,0,0,0
4866,2026-05-21 10:58:56.526,0,E5,8,0D,0A,0D,0,0,0,0,57,0,0,0,1,3
4867,2026-05-21 10:58:56.734,0,0,0,0,E5,8,0D,0A,0D,0,0,0,0,56,0,0
4868,2026-05-21 10:58:56.944,0,1,3,0,0,0,0,E7,8,0D,0A,0D,0,0,0,0
4869,2026-05-21 10:58:57.152,56,0,0,0,1,3,0,0,0,0,E5,8,0D,0A,0D,0
4870,2026-05-21 10:58:57.163,0,0,0,56,0,0,0,1,3,0,0,0,0,E5,8,0D
4871,2026-05-21 10:58:57.369,0A,0D,0,0,0,0,56,0,0,0,1,3,0,0,0,0
4872,2026-05-21 10:58:57.578,E5,8,0D,0A,0D,0,0,0,0,56,0,0,0,1,3,0
4873,2026-05-21 10:58:57.786,0,0,0,E5,8,0D,0A,0D,0,0,0,0,56,0,0,0
4874,2026-05-21 10:58:57.994,1,3,0,0,0,0,E5,8,0D,0A,0D,0,0,0,0,56
4875,2026-05-21 10:58:58.203,0,0,0,1,3,0,0,0,0,E5,8,0D,0A,0D,0,0
4876,2026-05-21 10:58:58.214,0,0,56,0,0,0,1,3,0,0,0,0,E7,8,0D,0A
4877,2026-05-21 10:58:58.421,0D,0,0,0,0,56,0,0,0,1,3,0,0,0,0,E5
4878,2026-05-21 10:58:58.629,8,0D,0A,0D,0,0,0,0,56,0,0,0,1,3,0,0
4879,2026-05-21 10:58:58.838,0,0,E5,8,0D,0A,0D,0,0,0,0,56,0,0,0,1
4880,2026-05-21 10:58:59.046,3,0,0,0,0,E5,8,0D,0A,0D,0,0,0,0,56,0
4881,2026-05-21 10:58:59.247,0,0,1,3,0,0,0,0,E5,8,0D,0A,0D,0,0,0
4882,2026-05-21 10:58:59.464,0,56,0,0,0,1,3,0,0,0,0,E5,8,0D,0A,0D
4883,2026-05-21 10:58:59.473,0,0,0,0,56,0,0,0,1,3,0,0,0,0,E5,8
4884,2026-05-21 10:58:59.681,0D,0A,0D,0,0,0,0,56,0,0,0,1,3,0,0,0
4885,2026-05-21 10:58:59.888,0,E5,8,0D,0A,0D,0,0,0,0,56,0,0,0,1,3
4886,2026-05-21 10:59:00.097,0,0,0,0,E5,8,0D,0A,0D,0,0,0,0,56,0,0
4887,2026-05-21 10:59:00.306,0,1,3,0,0,0,0,E5,8,0D,0A,0D,0,0,0,0
4888,2026-05-21 10:59:00.525,56,0,0,0,1,3,0,0,0,0,E7,8,0D,0A,0D,0
4889,2026-05-21 10:59:00.542,0,0,0,56,0,0,0,1,3,0,0,0,0,E7,8,0D
4890,2026-05-21 10:59:00.731,0A,0D,0,0,0,0,56,0,0,0,1,3,0,0,0,0
4891,2026-05-21 10:59:00.940,E7,8,0D,0A,0D,0,0,0,0,56,0,0,0,1,3,0
4892,2026-05-21 10:59:01.149,0,0,0,E5,8,0D,0A,0D,0,0,0,0,56,0,0,0
4893,2026-05-21 10:59:01.358,1,3,0,0,0,0,E5,8,0D,0A,0D,0,0,0,0,56
4894,2026-05-21 10:59:01.566,0,0,0,1,3,0,0,0,0,E5,8,0D,0A,0D,0,0
4895,2026-05-21 10:59:01.577,0,0,56,0,0,0,1,3,0,0,0,0,E5,8,0D,0A
4896,2026-05-21 10:59:01.783,0D,0,0,0,0,57,0,0,0,1,3,0,0,0,0,E5
4897,2026-05-21 10:59:01.991,8,0D,0A,0D,0,0,0,0,56,0,0,0,1,3,0,0
4898,2026-05-21 10:59:02.200,0,0,E7,8,0D,0A,0D,0,0,0,0,58,0,0,0,1
4899,2026-05-21 10:59:02.408,3,0,0,0,0,E3,8,0D,0A,0D,0,0,0,0,56,0
4900,2026-05-21 10:59:02.620,0,0,1,3,0,0,0,0,E7,8,0D,0A,0D,0,0,0
4901,2026-05-21 10:59:02.826,0,57,0,0,0,1,3,0,0,0,0,E5,8,0D,0A,0D
4902,2026-05-21 10:59:02.836,0,0,0,0,57,0,0,0,1,3,0,0,0,0,E7,8
4903,2026-05-21 10:59:03.043,0D,0A,0D,0,0,0,0,59,0,0,0,1,3,0,0,0
4904,2026-05-21 10:59:03.258,0,E5,8,0D,0A,0D,0,0,0,0,59,0,0,0,1,3
4905,2026-05-21 10:59:03.460,0,0,0,0,E5,8,0D,0A,0D,0,0,0,0,59,0,0
4906,2026-05-21 10:59:03.665,0,1,3,0,0,0,0,E5,8,0D,0A,0D,0,0,0,0
4907,2026-05-21 10:59:03.879,59,0,0,0,1,3,0,0,0,0,E5,8,0D,0A,0D,0
4908,2026-05-21 10:59:03.895,0,0,0,57,0,0,0,1,3,0,0,0,0,E7,8,0D
4909,2026-05-21 10:59:04.094,0A,0D,0,0,0,0,58,0,0,0,1,3,0,0,0,0
4910,2026-05-21 10:59:04.302,E7,8,0D,0A,0D,0,0,0,0,57,0,0,0,1,3,0
4911,2026-05-21 10:59:04.512,0,0,0,E5,8,0D,0A,0D,0,0,0,0,56,0,0,0
4912,2026-05-21 10:59:04.722,1,3,0,0,0,0,E5,8,0D,0A,0D,0,0,0,0,56
4913,2026-05-21 10:59:04.928,0,0,0,1,3,0,0,0,0,E5,8,0D,0A,0D,0,0
4914,2026-05-21 10:59:04.939,0,0,56,0,0,0,1,3,0,0,0,0,E5,8,0D,0A
4915,2026-05-21 10:59:05.145,0D,0,0,0,0,57,0,0,0,1,3,0,0,0,0,E5
4916,2026-05-21 10:59:05.354,8,0D,0A,0D,0,0,0,0,56,0,0,0,1,3,0,0
4917,2026-05-21 10:59:05.563,0,0,E5,8,0D,0A,0D,0,0,0,0,56,0,0,0,1
4918,2026-05-21 10:59:05.771,3,0,0,0,0,E5,8,0D,0A,0D,0,0,0,0,56,0
4919,2026-05-21 10:59:05.980,0,0,1,3,0,0,0,0,E7,8,0D,0A,0D,0,0,0
4920,2026-05-21 10:59:06.189,0,56,0,0,0,1,3,0,0,0,0,E5,8,0D,0A,0D
4921,2026-05-21 10:59:06.197,0,0,0,0,56,0,0,0,1,3,0,0,0,0,E5,8
4922,2026-05-21 10:59:06.405,0D,0A,0D,0,0,0,0,56,0,0,0,1,3,0,0,0
4923,2026-05-21 10:59:06.614,0,E3,8,0D,0A,0D,0,0,0,0,57,0,0,0,1,3
4924,2026-05-21 10:59:06.823,0,0,0,0,E7,8,0D,0A,0D,0,0,0,0,57,0,0
4925,2026-05-21 10:59:07.031,0,1,3,0,0,0,0,E7,8,0D,0A,0D,0,0,0,0
4926,2026-05-21 10:59:07.240,57,0,0,0,1,3,0,0,0,0,E5,8,0D,0A,0D,0
4927,2026-05-21 10:59:07.253,0,0,0,56,0,0,0,1,3,0,0,0,0,E7,8,0D
4928,2026-05-21 10:59:07.457,0A,0D,0,0,0,0,56,0,0,0,1,3,0,0,0,0
4929,2026-05-21 10:59:07.665,E7,8,0D,0A,0D,0,0,0,0,56,0,0,0,1,3,0
4930,2026-05-21 10:59:07.874,0,0,0,E5,8,0D,0A,0D,0,0,0,0,56,0,0,0
4931,2026-05-21 10:59:08.083,1,3,0,0,0,0,E5,8,0D,0A,0D,0,0,0,0,56
4932,2026-05-21 10:59:08.292,0,0,0,1,3,0,0,0,0,E5,8,0D,0A,0D,0,0
4933,2026-05-21 10:59:08.306,0,0,57,0,0,0,1,3,0,0,0,0,E3,8,0D,0A
4934,2026-05-21 10:59:08.509,0D,0,0,0,0,56,0,0,0,1,3,0,0,0,0,E7
4935,2026-05-21 10:59:08.717,8,0D,0A,0D,0,0,0,0,57,0,0,0,1,3,0,0
4936,2026-05-21 10:59:08.928,0,0,E5,8,0D,0A,0D,0,0,0,0,56,0,0,0,1
4937,2026-05-21 10:59:09.134,3,0,0,0,0,E5,8,0D,0A,0D,0,0,0,0,56,0
4938,2026-05-21 10:59:09.343,0,0,1,3,0,0,0,0,E7,8,0D,0A,0D,0,0,0
4939,2026-05-21 10:59:09.551,0,56,0,0,0,1,3,0,0,0,0,E5,8,0D,0A,0D
4940,2026-05-21 10:59:09.563,0,0,0,0,59,0,0,0,1,3,0,0,0,0,E5,8
4941,2026-05-21 10:59:09.768,0D,0A,0D,0,0,0,0,59,0,0,0,1,3,0,0,0
4942,2026-05-21 10:59:09.977,0,E5,8,0D,0A,0D,0,0,0,0,59,0,0,0,1,3
4943,2026-05-21 10:59:10.185,0,0,0,0,E5,8,0D,0A,0D,0,0,0,0,59,0,0
4944,2026-05-21 10:59:10.395,0,1,3,0,0,0,0,E3,8,0D,0A,0D,0,0,0,0
4945,2026-05-21 10:59:10.603,58,0,0,0,1,3,0,0,0,0,E3,8,0D,0A,0D,0
4946,2026-05-21 10:59:10.613,0,0,0,58,0,0,0,1,3,0,0,0,0,E5,8,0D
4947,2026-05-21 10:59:10.820,0A,0D,0,0,0,0,57,0,0,0,1,3,0,0,0,0
4948,2026-05-21 10:59:11.029,E5,8,0D,0A,0D,0,0,0,0,57,0,0,0,1,3,0
4949,2026-05-21 10:59:11.237,0,0,0,E5,8,0D,0A,0D,0,0,0,0,57,0,0,0
4950,2026-05-21 10:59:11.446,1,3,0,0,0,0,E5,8,0D,0A,0D,0,0,0,0,56
4951,2026-05-21 10:59:11.647,0,0,0,1,3,0,0,0,0,E5,8,0D,0A,0D,0,0
4952,2026-05-21 10:59:11.665,0,0,56,0,0,0,1,3,0,0,0,0,E7,8,0D,0A
4953,2026-05-21 10:59:11.871,0D,0,0,0,0,56,0,0,0,1,3,0,0,0,0,E7
4954,2026-05-21 10:59:12.080,8,0D,0A,0D,0,0,0,0,56,0,0,0,1,3,0,0
4955,2026-05-21 10:59:12.288,0,0,E5,8,0D,0A,0D,0,0,0,0,56,0,0,0,1
4956,2026-05-21 10:59:12.497,3,0,0,0,0,E7,8,0D,0A,0D,0,0,0,0,57,0
4957,2026-05-21 10:59:12.708,0,0,1,3,0,0,0,0,E5,8,0D,0A,0D,0,0,0
4958,2026-05-21 10:59:12.910,0,56,0,0,0,1,3,0,0,0,0,E7,8,0D,0A,0D
4959,2026-05-21 10:59:12.921,0,0,0,0,56,0,0,0,1,3,0,0,0,0,E5,8
4960,2026-05-21 10:59:13.123,0D,0A,0D,0,0,0,0,56,0,0,0,1,3,0,0,0
4961,2026-05-21 10:59:13.327,0,E5,8,0D,0A,0D,0,0,0,0,56,0,0,0,1,3
4962,2026-05-21 10:59:13.547,0,0,0,0,E5,8,0D,0A,0D,0,0,0,0,57,0,0
4963,2026-05-21 10:59:13.752,0,1,3,0,0,0,0,E5,8,0D,0A,0D,0,0,0,0
4964,2026-05-21 10:59:13.966,56,0,0,0,1,3,0,0,0,0,E7,8,0D,0A,0D,0
4965,2026-05-21 10:59:13.980,0,0,0,57,0,0,0,1,3,0,0,0,0,E7,8,0D
4966,2026-05-21 10:59:14.176,0A,0D,0,0,0,0,56,0,0,0,1,3,0,0,0,0
4967,2026-05-21 10:59:14.380,E5,8,0D,0A,0D,0,0,0,0,57,0,0,0,1,3,0
4968,2026-05-21 10:59:14.589,0,0,0,E7,8,0D,0A,0D,0,0,0,0,56,0,0,0
4969,2026-05-21 10:59:14.806,1,3,0,0,0,0,E7,8,0D,0A,0D,0,0,0,0,58
4970,2026-05-21 10:59:15.014,0,0,0,1,3,0,0,0,0,E5,8,0D,0A,0D,0,0
4971,2026-05-21 10:59:15.020,0,0,57,0,0,0,1,3,0,0,0,0,E5,8,0D,0A
4972,2026-05-21 10:59:15.224,0D,0,0,0,0,58,0,0,0,1,3,0,0,0,0,E5
4973,2026-05-21 10:59:15.436,8,0D,0A,0D,0,0,0,0,57,0,0,0,1,3,0,0
4974,2026-05-21 10:59:15.640,0,0,E5,8,0D,0A,0D,0,0,0,0,57,0,0,0,1
4975,2026-05-21 10:59:15.852,3,0,0,0,0,E5,8,0D,0A,0D,0,0,0,0,57,0
4976,2026-05-21 10:59:16.056,0,0,1,3,0,0,0,0,E5,8,0D,0A,0D,0,0,0
4977,2026-05-21 10:59:16.275,0,57,0,0,0,1,3,0,0,0,0,E5,8,0D,0A,0D
4978,2026-05-21 10:59:16.275,0,0,0,0,57,0,0,0,1,3,0,0,0,0,E7,8
4979,2026-05-21 10:59:16.479,0D,0A,0D,0,0,0,0,58,0,0,0,1,3,0,0,0
4980,2026-05-21 10:59:16.699,0,E5,8,0D,0A,0D,0,0,0,0,57,0,0,0,1,3
4981,2026-05-21 10:59:16.909,0,0,0,0,E7,8,0D,0A,0D,0,0,0,0,58,0,0
4982,2026-05-21 10:59:17.109,0,1,3,0,0,0,0,E5,8,0D,0A,0D,0,0,0,0
4983,2026-05-21 10:59:17.327,57,0,0,0,1,3,0,0,0,0,E5,8,0D,0A,0D,0
4984,2026-05-21 10:59:17.332,0,0,0,58,0,0,0,1,3,0,0,0,0,E7,8,0D
4985,2026-05-21 10:59:17.531,0A,0D,0,0,0,0,57,0,0,0,1,3,0,0,0,0
4986,2026-05-21 10:59:17.750,E5,8,0D,0A,0D,0,0,0,0,58,0,0,0,1,3,0
4987,2026-05-21 10:59:17.955,0,0,0,E5,8,0D,0A,0D,0,0,0,0,58,0,0,0
4988,2026-05-21 10:59:18.160,1,3,0,0,0,0,E5,8,0D,0A,0D,0,0,0,0,58
4989,2026-05-21 10:59:18.364,0,0,0,1,3,0,0,0,0,E5,8,0D,0A,0D,0,0
4990,2026-05-21 10:59:18.380,0,0,59,0,0,0,1,3,0,0,0,0,E5,8,0D,0A
4991,2026-05-21 10:59:18.589,0D,0,0,0,0,59,0,0,0,1,3,0,0,0,0,E5
4992,2026-05-21 10:59:18.793,8,0D,0A,0D,0,0,0,0,59,0,0,0,1,3,0,0
4993,2026-05-21 10:59:19.010,0,0,E5,8,0D,0A,0D,0,0,0,0,59,0,0,0,1
4994,2026-05-21 10:59:19.210,3,0,0,0,0,E5,8,0D,0A,0D,0,0,0,0,59,0
4995,2026-05-21 10:59:19.421,0,0,1,3,0,0,0,0,E5,8,0D,0A,0D,0,0,0
4996,2026-05-21 10:59:19.643,0,58,0,0,0,1,3,0,0,0,0,E5,8,0D,0A,0D
4997,2026-05-21 10:59:19.646,0,0,0,0,59,0,0,0,1,3,0,0,0,0,E7,8
4998,2026-05-21 10:59:19.852,0D,0A,0D,0,0,0,0,59,0,0,0,1,3,0,0,0
4999,2026-05-21 10:59:20.056,0,E5,8,0D,0A,0D,0,0,0,0,59,0,0,0,1,3
5000,2026-05-21 10:59:20.262,0,0,0,0,E5,8,0D,0A,0D,0,0,0,0,58,0,0
5001,2026-05-21 10:59:20.481,0,1,3,0,0,0,0,E7,8,0D,0A,0D,0,0,0,0
5002,2026-05-21 10:59:20.685,59,0,0,0,1,3,0,0,0,0,E7,8,0D,0A,0D,0
5003,2026-05-21 10:59:20.697,0,0,0,58,0,0,0,1,3,0,0,0,0,E5,8,0D
5004,2026-05-21 10:59:20.904,0A,0D,0,0,0,0,59,0,0,0,1,3,0,0,0,0
5005,2026-05-21 10:59:21.121,E5,8,0D,0A,0D,0,0,0,0,58,0,0,0,1,3,0
5006,2026-05-21 10:59:21.314,0,0,0,E5,8,0D,0A,0D,0,0,0,0,59,0,0,0
5007,2026-05-21 10:59:21.519,1,3,0,0,0,0,E5,8,0D,0A,0D,0,0,0,0,58
5008,2026-05-21 10:59:21.738,0,0,0,1,3,0,0,0,0,E5,8,0D,0A,0D,0,0
5009,2026-05-21 10:59:21.754,0,0,57,0,0,0,1,3,0,0,0,0,E5,8,0D,0A
5010,2026-05-21 10:59:21.958,0D,0,0,0,0,58,0,0,0,1,3,0,0,0,0,E7
5011,2026-05-21 10:59:22.162,8,0D,0A,0D,0,0,0,0,58,0,0,0,1,3,0,0
5012,2026-05-21 10:59:22.374,0,0,E5,8,0D,0A,0D,0,0,0,0,58,0,0,0,1
5013,2026-05-21 10:59:22.574,3,0,0,0,0,E7,8,0D,0A,0D,0,0,0,0,59,0
5014,2026-05-21 10:59:22.778,0,0,1,3,0,0,0,0,E5,8,0D,0A,0D,0,0,0
5015,2026-05-21 10:59:22.989,0,59,0,0,0,1,3,0,0,0,0,E5,8,0D,0A,0D
5016,2026-05-21 10:59:23.011,0,0,0,0,58,0,0,0,1,3,0,0,0,0,E5,8
5017,2026-05-21 10:59:23.216,0D,0A,0D,0,0,0,0,59,0,0,0,1,3,0,0,0
5018,2026-05-21 10:59:23.421,0,E7,8,0D,0A,0D,0,0,0,0,58,0,0,0,1,3
5019,2026-05-21 10:59:23.625,0,0,0,0,E5,8,0D,0A,0D,0,0,0,0,58,0,0
5020,2026-05-21 10:59:23.837,0,1,3,0,0,0,0,E7,8,0D,0A,0D,0,0,0,0
5021,2026-05-21 10:59:24.042,57,0,0,0,1,3,0,0,0,0,E5,8,0D,0A,0D,0
5022,2026-05-21 10:59:24.057,0,0,0,57,0,0,0,1,3,0,0,0,0,E5,8,0D
5023,2026-05-21 10:59:24.265,0A,0D,0,0,0,0,57,0,0,0,1,3,0,0,0,0
5024,2026-05-21 10:59:24.472,E5,8,0D,0A,0D,0,0,0,0,57,0,0,0,1,3,0
5025,2026-05-21 10:59:24.686,0,0,0,E5,8,0D,0A,0D,0,0,0,0,56,0,0,0
5026,2026-05-21 10:59:24.893,1,3,0,0,0,0,E5,8,0D,0A,0D,0,0,0,0,57
5027,2026-05-21 10:59:25.103,0,0,0,1,3,0,0,0,0,E5,8,0D,0A,0D,0,0
5028,2026-05-21 10:59:25.115,0,0,57,0,0,0,1,3,0,0,0,0,E3,8,0D,0A
5029,2026-05-21 10:59:25.318,0D,0,0,0,0,57,0,0,0,1,3,0,0,0,0,E7
5030,2026-05-21 10:59:25.522,8,0D,0A,0D,0,0,0,0,57,0,0,0,1,3,0,0
5031,2026-05-21 10:59:25.727,0,0,E5,8,0D,0A,0D,0,0,0,0,57,0,0,0,1
5032,2026-05-21 10:59:25.947,3,0,0,0,0,E7,8,0D,0A,0D,0,0,0,0,57,0
5033,2026-05-21 10:59:26.151,0,0,1,3,0,0,0,0,E5,8,0D,0A,0D,0,0,0
5034,2026-05-21 10:59:26.355,0,57,0,0,0,1,3,0,0,0,0,E7,8,0D,0A,0D
5035,2026-05-21 10:59:26.373,0,0,0,0,57,0,0,0,1,3,0,0,0,0,E5,8
5036,2026-05-21 10:59:26.580,0D,0A,0D,0,0,0,0,58,0,0,0,1,3,0,0,0
5037,2026-05-21 10:59:26.778,0,E5,8,0D,0A,0D,0,0,0,0,57,0,0,0,1,3
5038,2026-05-21 10:59:26.996,0,0,0,0,E5,8,0D,0A,0D,0,0,0,0,59,0,0
5039,2026-05-21 10:59:27.194,0,1,3,0,0,0,0,E5,8,0D,0A,0D,0,0,0,0
5040,2026-05-21 10:59:27.416,56,0,0,0,1,3,0,0,0,0,E5,8,0D,0A,0D,0
5041,2026-05-21 10:59:27.425,0,0,0,57,0,0,0,1,3,0,0,0,0,E5,8,0D
5042,2026-05-21 10:59:27.627,0A,0D,0,0,0,0,57,0,0,0,1,3,0,0,0,0
5043,2026-05-21 10:59:27.837,E5,8,0D,0A,0D,0,0,0,0,57,0,0,0,1,3,0
5044,2026-05-21 10:59:28.043,0,0,0,E5,8,0D,0A,0D,0,0,0,0,57,0,0,0
5045,2026-05-21 10:59:28.249,1,3,0,0,0,0,E7,8,0D,0A,0D,0,0,0,0,57
5046,2026-05-21 10:59:28.455,0,0,0,1,3,0,0,0,0,E7,8,0D,0A,0D,0,0
5047,2026-05-21 10:59:28.473,0,0,57,0,0,0,1,3,0,0,0,0,E5,8,0D,0A
5048,2026-05-21 10:59:28.676,0D,0,0,0,0,57,0,0,0,1,3,0,0,0,0,E5
5049,2026-05-21 10:59:28.882,8,0D,0A,0D,0,0,0,0,57,0,0,0,1,3,0,0
5050,2026-05-21 10:59:29.101,0,0,E5,8,0D,0A,0D,0,0,0,0,57,0,0,0,1
5051,2026-05-21 10:59:29.309,3,0,0,0,0,E5,8,0D,0A,0D,0,0,0,0,57,0
5052,2026-05-21 10:59:29.514,0,0,1,3,0,0,0,0,E5,8,0D,0A,0D,0,0,0
5053,2026-05-21 10:59:29.722,0,57,0,0,0,1,3,0,0,0,0,E5,8,0D,0A,0D
5054,2026-05-21 10:59:29.740,0,0,0,0,57,0,0,0,1,3,0,0,0,0,E5,8
5055,2026-05-21 10:59:29.939,0D,0A,0D,0,0,0,0,57,0,0,0,1,3,0,0,0
5056,2026-05-21 10:59:30.143,0,E5,8,0D,0A,0D,0,0,0,0,57,0,0,0,1,3
5057,2026-05-21 10:59:30.362,0,0,0,0,E5,8,0D,0A,0D,0,0,0,0,57,0,0
5058,2026-05-21 10:59:30.558,0,1,3,0,0,0,0,E5,8,0D,0A,0D,0,0,0,0
5059,2026-05-21 10:59:30.778,57,0,0,0,1,3,0,0,0,0,E5,8,0D,0A,0D,0
5060,2026-05-21 10:59:30.788,0,0,0,57,0,0,0,1,3,0,0,0,0,E5,8,0D
5061,2026-05-21 10:59:30.990,0A,0D,0,0,0,0,57,0,0,0,1,3,0,0,0,0
5062,2026-05-21 10:59:31.193,E5,8,0D,0A,0D,0,0,0,0,57,0,0,0,1,3,0
5063,2026-05-21 10:59:31.406,0,0,0,E5,8,0D,0A,0D,0,0,0,0,57,0,0,0
5064,2026-05-21 10:59:31.610,1,3,0,0,0,0,E5,8,0D,0A,0D,0,0,0,0,57
5065,2026-05-21 10:59:31.830,0,0,0,1,3,0,0,0,0,E5,8,0D,0A,0D,0,0
5066,2026-05-21 10:59:31.842,0,0,57,0,0,0,1,3,0,0,0,0,E5,8,0D,0A
5067,2026-05-21 10:59:32.041,0D,0,0,0,0,57,0,0,0,1,3,0,0,0,0,E5
5068,2026-05-21 10:59:32.245,8,0D,0A,0D,0,0,0,0,58,0,0,0,1,3,0,0
5069,2026-05-21 10:59:32.465,0,0,E5,8,0D,0A,0D,0,0,0,0,57,0,0,0,1
5070,2026-05-21 10:59:32.668,3,0,0,0,0,E5,8,0D,0A,0D,0,0,0,0,58,0
5071,2026-05-21 10:59:32.873,0,0,1,3,0,0,0,0,E5,8,0D,0A,0D,0,0,0
5072,2026-05-21 10:59:33.076,0,58,0,0,0,1,3,0,0,0,0,E5,8,0D,0A,0D
5073,2026-05-21 10:59:33.100,0,0,0,0,59,0,0,0,1,3,0,0,0,0,E5,8
5074,2026-05-21 10:59:33.295,0D,0A,0D,0,0,0,0,57,0,0,0,1,3,0,0,0
5075,2026-05-21 10:59:33.515,0,E5,8,0D,0A,0D,0,0,0,0,59,0,0,0,1,3
5076,2026-05-21 10:59:33.721,0,0,0,0,E5,8,0D,0A,0D,0,0,0,0,58,0,0
5077,2026-05-21 10:59:33.925,0,1,3,0,0,0,0,E5,8,0D,0A,0D,0,0,0,0
5078,2026-05-21 10:59:34.129,58,0,0,0,1,3,0,0,0,0,E5,8,0D,0A,0D,0
5079,2026-05-21 10:59:34.153,0,0,0,58,0,0,0,1,3,0,0,0,0,E3,8,0D
5080,2026-05-21 10:59:34.349,0A,0D,0,0,0,0,58,0,0,0,1,3,0,0,0,0
5081,2026-05-21 10:59:34.559,E5,8,0D,0A,0D,0,0,0,0,55,0,0,0,1,3,0
5082,2026-05-21 10:59:34.763,0,0,0,E5,8,0D,0A,0D,0,0,0,0,55,0,0,0
5083,2026-05-21 10:59:34.973,1,3,0,0,0,0,E5,8,0D,0A,0D,0,0,0,0,56
5084,2026-05-21 10:59:35.193,0,0,0,1,3,0,0,0,0,E7,8,0D,0A,0D,0,0
5085,2026-05-21 10:59:35.207,0,0,59,0,0,0,1,3,0,0,0,0,E7,8,0D,0A
5086,2026-05-21 10:59:35.406,0D,0,0,0,0,5A,0,0,0,1,3,0,0,0,0,E5
5087,2026-05-21 10:59:35.610,8,0D,0A,0D,0,0,0,0,5A,0,0,0,1,3,0,0
5088,2026-05-21 10:59:35.827,0,0,E5,8,0D,0A,0D,0,0,0,0,59,0,0,0,1
5089,2026-05-21 10:59:36.027,3,0,0,0,0,E5,8,0D,0A,0D,0,0,0,0,59,0
5090,2026-05-21 10:59:36.230,0,0,1,3,0,0,0,0,E5,8,0D,0A,0D,0,0,0
5091,2026-05-21 10:59:36.449,0,59,0,0,0,1,3,0,0,0,0,E5,8,0D,0A,0D
5092,2026-05-21 10:59:36.466,0,0,0,0,5A,0,0,0,1,3,0,0,0,0,E5,8
5093,2026-05-21 10:59:36.669,0D,0A,0D,0,0,0,0,59,0,0,0,1,3,0,0,0
5094,2026-05-21 10:59:36.877,0,E5,8,0D,0A,0D,0,0,0,0,59,0,0,0,1,3
5095,2026-05-21 10:59:37.078,0,0,0,0,E5,8,0D,0A,0D,0,0,0,0,59,0,0
5096,2026-05-21 10:59:37.282,0,1,3,0,0,0,0,E7,8,0D,0A,0D,0,0,0,0
5097,2026-05-21 10:59:37.502,59,0,0,0,1,3,0,0,0,0,E5,8,0D,0A,0D,0
5098,2026-05-21 10:59:37.518,0,0,0,59,0,0,0,1,3,0,0,0,0,E7,8,0D
5099,2026-05-21 10:59:37.722,0A,0D,0,0,0,0,5A,0,0,0,1,3,0,0,0,0
5100,2026-05-21 10:59:37.929,E5,8,0D,0A,0D,0,0,0,0,5A,0,0,0,1,3,0
5101,2026-05-21 10:59:38.133,0,0,0,E5,8,0D,0A,0D,0,0,0,0,5B,0,0,0
5102,2026-05-21 10:59:38.337,1,3,0,0,0,0,E3,8,0D,0A,0D,0,0,0,0,5B
5103,2026-05-21 10:59:38.542,0,0,0,1,3,0,0,0,0,E7,8,0D,0A,0D,0,0
5104,2026-05-21 10:59:38.563,0,0,5B,0,0,0,1,3,0,0,0,0,E5,8,0D,0A
5105,2026-05-21 10:59:38.762,0D,0,0,0,0,5B,0,0,0,1,3,0,0,0,0,E5
5106,2026-05-21 10:59:38.974,8,0D,0A,0D,0,0,0,0,5B,0,0,0,1,3,0,0
5107,2026-05-21 10:59:39.178,0,0,E5,8,0D,0A,0D,0,0,0,0,5A,0,0,0,1
5108,2026-05-21 10:59:39.390,3,0,0,0,0,E5,8,0D,0A,0D,0,0,0,0,5A,0
5109,2026-05-21 10:59:39.594,0,0,1,3,0,0,0,0,E5,8,0D,0A,0D,0,0,0
5110,2026-05-21 10:59:39.805,0,5A,0,0,0,1,3,0,0,0,0,E5,8,0D,0A,0D
5111,2026-05-21 10:59:39.824,0,0,0,0,5A,0,0,0,1,3,0,0,0,0,E5,8
5112,2026-05-21 10:59:40.031,0D,0A,0D,0,0,0,0,5A,0,0,0,1,3,0,0,0
5113,2026-05-21 10:59:40.247,0,E5,8,0D,0A,0D,0,0,0,0,59,0,0,0,1,3
5114,2026-05-21 10:59:40.438,0,0,0,0,E5,8,0D,0A,0D,0,0,0,0,5B,0,0
5115,2026-05-21 10:59:40.657,0,1,3,0,0,0,0,E5,8,0D,0A,0D,0,0,0,0
5116,2026-05-21 10:59:40.864,5A,0,0,0,1,3,0,0,0,0,E3,8,0D,0A,0D,0
5117,2026-05-21 10:59:40.875,0,0,0,5B,0,0,0,1,3,0,0,0,0,E7,8,0D
5118,2026-05-21 10:59:41.084,0A,0D,0,0,0,0,59,0,0,0,1,3,0,0,0,0
5119,2026-05-21 10:59:41.291,E5,8,0D,0A,0D,0,0,0,0,5A,0,0,0,1,3,0
5120,2026-05-21 10:59:41.494,0,0,0,E5,8,0D,0A,0D,0,0,0,0,59,0,0,0
5121,2026-05-21 10:59:41.699,1,3,0,0,0,0,E7,8,0D,0A,0D,0,0,0,0,5A
5122,2026-05-21 10:59:41.905,0,0,0,1,3,0,0,0,0,E5,8,0D,0A,0D,0,0
5123,2026-05-21 10:59:41.927,0,0,5A,0,0,0,1,3,0,0,0,0,E5,8,0D,0A
5124,2026-05-21 10:59:42.134,0D,0,0,0,0,5A,0,0,0,1,3,0,0,0,0,E5
5125,2026-05-21 10:59:42.344,8,0D,0A,0D,0,0,0,0,5A,0,0,0,1,3,0,0
5126,2026-05-21 10:59:42.544,0,0,E5,8,0D,0A,0D,0,0,0,0,5A,0,0,0,1
5127,2026-05-21 10:59:42.750,3,0,0,0,0,E7,8,0D,0A,0D,0,0,0,0,5A,0
5128,2026-05-21 10:59:42.959,0,0,1,3,0,0,0,0,E5,8,0D,0A,0D,0,0,0
5129,2026-05-21 10:59:43.163,0,5A,0,0,0,1,3,0,0,0,0,E3,8,0D,0A,0D
5130,2026-05-21 10:59:43.179,0,0,0,0,5A,0,0,0,1,3,0,0,0,0,E3,8
5131,2026-05-21 10:59:43.390,0D,0A,0D,0,0,0,0,5A,0,0,0,1,3,0,0,0
5132,2026-05-21 10:59:43.594,0,E5,8,0D,0A,0D,0,0,0,0,5A,0,0,0,1,3
5133,2026-05-21 10:59:43.806,0,0,0,0,E5,8,0D,0A,0D,0,0,0,0,5A,0,0
5134,2026-05-21 10:59:44.021,0,1,3,0,0,0,0,E7,8,0D,0A,0D,0,0,0,0
5135,2026-05-21 10:59:44.215,59,0,0,0,1,3,0,0,0,0,E7,8,0D,0A,0D,0
5136,2026-05-21 10:59:44.241,0,0,0,5A,0,0,0,1,3,0,0,0,0,E5,8,0D
5137,2026-05-21 10:59:44.436,0A,0D,0,0,0,0,5A,0,0,0,1,3,0,0,0,0
5138,2026-05-21 10:59:44.656,E5,8,0D,0A,0D,0,0,0,0,5A,0,0,0,1,3,0
5139,2026-05-21 10:59:44.861,0,0,0,E5,8,0D,0A,0D,0,0,0,0,5A,0,0,0
5140,2026-05-21 10:59:45.066,1,3,0,0,0,0,E5,8,0D,0A,0D,0,0,0,0,5A
5141,2026-05-21 10:59:45.281,0,0,0,1,3,0,0,0,0,E7,8,0D,0A,0D,0,0
5142,2026-05-21 10:59:45.287,0,0,5A,0,0,0,1,3,0,0,0,0,E5,8,0D,0A
5143,2026-05-21 10:59:45.492,0D,0,0,0,0,5A,0,0,0,1,3,0,0,0,0,E5
5144,2026-05-21 10:59:45.698,8,0D,0A,0D,0,0,0,0,5A,0,0,0,1,3,0,0
5145,2026-05-21 10:59:45.903,0,0,E5,8,0D,0A,0D,0,0,0,0,5A,0,0,0,1
5146,2026-05-21 10:59:46.123,3,0,0,0,0,E7,8,0D,0A,0D,0,0,0,0,5A,0
5147,2026-05-21 10:59:46.328,0,0,1,3,0,0,0,0,E3,8,0D,0A,0D,0,0,0
5148,2026-05-21 10:59:46.538,0,59,0,0,0,1,3,0,0,0,0,E3,8,0D,0A,0D
5149,2026-05-21 10:59:46.543,0,0,0,0,5A,0,0,0,1,3,0,0,0,0,E5,8
5150,2026-05-21 10:59:46.747,0D,0A,0D,0,0,0,0,5A,0,0,0,1,3,0,0,0
5151,2026-05-21 10:59:46.967,0,E5,8,0D,0A,0D,0,0,0,0,5B,0,0,0,1,3
5152,2026-05-21 10:59:47.175,0,0,0,0,E5,8,0D,0A,0D,0,0,0,0,5A,0,0
5153,2026-05-21 10:59:47.380,0,1,3,0,0,0,0,E5,8,0D,0A,0D,0,0,0,0
5154,2026-05-21 10:59:47.578,5A,0,0,0,1,3,0,0,0,0,E5,8,0D,0A,0D,0
5155,2026-05-21 10:59:47.600,0,0,0,59,0,0,0,1,3,0,0,0,0,E5,8,0D
5156,2026-05-21 10:59:47.807,0A,0D,0,0,0,0,5A,0,0,0,1,3,0,0,0,0
5157,2026-05-21 10:59:48.017,E5,8,0D,0A,0D,0,0,0,0,5A,0,0,0,1,3,0
5158,2026-05-21 10:59:48.215,0,0,0,E7,8,0D,0A,0D,0,0,0,0,5A,0,0,0
5159,2026-05-21 10:59:48.434,1,3,0,0,0,0,E5,8,0D,0A,0D,0,0,0,0,5A
5160,2026-05-21 10:59:48.640,0,0,0,1,3,0,0,0,0,E5,8,0D,0A,0D,0,0
5161,2026-05-21 10:59:48.654,0,0,5A,0,0,0,1,3,0,0,0,0,E5,8,0D,0A
5162,2026-05-21 10:59:48.858,0D,0,0,0,0,5A,0,0,0,1,3,0,0,0,0,E5
5163,2026-05-21 10:59:49.062,8,0D,0A,0D,0,0,0,0,5A,0,0,0,1,3,0,0
5164,2026-05-21 10:59:49.266,0,0,E5,8,0D,0A,0D,0,0,0,0,5A,0,0,0,1
5165,2026-05-21 10:59:49.486,3,0,0,0,0,E7,8,0D,0A,0D,0,0,0,0,5A,0
5166,2026-05-21 10:59:49.690,0,0,1,3,0,0,0,0,E5,8,0D,0A,0D,0,0,0
5167,2026-05-21 10:59:49.895,0,59,0,0,0,1,3,0,0,0,0,E5,8,0D,0A,0D
5168,2026-05-21 10:59:49.915,0,0,0,0,59,0,0,0,1,3,0,0,0,0,E7,8
5169,2026-05-21 10:59:50.114,0D,0A,0D,0,0,0,0,59,0,0,0,1,3,0,0,0
5170,2026-05-21 10:59:50.318,0,E5,8,0D,0A,0D,0,0,0,0,59,0,0,0,1,3
5171,2026-05-21 10:59:50.543,0,0,0,0,E5,8,0D,0A,0D,0,0,0,0,59,0,0
5172,2026-05-21 10:59:50.747,0,1,3,0,0,0,0,E5,8,0D,0A,0D,0,0,0,0
5173,2026-05-21 10:59:50.944,59,0,0,0,1,3,0,0,0,0,E5,8,0D,0A,0D,0
5174,2026-05-21 10:59:50.965,0,0,0,59,0,0,0,1,3,0,0,0,0,E5,8,0D
5175,2026-05-21 10:59:51.172,0A,0D,0,0,0,0,59,0,0,0,1,3,0,0,0,0
5176,2026-05-21 10:59:51.380,E5,8,0D,0A,0D,0,0,0,0,59,0,0,0,1,3,0
5177,2026-05-21 10:59:51.589,0,0,0,E5,8,0D,0A,0D,0,0,0,0,59,0,0,0
5178,2026-05-21 10:59:51.798,1,3,0,0,0,0,E5,8,0D,0A,0D,0,0,0,0,59
5179,2026-05-21 10:59:52.007,0,0,0,1,3,0,0,0,0,E5,8,0D,0A,0D,0,0
5180,2026-05-21 10:59:52.017,0,0,59,0,0,0,1,3,0,0,0,0,E7,8,0D,0A
5181,2026-05-21 10:59:52.224,0D,0,0,0,0,59,0,0,0,1,3,0,0,0,0,E5
5182,2026-05-21 10:59:52.432,8,0D,0A,0D,0,0,0,0,59,0,0,0,1,3,0,0
5183,2026-05-21 10:59:52.641,0,0,E5,8,0D,0A,0D,0,0,0,0,59,0,0,0,1
5184,2026-05-21 10:59:52.850,3,0,0,0,0,E5,8,0D,0A,0D,0,0,0,0,59,0
5185,2026-05-21 10:59:53.058,0,0,1,3,0,0,0,0,E5,8,0D,0A,0D,0,0,0
5186,2026-05-21 10:59:53.267,0,5A,0,0,0,1,3,0,0,0,0,E5,8,0D,0A,0D
5187,2026-05-21 10:59:53.275,0,0,0,0,59,0,0,0,1,3,0,0,0,0,E5,8
5188,2026-05-21 10:59:53.484,0D,0A,0D,0,0,0,0,5A,0,0,0,1,3,0,0,0
5189,2026-05-21 10:59:53.692,0,E5,8,0D,0A,0D,0,0,0,0,59,0,0,0,1,3
5190,2026-05-21 10:59:53.901,0,0,0,0,E5,8,0D,0A,0D,0,0,0,0,5A,0,0
5191,2026-05-21 10:59:54.110,0,1,3,0,0,0,0,E5,8,0D,0A,0D,0,0,0,0
5192,2026-05-21 10:59:54.335,59,0,0,0,1,3,0,0,0,0,E5,8,0D,0A,0D,0
5193,2026-05-21 10:59:54.349,0,0,0,5A,0,0,0,1,3,0,0,0,0,E7,8,0D
5194,2026-05-21 10:59:54.535,0A,0D,0,0,0,0,5A,0,0,0,1,3,0,0,0,0
5195,2026-05-21 10:59:54.746,E5,8,0D,0A,0D,0,0,0,0,5A,0,0,0,1,3,0
5196,2026-05-21 10:59:54.953,0,0,0,E5,8,0D,0A,0D,0,0,0,0,5A,0,0,0
5197,2026-05-21 10:59:55.161,1,3,0,0,0,0,E7,8,0D,0A,0D,0,0,0,0,59
5198,2026-05-21 10:59:55.371,0,0,0,1,3,0,0,0,0,E5,8,0D,0A,0D,0,0
5199,2026-05-21 10:59:55.381,0,0,59,0,0,0,1,3,0,0,0,0,E5,8,0D,0A
5200,2026-05-21 10:59:55.587,0D,0,0,0,0,59,0,0,0,1,3,0,0,0,0,E5
5201,2026-05-21 10:59:55.796,8,0D,0A,0D,0,0,0,0,59,0,0,0,1,3,0,0
5202,2026-05-21 10:59:56.005,0,0,E5,8,0D,0A,0D,0,0,0,0,59,0,0,0,1
5203,2026-05-21 10:59:56.213,3,0,0,0,0,E5,8,0D,0A,0D,0,0,0,0,59,0
5204,2026-05-21 10:59:56.422,0,0,1,3,0,0,0,0,E5,8,0D,0A,0D,0,0,0
5205,2026-05-21 10:59:56.630,0,59,0,0,0,1,3,0,0,0,0,E7,8,0D,0A,0D
5206,2026-05-21 10:59:56.641,0,0,0,0,59,0,0,0,1,3,0,0,0,0,E5,8
5207,2026-05-21 10:59:56.847,0D,0A,0D,0,0,0,0,59,0,0,0,1,3,0,0,0
5208,2026-05-21 10:59:57.056,0,E5,8,0D,0A,0D,0,0,0,0,59,0,0,0,1,3
5209,2026-05-21 10:59:57.265,0,0,0,0,E5,8,0D,0A,0D,0,0,0,0,59,0,0
5210,2026-05-21 10:59:57.473,0,1,3,0,0,0,0,E5,8,0D,0A,0D,0,0,0,0
5211,2026-05-21 10:59:57.681,59,0,0,0,1,3,0,0,0,0,E5,8,0D,0A,0D,0
5212,2026-05-21 10:59:57.692,0,0,0,59,0,0,0,1,3,0,0,0,0,E5,8,0D
5213,2026-05-21 10:59:57.899,0A,0D,0,0,0,0,59,0,0,0,1,3,0,0,0,0
5214,2026-05-21 10:59:58.107,E3,8,0D,0A,0D,0,0,0,0,59,0,0,0,1,3,0
5215,2026-05-21 10:59:58.316,0,0,0,E5,8,0D,0A,0D,0,0,0,0,5A,0,0,0
5216,2026-05-21 10:59:58.525,1,3,0,0,0,0,E5,8,0D,0A,0D,0,0,0,0,59
5217,2026-05-21 10:59:58.734,0,0,0,1,3,0,0,0,0,E5,8,0D,0A,0D,0,0
5218,2026-05-21 10:59:58.742,0,0,5A,0,0,0,1,3,0,0,0,0,E5,8,0D,0A
5219,2026-05-21 10:59:58.950,0D,0,0,0,0,59,0,0,0,1,3,0,0,0,0,E5
5220,2026-05-21 10:59:59.159,8,0D,0A,0D,0,0,0,0,59,0,0,0,1,3,0,0
5221,2026-05-21 10:59:59.367,0,0,E5,8,0D,0A,0D,0,0,0,0,59,0,0,0,1
5222,2026-05-21 10:59:59.576,3,0,0,0,0,E5,8,0D,0A,0D,0,0,0,0,5A,0
5223,2026-05-21 10:59:59.784,0,0,1,3,0,0,0,0,E5,8,0D,0A,0D,0,0,0
5224,2026-05-21 10:59:59.993,0,59,0,0,0,1,3,0,0,0,0,E5,8,0D,0A,0D
5225,2026-05-21 11:00:00.002,0,0,0,0,5A,0,0,0,1,3,0,0,0,0,E5,8
5226,2026-05-21 11:00:00.209,0D,0A,0D,0,0,0,0,59,0,0,0,1,3,0,0,0
5227,2026-05-21 11:04:31.345,0D,0,0,0,0,57,0,0,0,1,3,0,0,0,0,E5
5228,2026-05-21 11:04:31.553,8,0D,0A,0D,0,0,0,0,58,0,0,0,1,3,0,0
5229,2026-05-21 11:04:31.762,0,0,E7,8,0D,0A,0D,0,0,0,0,58,0,0,0,1
5230,2026-05-21 11:04:31.972,3,0,0,0,0,E5,8,0D,0A,0D,0,0,0,0,58,0
5231,2026-05-21 11:04:32.179,0,0,1,3,0,0,0,0,E5,8,0D,0A,0D,0,0,0
5232,2026-05-21 11:04:32.387,0,58,0,0,0,1,3,0,0,0,0,E5,8,0D,0A,0D
5233,2026-05-21 11:04:32.399,0,0,0,0,58,0,0,0,1,3,0,0,0,0,E5,8
5234,2026-05-21 11:04:32.605,0D,0A,0D,0,0,0,0,58,0,0,0,1,3,0,0,0
5235,2026-05-21 11:04:32.813,0,E5,8,0D,0A,0D,0,0,0,0,58,0,0,0,1,3
5236,2026-05-21 11:04:33.023,0,0,0,0,E5,8,0D,0A,0D,0,0,0,0,58,0,0
5237,2026-05-21 11:04:33.224,0,1,3,0,0,0,0,E3,8,0D,0A,0D,0,0,0,0
5238,2026-05-21 11:04:33.439,58,0,0,0,1,3,0,0,0,0,E5,8,0D,0A,0D,0
5239,2026-05-21 11:04:33.449,0,0,0,58,0,0,0,1,3,0,0,0,0,E5,8,0D
5240,2026-05-21 11:04:33.656,0A,0D,0,0,0,0,58,0,0,0,1,3,0,0,0,0
5241,2026-05-21 11:04:33.864,E5,8,0D,0A,0D,0,0,0,0,58,0,0,0,1,3,0
5242,2026-05-21 11:04:34.073,0,0,0,E5,8,0D,0A,0D,0,0,0,0,58,0,0,0
5243,2026-05-21 11:04:34.282,1,3,0,0,0,0,E5,8,0D,0A,0D,0,0,0,0,57
5244,2026-05-21 11:04:34.490,0,0,0,1,3,0,0,0,0,E5,8,0D,0A,0D,0,0
5245,2026-05-21 11:04:34.499,0,0,58,0,0,0,1,3,0,0,0,0,E5,8,0D,0A
5246,2026-05-21 11:04:34.707,0D,0,0,0,0,57,0,0,0,1,3,0,0,0,0,E5
5247,2026-05-21 11:04:34.916,8,0D,0A,0D,0,0,0,0,57,0,0,0,1,3,0,0
5248,2026-05-21 11:04:35.124,0,0,E5,8,0D,0A,0D,0,0,0,0,58,0,0,0,1
5249,2026-05-21 11:04:35.334,3,0,0,0,0,E3,8,0D,0A,0D,0,0,0,0,57,0
5250,2026-05-21 11:04:35.542,0,0,1,3,0,0,0,0,E5,8,0D,0A,0D,0,0,0
5251,2026-05-21 11:04:35.750,0,58,0,0,0,1,3,0,0,0,0,E5,8,0D,0A,0D
5252,2026-05-21 11:04:35.763,0,0,0,0,58,0,0,0,1,3,0,0,0,0,E5,8
5253,2026-05-21 11:04:35.967,0D,0A,0D,0,0,0,0,58,0,0,0,1,3,0,0,0
5254,2026-05-21 11:04:36.175,0,E7,8,0D,0A,0D,0,0,0,0,58,0,0,0,1,3
5255,2026-05-21 11:04:36.385,0,0,0,0,E5,8,0D,0A,0D,0,0,0,0,59,0,0
5256,2026-05-21 11:04:36.593,0,1,3,0,0,0,0,E5,8,0D,0A,0D,0,0,0,0
5257,2026-05-21 11:04:36.801,58,0,0,0,1,3,0,0,0,0,E3,8,0D,0A,0D,0
5258,2026-05-21 11:04:36.813,0,0,0,58,0,0,0,1,3,0,0,0,0,E7,8,0D
5259,2026-05-21 11:04:37.019,0A,0D,0,0,0,0,58,0,0,0,1,3,0,0,0,0
5260,2026-05-21 11:04:37.224,E5,8,0D,0A,0D,0,0,0,0,58,0,0,0,1,3,0
5261,2026-05-21 11:04:37.436,0,0,0,E5,8,0D,0A,0D,0,0,0,0,58,0,0,0
5262,2026-05-21 11:04:37.642,1,3,0,0,0,0,E5,8,0D,0A,0D,0,0,0,0,59
5263,2026-05-21 11:04:37.853,0,0,0,1,3,0,0,0,0,E5,8,0D,0A,0D,0,0
5264,2026-05-21 11:04:37.881,0,0,58,0,0,0,1,3,0,0,0,0,E5,8,0D,0A
5265,2026-05-21 11:04:38.115,0D,0,0,0,0,58,0,0,0,1,3,0,0,0,0,E5
5266,2026-05-21 11:04:38.278,8,0D,0A,0D,0,0,0,0,58,0,0,0,1,3,0,0
5267,2026-05-21 11:04:38.487,0,0,E3,8,0D,0A,0D,0,0,0,0,59,0,0,0,1
5268,2026-05-21 11:04:38.697,3,0,0,0,0,E5,8,0D,0A,0D,0,0,0,0,59,0
5269,2026-05-21 11:04:38.905,0,0,1,3,0,0,0,0,E5,8,0D,0A,0D,0,0,0
5270,2026-05-21 11:04:39.109,0,59,0,0,0,1,3,0,0,0,0,E5,8,0D,0A,0D
5271,2026-05-21 11:04:39.130,0,0,0,0,59,0,0,0,1,3,0,0,0,0,E5,8
5272,2026-05-21 11:04:39.323,0D,0A,0D,0,0,0,0,58,0,0,0,1,3,0,0,0
5273,2026-05-21 11:04:39.538,0,E5,8,0D,0A,0D,0,0,0,0,57,0,0,0,1,3
5274,2026-05-21 11:04:39.748,0,0,0,0,E5,8,0D,0A,0D,0,0,0,0,58,0,0
5275,2026-05-21 11:04:39.949,0,1,3,0,0,0,0,E5,8,0D,0A,0D,0,0,0,0
5276,2026-05-21 11:04:40.150,5A,0,0,0,1,3,0,0,0,0,E5,8,0D,0A,0D,0
5277,2026-05-21 11:04:40.165,0,0,0,5B,0,0,0,1,3,0,0,0,0,E5,8,0D
5278,2026-05-21 11:04:40.381,0A,0D,0,0,0,0,5A,0,0,0,1,3,0,0,0,0
5279,2026-05-21 11:04:40.590,E5,8,0D,0A,0D,0,0,0,0,59,0,0,0,1,3,0
5280,2026-05-21 11:04:40.799,0,0,0,E5,8,0D,0A,0D,0,0,0,0,59,0,0,0
5281,2026-05-21 11:04:41.006,1,3,0,0,0,0,E5,8,0D,0A,0D,0,0,0,0,58
5282,2026-05-21 11:04:41.215,0,0,0,1,3,0,0,0,0,E5,8,0D,0A,0D,0,0
5283,2026-05-21 11:04:41.225,0,0,59,0,0,0,1,3,0,0,0,0,E7,8,0D,0A
5284,2026-05-21 11:04:41.440,0D,0,0,0,0,59,0,0,0,1,3,0,0,0,0,E5
5285,2026-05-21 11:04:41.649,8,0D,0A,0D,0,0,0,0,59,0,0,0,1,3,0,0
5286,2026-05-21 11:04:41.851,0,0,E7,8,0D,0A,0D,0,0,0,0,59,0,0,0,1
5287,2026-05-21 11:04:42.117,3,0,0,0,0,E3,8,0D,0A,0D,0,0,0,0,58,0
5288,2026-05-21 11:04:42.286,0,0,1,3,0,0,0,0,E5,8,0D,0A,0D,0,0,0
5289,2026-05-21 11:04:42.479,0,58,0,0,0,1,3,0,0,0,0,E3,8,0D,0A,0D
5290,2026-05-21 11:04:42.502,0,0,0,0,56,0,0,0,1,3,0,0,0,0,E5,8
5291,2026-05-21 11:04:42.698,0D,0A,0D,0,0,0,0,56,0,0,0,1,3,0,0,0
5292,2026-05-21 11:04:42.901,0,E5,8,0D,0A,0D,0,0,0,0,56,0,0,0,1,3
5293,2026-05-21 11:04:43.107,0,0,0,0,E3,8,0D,0A,0D,0,0,0,0,56,0,0
5294,2026-05-21 11:04:43.319,0,1,3,0,0,0,0,E5,8,0D,0A,0D,0,0,0,0
5295,2026-05-21 11:04:43.526,58,0,0,0,1,3,0,0,0,0,E5,8,0D,0A,0D,0
5296,2026-05-21 11:04:43.538,0,0,0,55,0,0,0,1,3,0,0,0,0,E5,8,0D
5297,2026-05-21 11:04:43.744,0A,0D,0,0,0,0,56,0,0,0,1,3,0,0,0,0
5298,2026-05-21 11:04:43.950,E5,8,0D,0A,0D,0,0,0,0,56,0,0,0,1,3,0
5299,2026-05-21 11:04:44.154,0,0,0,E5,8,0D,0A,0D,0,0,0,0,56,0,0,0
5300,2026-05-21 11:04:44.372,1,3,0,0,0,0,E5,8,0D,0A,0D,0,0,0,0,56
5301,2026-05-21 11:04:44.579,0,0,0,1,3,0,0,0,0,E5,8,0D,0A,0D,0,0
5302,2026-05-21 11:04:44.588,0,0,56,0,0,0,1,3,0,0,0,0,E5,8,0D,0A
5303,2026-05-21 11:04:44.795,0D,0,0,0,0,56,0,0,0,1,3,0,0,0,0,E5
5304,2026-05-21 11:04:45.004,8,0D,0A,0D,0,0,0,0,56,0,0,0,1,3,0,0
5305,2026-05-21 11:04:45.202,0,0,E5,8,0D,0A,0D,0,0,0,0,56,0,0,0,1
5306,2026-05-21 11:04:45.415,3,0,0,0,0,E5,8,0D,0A,0D,0,0,0,0,56,0
5307,2026-05-21 11:04:45.630,0,0,1,3,0,0,0,0,E3,8,0D,0A,0D,0,0,0
5308,2026-05-21 11:04:45.832,0,56,0,0,0,1,3,0,0,0,0,E5,8,0D,0A,0D
5309,2026-05-21 11:04:45.848,0,0,0,0,56,0,0,0,1,3,0,0,0,0,E5,8
5310,2026-05-21 11:04:46.055,0D,0A,0D,0,0,0,0,56,0,0,0,1,3,0,0,0
5311,2026-05-21 11:04:46.250,0,E3,8,0D,0A,0D,0,0,0,0,56,0,0,0,1,3
5312,2026-05-21 11:04:46.473,0,0,0,0,E5,8,0D,0A,0D,0,0,0,0,56,0,0
5313,2026-05-21 11:04:46.672,0,1,3,0,0,0,0,E5,8,0D,0A,0D,0,0,0,0
5314,2026-05-21 11:04:46.890,56,0,0,0,1,3,0,0,0,0,E5,8,0D,0A,0D,0
5315,2026-05-21 11:04:46.900,0,0,0,56,0,0,0,1,3,0,0,0,0,E5,8,0D
5316,2026-05-21 11:04:47.106,0A,0D,0,0,0,0,56,0,0,0,1,3,0,0,0,0
5317,2026-05-21 11:04:47.302,E5,8,0D,0A,0D,0,0,0,0,56,0,0,0,1,3,0
5318,2026-05-21 11:04:47.522,0,0,0,E5,8,0D,0A,0D,0,0,0,0,56,0,0,0
5319,2026-05-21 11:04:47.734,1,3,0,0,0,0,E5,8,0D,0A,0D,0,0,0,0,56
5320,2026-05-21 11:04:47.942,0,0,0,1,3,0,0,0,0,E5,8,0D,0A,0D,0,0
5321,2026-05-21 11:04:47.950,0,0,56,0,0,0,1,3,0,0,0,0,E5,8,0D,0A
5322,2026-05-21 11:04:48.170,0D,0,0,0,0,56,0,0,0,1,3,0,0,0,0,E3
5323,2026-05-21 11:04:48.354,8,0D,0A,0D,0,0,0,0,56,0,0,0,1,3,0,0
5324,2026-05-21 11:04:48.572,0,0,E5,8,0D,0A,0D,0,0,0,0,56,0,0,0,1
5325,2026-05-21 11:04:48.769,3,0,0,0,0,E5,8,0D,0A,0D,0,0,0,0,56,0
5326,2026-05-21 11:04:48.992,0,0,1,3,0,0,0,0,E5,8,0D,0A,0D,0,0,0
5327,2026-05-21 11:04:49.192,0,56,0,0,0,1,3,0,0,0,0,E5,8,0D,0A,0D
5328,2026-05-21 11:04:49.212,0,0,0,0,56,0,0,0,1,3,0,0,0,0,E3,8
5329,2026-05-21 11:04:49.403,0D,0A,0D,0,0,0,0,57,0,0,0,1,3,0,0,0
5330,2026-05-21 11:04:49.627,0,E5,8,0D,0A,0D,0,0,0,0,57,0,0,0,1,3
5331,2026-05-21 11:04:49.821,0,0,0,0,E5,8,0D,0A,0D,0,0,0,0,58,0,0
5332,2026-05-21 11:04:50.042,0,1,3,0,0,0,0,E5,8,0D,0A,0D,0,0,0,0
5333,2026-05-21 11:04:50.252,58,0,0,0,1,3,0,0,0,0,E5,8,0D,0A,0D,0
5334,2026-05-21 11:04:50.256,0,0,0,58,0,0,0,1,3,0,0,0,0,E5,8,0D
5335,2026-05-21 11:04:50.455,0A,0D,0,0,0,0,57,0,0,0,1,3,0,0,0,0
5336,2026-05-21 11:04:50.667,E5,8,0D,0A,0D,0,0,0,0,57,0,0,0,1,3,0
5337,2026-05-21 11:04:50.881,0,0,0,E5,8,0D,0A,0D,0,0,0,0,57,0,0,0
5338,2026-05-21 11:04:51.109,1,3,0,0,0,0,E5,8,0D,0A,0D,0,0,0,0,57
5339,2026-05-21 11:04:51.301,0,0,0,1,3,0,0,0,0,E5,8,0D,0A,0D,0,0
5340,2026-05-21 11:04:51.308,0,0,58,0,0,0,1,3,0,0,0,0,E5,8,0D,0A
5341,2026-05-21 11:04:51.520,0D,0,0,0,0,56,0,0,0,1,3,0,0,0,0,E5
5342,2026-05-21 11:04:51.716,8,0D,0A,0D,0,0,0,0,57,0,0,0,1,3,0,0
5343,2026-05-21 11:04:51.937,0,0,E5,8,0D,0A,0D,0,0,0,0,56,0,0,0,1
5344,2026-05-21 11:04:52.133,3,0,0,0,0,E5,8,0D,0A,0D,0,0,0,0,56,0
5345,2026-05-21 11:04:52.351,0,0,1,3,0,0,0,0,E7,8,0D,0A,0D,0,0,0
5346,2026-05-21 11:04:52.558,0,56,0,0,0,1,3,0,0,0,0,E3,8,0D,0A,0D
5347,2026-05-21 11:04:52.566,0,0,0,0,56,0,0,0,1,3,0,0,0,0,E5,8
5348,2026-05-21 11:04:52.774,0D,0A,0D,0,0,0,0,56,0,0,0,1,3,0,0,0
5349,2026-05-21 11:04:52.987,0,E5,8,0D,0A,0D,0,0,0,0,56,0,0,0,1,3
5350,2026-05-21 11:04:53.196,0,0,0,0,E5,8,0D,0A,0D,0,0,0,0,57,0,0
5351,2026-05-21 11:04:53.399,0,1,3,0,0,0,0,E3,8,0D,0A,0D,0,0,0,0
5352,2026-05-21 11:04:53.600,58,0,0,0,1,3,0,0,0,0,E3,8,0D,0A,0D,0
5353,2026-05-21 11:04:53.627,0,0,0,57,0,0,0,1,3,0,0,0,0,E5,8,0D
5354,2026-05-21 11:04:53.817,0A,0D,0,0,0,0,56,0,0,0,1,3,0,0,0,0
5355,2026-05-21 11:04:54.040,E3,8,0D,0A,0D,0,0,0,0,56,0,0,0,1,3,0
5356,2026-05-21 11:04:54.249,0,0,0,E5,8,0D,0A,0D,0,0,0,0,56,0,0,0
5357,2026-05-21 11:04:54.458,1,3,0,0,0,0,E5,8,0D,0A,0D,0,0,0,0,56
5358,2026-05-21 11:04:54.667,0,0,0,1,3,0,0,0,0,E3,8,0D,0A,0D,0,0
5359,2026-05-21 11:04:54.681,0,0,56,0,0,0,1,3,0,0,0,0,E5,8,0D,0A
5360,2026-05-21 11:04:54.884,0D,0,0,0,0,56,0,0,0,1,3,0,0,0,0,E5
5361,2026-05-21 11:04:55.088,8,0D,0A,0D,0,0,0,0,57,0,0,0,1,3,0,0
5362,2026-05-21 11:04:55.299,0,0,E7,8,0D,0A,0D,0,0,0,0,57,0,0,0,1
5363,2026-05-21 11:04:55.517,3,0,0,0,0,E5,8,0D,0A,0D,0,0,0,0,59,0
5364,2026-05-21 11:04:55.718,0,0,1,3,0,0,0,0,E5,8,0D,0A,0D,0,0,0
5365,2026-05-21 11:04:55.927,0,57,0,0,0,1,3,0,0,0,0,E5,8,0D,0A,0D
5366,2026-05-21 11:04:55.938,0,0,0,0,59,0,0,0,1,3,0,0,0,0,E5,8
5367,2026-05-21 11:04:56.143,0D,0A,0D,0,0,0,0,56,0,0,0,1,3,0,0,0
5368,2026-05-21 11:04:56.352,0,E5,8,0D,0A,0D,0,0,0,0,56,0,0,0,1,3
5369,2026-05-21 11:04:56.561,0,0,0,0,E5,8,0D,0A,0D,0,0,0,0,56,0,0
5370,2026-05-21 11:04:56.769,0,1,3,0,0,0,0,E5,8,0D,0A,0D,0,0,0,0
5371,2026-05-21 11:04:56.978,56,0,0,0,1,3,0,0,0,0,E5,8,0D,0A,0D,0
5372,2026-05-21 11:04:56.987,0,0,0,56,0,0,0,1,3,0,0,0,0,E5,8,0D
5373,2026-05-21 11:04:57.195,0A,0D,0,0,0,0,56,0,0,0,1,3,0,0,0,0
5374,2026-05-21 11:04:57.403,E5,8,0D,0A,0D,0,0,0,0,56,0,0,0,1,3,0
5375,2026-05-21 11:04:57.612,0,0,0,E5,8,0D,0A,0D,0,0,0,0,56,0,0,0
5376,2026-05-21 11:04:57.820,1,3,0,0,0,0,E3,8,0D,0A,0D,0,0,0,0,56
5377,2026-05-21 11:04:58.025,0,0,0,1,3,0,0,0,0,E5,8,0D,0A,0D,0,0
5378,2026-05-21 11:04:58.031,0,0,56,0,0,0,1,3,0,0,0,0,E5,8,0D,0A
5379,2026-05-21 11:04:58.246,0D,0,0,0,0,58,0,0,0,1,3,0,0,0,0,E5
5380,2026-05-21 11:04:58.454,8,0D,0A,0D,0,0,0,0,57,0,0,0,1,3,0,0
5381,2026-05-21 11:04:58.664,0,0,E5,8,0D,0A,0D,0,0,0,0,56,0,0,0,1
5382,2026-05-21 11:04:58.874,3,0,0,0,0,E7,8,0D,0A,0D,0,0,0,0,56,0
5383,2026-05-21 11:04:59.080,0,0,1,3,0,0,0,0,E3,8,0D,0A,0D,0,0,0
5384,2026-05-21 11:04:59.290,0,56,0,0,0,1,3,0,0,0,0,E5,8,0D,0A,0D
5385,2026-05-21 11:04:59.301,0,0,0,0,56,0,0,0,1,3,0,0,0,0,E5,8
5386,2026-05-21 11:04:59.507,0D,0A,0D,0,0,0,0,56,0,0,0,1,3,0,0,0
5387,2026-05-21 11:04:59.715,0,E5,8,0D,0A,0D,0,0,0,0,56,0,0,0,1,3
5388,2026-05-21 11:04:59.923,0,0,0,0,E5,8,0D,0A,0D,0,0,0,0,57,0,0
5389,2026-05-21 11:05:00.132,0,1,3,0,0,0,0,E3,8,0D,0A,0D,0,0,0,0
5390,2026-05-21 11:05:00.400,57,0,0,0,1,3,0,0,0,0,E3,8,0D,0A,0D,0
5391,2026-05-21 11:05:00.413,0,0,0,57,0,0,0,1,3,0,0,0,0,E5,8,0D
5392,2026-05-21 11:05:00.557,0A,0D,0,0,0,0,57,0,0,0,1,3,0,0,0,0
5393,2026-05-21 11:05:00.766,E5,8,0D,0A,0D,0,0,0,0,57,0,0,0,1,3,0
5394,2026-05-21 11:05:00.978,0,0,0,E5,8,0D,0A,0D,0,0,0,0,56,0,0,0
5395,2026-05-21 11:05:01.183,1,3,0,0,0,0,E5,8,0D,0A,0D,0,0,0,0,57
5396,2026-05-21 11:05:01.392,0,0,0,1,3,0,0,0,0,E7,8,0D,0A,0D,0,0
5397,2026-05-21 11:05:01.400,0,0,56,0,0,0,1,3,0,0,0,0,E5,8,0D,0A
5398,2026-05-21 11:05:01.609,0D,0,0,0,0,57,0,0,0,1,3,0,0,0,0,E3
5399,2026-05-21 11:05:01.817,8,0D,0A,0D,0,0,0,0,57,0,0,0,1,3,0,0
5400,2026-05-21 11:05:02.025,0,0,E7,8,0D,0A,0D,0,0,0,0,58,0,0,0,1
5401,2026-05-21 11:05:02.235,3,0,0,0,0,E5,8,0D,0A,0D,0,0,0,0,56,0
5402,2026-05-21 11:05:02.443,0,0,1,3,0,0,0,0,E5,8,0D,0A,0D,0,0,0
5403,2026-05-21 11:05:02.651,0,57,0,0,0,1,3,0,0,0,0,E5,8,0D,0A,0D
5404,2026-05-21 11:05:02.663,0,0,0,0,57,0,0,0,1,3,0,0,0,0,E5,8
5405,2026-05-21 11:05:02.870,0D,0A,0D,0,0,0,0,57,0,0,0,1,3,0,0,0
5406,2026-05-21 11:05:03.079,0,E5,8,0D,0A,0D,0,0,0,0,57,0,0,0,1,3
5407,2026-05-21 11:05:03.286,0,0,0,0,E5,8,0D,0A,0D,0,0,0,0,57,0,0
5408,2026-05-21 11:05:03.494,0,1,3,0,0,0,0,E5,8,0D,0A,0D,0,0,0,0
5409,2026-05-21 11:05:03.703,56,0,0,0,1,3,0,0,0,0,E5,8,0D,0A,0D,0
5410,2026-05-21 11:05:03.716,0,0,0,57,0,0,0,1,3,0,0,0,0,E5,8,0D
5411,2026-05-21 11:05:03.921,0A,0D,0,0,0,0,57,0,0,0,1,3,0,0,0,0
5412,2026-05-21 11:05:04.129,E5,8,0D,0A,0D,0,0,0,0,57,0,0,0,1,3,0
5413,2026-05-21 11:05:04.338,0,0,0,E5,8,0D,0A,0D,0,0,0,0,57,0,0,0
5414,2026-05-21 11:05:04.546,1,3,0,0,0,0,E3,8,0D,0A,0D,0,0,0,0,57
5415,2026-05-21 11:05:04.754,0,0,0,1,3,0,0,0,0,E3,8,0D,0A,0D,0,0
5416,2026-05-21 11:05:04.767,0,0,58,0,0,0,1,3,0,0,0,0,E7,8,0D,0A
5417,2026-05-21 11:05:04.972,0D,0,0,0,0,57,0,0,0,1,3,0,0,0,0,E5
5418,2026-05-21 11:05:05.181,8,0D,0A,0D,0,0,0,0,58,0,0,0,1,3,0,0
5419,2026-05-21 11:05:05.390,0,0,E5,8,0D,0A,0D,0,0,0,0,58,0,0,0,1
5420,2026-05-21 11:05:05.598,3,0,0,0,0,E5,8,0D,0A,0D,0,0,0,0,57,0
5421,2026-05-21 11:05:05.807,0,0,1,3,0,0,0,0,E5,8,0D,0A,0D,0,0,0
5422,2026-05-21 11:05:06.015,0,56,0,0,0,1,3,0,0,0,0,E5,8,0D,0A,0D
5423,2026-05-21 11:05:06.025,0,0,0,0,56,0,0,0,1,3,0,0,0,0,E7,8
5424,2026-05-21 11:05:06.232,0D,0A,0D,0,0,0,0,56,0,0,0,1,3,0,0,0
5425,2026-05-21 11:05:06.440,0,E5,8,0D,0A,0D,0,0,0,0,57,0,0,0,1,3
5426,2026-05-21 11:05:06.649,0,0,0,0,E5,8,0D,0A,0D,0,0,0,0,56,0,0
5427,2026-05-21 11:05:06.858,0,1,3,0,0,0,0,E5,8,0D,0A,0D,0,0,0,0
5428,2026-05-21 11:05:07.066,56,0,0,0,1,3,0,0,0,0,E5,8,0D,0A,0D,0
5429,2026-05-21 11:05:07.076,0,0,0,56,0,0,0,1,3,0,0,0,0,E5,8,0D
5430,2026-05-21 11:05:07.283,0A,0D,0,0,0,0,57,0,0,0,1,3,0,0,0,0
5431,2026-05-21 11:05:07.491,E5,8,0D,0A,0D,0,0,0,0,56,0,0,0,1,3,0
5432,2026-05-21 11:05:07.700,0,0,0,E5,8,0D,0A,0D,0,0,0,0,57,0,0,0
5433,2026-05-21 11:05:07.909,1,3,0,0,0,0,E5,8,0D,0A,0D,0,0,0,0,57
5434,2026-05-21 11:05:08.118,0,0,0,1,3,0,0,0,0,E3,8,0D,0A,0D,0,0
5435,2026-05-21 11:05:08.128,0,0,59,0,0,0,1,3,0,0,0,0,E5,8,0D,0A
5436,2026-05-21 11:05:08.335,0D,0,0,0,0,56,0,0,0,1,3,0,0,0,0,E5
5437,2026-05-21 11:05:08.543,8,0D,0A,0D,0,0,0,0,56,0,0,0,1,3,0,0
5438,2026-05-21 11:05:08.752,0,0,E5,8,0D,0A,0D,0,0,0,0,58,0,0,0,1
5439,2026-05-21 11:05:08.961,3,0,0,0,0,E5,8,0D,0A,0D,0,0,0,0,57,0
5440,2026-05-21 11:05:09.169,0,0,1,3,0,0,0,0,E5,8,0D,0A,0D,0,0,0
5441,2026-05-21 11:05:09.379,0,58,0,0,0,1,3,0,0,0,0,E5,8,0D,0A,0D
5442,2026-05-21 11:05:09.387,0,0,0,0,59,0,0,0,1,3,0,0,0,0,E5,8
5443,2026-05-21 11:05:09.595,0D,0A,0D,0,0,0,0,5A,0,0,0,1,3,0,0,0
5444,2026-05-21 11:05:09.804,0,E3,8,0D,0A,0D,0,0,0,0,5A,0,0,0,1,3
5445,2026-05-21 11:05:10.013,0,0,0,0,E3,8,0D,0A,0D,0,0,0,0,59,0,0
5446,2026-05-21 11:05:10.221,0,1,3,0,0,0,0,E5,8,0D,0A,0D,0,0,0,0
5447,2026-05-21 11:05:10.430,58,0,0,0,1,3,0,0,0,0,E3,8,0D,0A,0D,0
5448,2026-05-21 11:05:10.438,0,0,0,56,0,0,0,1,3,0,0,0,0,E3,8,0D
5449,2026-05-21 11:05:10.647,0A,0D,0,0,0,0,56,0,0,0,1,3,0,0,0,0
5450,2026-05-21 11:05:10.856,E3,8,0D,0A,0D,0,0,0,0,56,0,0,0,1,3,0
5451,2026-05-21 11:05:11.064,0,0,0,E5,8,0D,0A,0D,0,0,0,0,57,0,0,0
5452,2026-05-21 11:05:11.273,1,3,0,0,0,0,E5,8,0D,0A,0D,0,0,0,0,56
5453,2026-05-21 11:05:11.481,0,0,0,1,3,0,0,0,0,E5,8,0D,0A,0D,0,0
5454,2026-05-21 11:05:11.497,0,0,56,0,0,0,1,3,0,0,0,0,E5,8,0D,0A
5455,2026-05-21 11:05:11.698,0D,0,0,0,0,56,0,0,0,1,3,0,0,0,0,E5
5456,2026-05-21 11:05:11.907,8,0D,0A,0D,0,0,0,0,57,0,0,0,1,3,0,0
5457,2026-05-21 11:05:12.115,0,0,E3,8,0D,0A,0D,0,0,0,0,57,0,0,0,1
5458,2026-05-21 11:05:12.324,3,0,0,0,0,E5,8,0D,0A,0D,0,0,0,0,56,0
5459,2026-05-21 11:05:12.532,0,0,1,3,0,0,0,0,E5,8,0D,0A,0D,0,0,0
5460,2026-05-21 11:05:12.741,0,56,0,0,0,1,3,0,0,0,0,E5,8,0D,0A,0D
5461,2026-05-21 11:05:12.750,0,0,0,0,56,0,0,0,1,3,0,0,0,0,E5,8
5462,2026-05-21 11:05:12.958,0D,0A,0D,0,0,0,0,57,0,0,0,1,3,0,0,0
5463,2026-05-21 11:05:13.166,0,E5,8,0D,0A,0D,0,0,0,0,57,0,0,0,1,3
5464,2026-05-21 11:05:13.375,0,0,0,0,E7,8,0D,0A,0D,0,0,0,0,57,0,0
5465,2026-05-21 11:05:13.583,0,1,3,0,0,0,0,E5,8,0D,0A,0D,0,0,0,0
5466,2026-05-21 11:05:13.793,56,0,0,0,1,3,0,0,0,0,E5,8,0D,0A,0D,0
5467,2026-05-21 11:05:13.805,0,0,0,57,0,0,0,1,3,0,0,0,0,E3,8,0D
5468,2026-05-21 11:05:14.009,0A,0D,0,0,0,0,56,0,0,0,1,3,0,0,0,0
5469,2026-05-21 11:05:14.217,E3,8,0D,0A,0D,0,0,0,0,57,0,0,0,1,3,0
5470,2026-05-21 11:05:14.426,0,0,0,E5,8,0D,0A,0D,0,0,0,0,58,0,0,0
5471,2026-05-21 11:05:14.635,1,3,0,0,0,0,E5,8,0D,0A,0D,0,0,0,0,58
5472,2026-05-21 11:05:14.844,0,0,0,1,3,0,0,0,0,E5,8,0D,0A,0D,0,0
5473,2026-05-21 11:05:14.855,0,0,58,0,0,0,1,3,0,0,0,0,E3,8,0D,0A
5474,2026-05-21 11:05:15.060,0D,0,0,0,0,59,0,0,0,1,3,0,0,0,0,E5
5475,2026-05-21 11:05:15.269,8,0D,0A,0D,0,0,0,0,57,0,0,0,1,3,0,0
5476,2026-05-21 11:05:15.478,0,0,E5,8,0D,0A,0D,0,0,0,0,57,0,0,0,1
5477,2026-05-21 11:05:15.686,3,0,0,0,0,E5,8,0D,0A,0D,0,0,0,0,56,0
5478,2026-05-21 11:05:15.895,0,0,1,3,0,0,0,0,E5,8,0D,0A,0D,0,0,0
5479,2026-05-21 11:05:16.104,0,56,0,0,0,1,3,0,0,0,0,E5,8,0D,0A,0D
5480,2026-05-21 11:05:16.118,0,0,0,0,56,0,0,0,1,3,0,0,0,0,E5,8
5481,2026-05-21 11:05:16.321,0D,0A,0D,0,0,0,0,56,0,0,0,1,3,0,0,0
5482,2026-05-21 11:05:16.529,0,E5,8,0D,0A,0D,0,0,0,0,56,0,0,0,1,3
5483,2026-05-21 11:05:16.738,0,0,0,0,E5,8,0D,0A,0D,0,0,0,0,56,0,0
5484,2026-05-21 11:05:16.947,0,1,3,0,0,0,0,E5,8,0D,0A,0D,0,0,0,0
5485,2026-05-21 11:05:17.155,57,0,0,0,1,3,0,0,0,0,E5,8,0D,0A,0D,0
5486,2026-05-21 11:05:17.168,0,0,0,57,0,0,0,1,3,0,0,0,0,E5,8,0D
5487,2026-05-21 11:05:17.372,0A,0D,0,0,0,0,57,0,0,0,1,3,0,0,0,0
5488,2026-05-21 11:05:17.581,E5,8,0D,0A,0D,0,0,0,0,56,0,0,0,1,3,0
5489,2026-05-21 11:05:17.791,0,0,0,E3,8,0D,0A,0D,0,0,0,0,56,0,0,0
5490,2026-05-21 11:05:17.998,1,3,0,0,0,0,E5,8,0D,0A,0D,0,0,0,0,56
5491,2026-05-21 11:05:18.207,0,0,0,1,3,0,0,0,0,E5,8,0D,0A,0D,0,0
5492,2026-05-21 11:05:18.220,0,0,56,0,0,0,1,3,0,0,0,0,E3,8,0D,0A
5493,2026-05-21 11:05:18.424,0D,0,0,0,0,57,0,0,0,1,3,0,0,0,0,E5
5494,2026-05-21 11:05:18.632,8,0D,0A,0D,0,0,0,0,57,0,0,0,1,3,0,0
5495,2026-05-21 11:05:18.841,0,0,E5,8,0D,0A,0D,0,0,0,0,56,0,0,0,1
5496,2026-05-21 11:05:19.050,3,0,0,0,0,E5,8,0D,0A,0D,0,0,0,0,56,0
5497,2026-05-21 11:05:19.258,0,0,1,3,0,0,0,0,E5,8,0D,0A,0D,0,0,0
5498,2026-05-21 11:05:19.466,0,54,0,0,0,1,3,0,0,0,0,E5,8,0D,0A,0D
5499,2026-05-21 11:05:19.478,0,0,0,0,56,0,0,0,1,3,0,0,0,0,E5,8
5500,2026-05-21 11:05:19.689,0D,0A,0D,0,0,0,0,56,0,0,0,1,3,0,0,0
5501,2026-05-21 11:05:19.892,0,E3,8,0D,0A,0D,0,0,0,0,56,0,0,0,1,3
5502,2026-05-21 11:05:20.101,0,0,0,0,E7,8,0D,0A,0D,0,0,0,0,56,0,0
5503,2026-05-21 11:05:20.310,0,1,3,0,0,0,0,E5,8,0D,0A,0D,0,0,0,0
5504,2026-05-21 11:05:20.518,55,0,0,0,1,3,0,0,0,0,E5,8,0D,0A,0D,0
5505,2026-05-21 11:05:20.527,0,0,0,53,0,0,0,1,3,0,0,0,0,E5,8,0D
5506,2026-05-21 11:05:20.735,0A,0D,0,0,0,0,56,0,0,0,1,3,0,0,0,0
5507,2026-05-21 11:05:20.944,E5,8,0D,0A,0D,0,0,0,0,56,0,0,0,1,3,0
5508,2026-05-21 11:05:21.152,0,0,0,E5,8,0D,0A,0D,0,0,0,0,55,0,0,0
5509,2026-05-21 11:05:21.360,1,3,0,0,0,0,E5,8,0D,0A,0D,0,0,0,0,56
5510,2026-05-21 11:05:21.570,0,0,0,1,3,0,0,0,0,E5,8,0D,0A,0D,0,0
5511,2026-05-21 11:05:21.583,0,0,56,0,0,0,1,3,0,0,0,0,E5,8,0D,0A
5512,2026-05-21 11:05:21.786,0D,0,0,0,0,55,0,0,0,1,3,0,0,0,0,E3
5513,2026-05-21 11:05:21.994,8,0D,0A,0D,0,0,0,0,57,0,0,0,1,3,0,0
5514,2026-05-21 11:05:22.203,0,0,E3,8,0D,0A,0D,0,0,0,0,57,0,0,0,1
5515,2026-05-21 11:05:22.412,3,0,0,0,0,E3,8,0D,0A,0D,0,0,0,0,56,0
5516,2026-05-21 11:05:22.620,0,0,1,3,0,0,0,0,E5,8,0D,0A,0D,0,0,0
5517,2026-05-21 11:05:22.829,0,56,0,0,0,1,3,0,0,0,0,E5,8,0D,0A,0D
5518,2026-05-21 11:05:22.838,0,0,0,0,56,0,0,0,1,3,0,0,0,0,E5,8
5519,2026-05-21 11:05:23.046,0D,0A,0D,0,0,0,0,55,0,0,0,1,3,0,0,0
5520,2026-05-21 11:05:23.254,0,E5,8,0D,0A,0D,0,0,0,0,56,0,0,0,1,3
5521,2026-05-21 11:05:23.464,0,0,0,0,E5,8,0D,0A,0D,0,0,0,0,56,0,0
5522,2026-05-21 11:05:23.673,0,1,3,0,0,0,0,E5,8,0D,0A,0D,0,0,0,0
5523,2026-05-21 11:05:23.880,56,0,0,0,1,3,0,0,0,0,E3,8,0D,0A,0D,0
5524,2026-05-21 11:05:23.893,0,0,0,56,0,0,0,1,3,0,0,0,0,E5,8,0D
5525,2026-05-21 11:05:24.097,0A,0D,0,0,0,0,56,0,0,0,1,3,0,0,0,0
5526,2026-05-21 11:05:24.307,E5,8,0D,0A,0D,0,0,0,0,56,0,0,0,1,3,0
5527,2026-05-21 11:05:24.515,0,0,0,E5,8,0D,0A,0D,0,0,0,0,56,0,0,0
5528,2026-05-21 11:05:24.724,1,3,0,0,0,0,E7,8,0D,0A,0D,0,0,0,0,56
5529,2026-05-21 11:05:24.932,0,0,0,1,3,0,0,0,0,E5,8,0D,0A,0D,0,0
5530,2026-05-21 11:05:24.941,0,0,55,0,0,0,1,3,0,0,0,0,E7,8,0D,0A
5531,2026-05-21 11:05:25.148,0D,0,0,0,0,55,0,0,0,1,3,0,0,0,0,E5
5532,2026-05-21 11:05:25.357,8,0D,0A,0D,0,0,0,0,54,0,0,0,1,3,0,0
5533,2026-05-21 11:05:25.572,0,0,E5,8,0D,0A,0D,0,0,0,0,54,0,0,0,1
5534,2026-05-21 11:05:25.774,3,0,0,0,0,E5,8,0D,0A,0D,0,0,0,0,55,0
5535,2026-05-21 11:05:25.983,0,0,1,3,0,0,0,0,E3,8,0D,0A,0D,0,0,0
5536,2026-05-21 11:05:26.191,0,56,0,0,0,1,3,0,0,0,0,E5,8,0D,0A,0D
5537,2026-05-21 11:05:26.202,0,0,0,0,56,0,0,0,1,3,0,0,0,0,E5,8
5538,2026-05-21 11:05:26.409,0D,0A,0D,0,0,0,0,56,0,0,0,1,3,0,0,0
5539,2026-05-21 11:05:26.618,0,E3,8,0D,0A,0D,0,0,0,0,53,0,0,0,1,3
5540,2026-05-21 11:05:26.826,0,0,0,0,E5,8,0D,0A,0D,0,0,0,0,55,0,0
5541,2026-05-21 11:05:27.034,0,1,3,0,0,0,0,E5,8,0D,0A,0D,0,0,0,0
5542,2026-05-21 11:05:27.243,56,0,0,0,1,3,0,0,0,0,E5,8,0D,0A,0D,0
5543,2026-05-21 11:05:27.252,0,0,0,56,0,0,0,1,3,0,0,0,0,E5,8,0D
5544,2026-05-21 11:05:27.460,0A,0D,0,0,0,0,57,0,0,0,1,3,0,0,0,0
5545,2026-05-21 11:05:27.669,E5,8,0D,0A,0D,0,0,0,0,56,0,0,0,1,3,0
5546,2026-05-21 11:05:27.877,0,0,0,E5,8,0D,0A,0D,0,0,0,0,55,0,0,0
5547,2026-05-21 11:05:28.086,1,3,0,0,0,0,E3,8,0D,0A,0D,0,0,0,0,56
5548,2026-05-21 11:05:28.295,0,0,0,1,3,0,0,0,0,E5,8,0D,0A,0D,0,0
5549,2026-05-21 11:05:28.304,0,0,56,0,0,0,1,3,0,0,0,0,E5,8,0D,0A
5550,2026-05-21 11:05:28.512,0D,0,0,0,0,57,0,0,0,1,3,0,0,0,0,E5
5551,2026-05-21 11:05:28.720,8,0D,0A,0D,0,0,0,0,57,0,0,0,1,3,0,0
5552,2026-05-21 11:05:28.929,0,0,E5,8,0D,0A,0D,0,0,0,0,57,0,0,0,1
5553,2026-05-21 11:05:29.137,3,0,0,0,0,E5,8,0D,0A,0D,0,0,0,0,57,0
5554,2026-05-21 11:05:29.345,0,0,1,3,0,0,0,0,E5,8,0D,0A,0D,0,0,0
5555,2026-05-21 11:05:29.554,0,56,0,0,0,1,3,0,0,0,0,E3,8,0D,0A,0D
5556,2026-05-21 11:05:29.565,0,0,0,0,56,0,0,0,1,3,0,0,0,0,E5,8
5557,2026-05-21 11:05:29.772,0D,0A,0D,0,0,0,0,57,0,0,0,1,3,0,0,0
5558,2026-05-21 11:05:29.980,0,E5,8,0D,0A,0D,0,0,0,0,56,0,0,0,1,3
5559,2026-05-21 11:05:30.188,0,0,0,0,E5,8,0D,0A,0D,0,0,0,0,57,0,0
5560,2026-05-21 11:05:30.397,0,1,3,0,0,0,0,E5,8,0D,0A,0D,0,0,0,0
5561,2026-05-21 11:05:30.605,56,0,0,0,1,3,0,0,0,0,E3,8,0D,0A,0D,0
5562,2026-05-21 11:05:30.615,0,0,0,57,0,0,0,1,3,0,0,0,0,E5,8,0D
5563,2026-05-21 11:05:30.822,0A,0D,0,0,0,0,57,0,0,0,1,3,0,0,0,0
5564,2026-05-21 11:05:31.031,E3,8,0D,0A,0D,0,0,0,0,57,0,0,0,1,3,0
5565,2026-05-21 11:05:31.240,0,0,0,E5,8,0D,0A,0D,0,0,0,0,57,0,0,0
5566,2026-05-21 11:05:31.448,1,3,0,0,0,0,E3,8,0D,0A,0D,0,0,0,0,57
5567,2026-05-21 11:05:31.657,0,0,0,1,3,0,0,0,0,E5,8,0D,0A,0D,0,0
5568,2026-05-21 11:05:31.666,0,0,56,0,0,0,1,3,0,0,0,0,E5,8,0D,0A
5569,2026-05-21 11:05:31.874,0D,0,0,0,0,56,0,0,0,1,3,0,0,0,0,E3
5570,2026-05-21 11:05:32.082,8,0D,0A,0D,0,0,0,0,56,0,0,0,1,3,0,0
5571,2026-05-21 11:05:32.291,0,0,E5,8,0D,0A,0D,0,0,0,0,57,0,0,0,1
5572,2026-05-21 11:05:32.499,3,0,0,0,0,E5,8,0D,0A,0D,0,0,0,0,57,0
5573,2026-05-21 11:05:32.708,0,0,1,3,0,0,0,0,E5,8,0D,0A,0D,0,0,0
5574,2026-05-21 11:05:32.917,0,57,0,0,0,1,3,0,0,0,0,E5,8,0D,0A,0D
5575,2026-05-21 11:05:32.927,0,0,0,0,56,0,0,0,1,3,0,0,0,0,E5,8
5576,2026-05-21 11:05:33.133,0D,0A,0D,0,0,0,0,56,0,0,0,1,3,0,0,0
5577,2026-05-21 11:05:33.342,0,E5,8,0D,0A,0D,0,0,0,0,56,0,0,0,1,3
5578,2026-05-21 11:05:33.551,0,0,0,0,E7,8,0D,0A,0D,0,0,0,0,56,0,0
5579,2026-05-21 11:05:33.760,0,1,3,0,0,0,0,E5,8,0D,0A,0D,0,0,0,0
5580,2026-05-21 11:05:33.968,57,0,0,0,1,3,0,0,0,0,E5,8,0D,0A,0D,0
5581,2026-05-21 11:05:33.979,0,0,0,57,0,0,0,1,3,0,0,0,0,E5,8,0D
5582,2026-05-21 11:05:34.185,0A,0D,0,0,0,0,57,0,0,0,1,3,0,0,0,0
5583,2026-05-21 11:05:34.393,E5,8,0D,0A,0D,0,0,0,0,56,0,0,0,1,3,0
5584,2026-05-21 11:05:34.602,0,0,0,E3,8,0D,0A,0D,0,0,0,0,56,0,0,0
5585,2026-05-21 11:05:34.810,1,3,0,0,0,0,E5,8,0D,0A,0D,0,0,0,0,56
5586,2026-05-21 11:05:35.019,0,0,0,1,3,0,0,0,0,E5,8,0D,0A,0D,0,0
5587,2026-05-21 11:05:35.029,0,0,57,0,0,0,1,3,0,0,0,0,E5,8,0D,0A
5588,2026-05-21 11:05:35.237,0D,0,0,0,0,57,0,0,0,1,3,0,0,0,0,E5
5589,2026-05-21 11:05:35.444,8,0D,0A,0D,0,0,0,0,57,0,0,0,1,3,0,0
5590,2026-05-21 11:05:35.653,0,0,E7,8,0D,0A,0D,0,0,0,0,56,0,0,0,1
5591,2026-05-21 11:05:35.862,3,0,0,0,0,E3,8,0D,0A,0D,0,0,0,0,56,0
5592,2026-05-21 11:05:36.071,0,0,1,3,0,0,0,0,E3,8,0D,0A,0D,0,0,0
5593,2026-05-21 11:05:36.281,0,56,0,0,0,1,3,0,0,0,0,E5,8,0D,0A,0D
5594,2026-05-21 11:05:36.296,0,0,0,0,57,0,0,0,1,3,0,0,0,0,E5,8
5595,2026-05-21 11:05:36.496,0D,0A,0D,0,0,0,0,57,0,0,0,1,3,0,0,0
5596,2026-05-21 11:05:36.705,0,E3,8,0D,0A,0D,0,0,0,0,57,0,0,0,1,3
5597,2026-05-21 11:05:36.914,0,0,0,0,E5,8,0D,0A,0D,0,0,0,0,56,0,0
5598,2026-05-21 11:05:37.122,0,1,3,0,0,0,0,E5,8,0D,0A,0D,0,0,0,0
5599,2026-05-21 11:05:37.331,56,0,0,0,1,3,0,0,0,0,E5,8,0D,0A,0D,0
5600,2026-05-21 11:05:37.340,0,0,0,56,0,0,0,1,3,0,0,0,0,E5,8,0D
5601,2026-05-21 11:05:37.547,0A,0D,0,0,0,0,57,0,0,0,1,3,0,0,0,0
5602,2026-05-21 11:05:37.756,E5,8,0D,0A,0D,0,0,0,0,57,0,0,0,1,3,0
5603,2026-05-21 11:05:37.965,0,0,0,E5,8,0D,0A,0D,0,0,0,0,57,0,0,0
5604,2026-05-21 11:05:38.174,1,3,0,0,0,0,E3,8,0D,0A,0D,0,0,0,0,56
5605,2026-05-21 11:05:38.388,0,0,0,1,3,0,0,0,0,E5,8,0D,0A,0D,0,0
5606,2026-05-21 11:05:38.401,0,0,56,0,0,0,1,3,0,0,0,0,E5,8,0D,0A
5607,2026-05-21 11:05:38.599,0D,0,0,0,0,56,0,0,0,1,3,0,0,0,0,E5
5608,2026-05-21 11:05:38.808,8,0D,0A,0D,0,0,0,0,57,0,0,0,1,3,0,0
5609,2026-05-21 11:05:39.017,0,0,E5,8,0D,0A,0D,0,0,0,0,57,0,0,0,1
5610,2026-05-21 11:05:39.226,3,0,0,0,0,E5,8,0D,0A,0D,0,0,0,0,57,0
5611,2026-05-21 11:05:39.434,0,0,1,3,0,0,0,0,E5,8,0D,0A,0D,0,0,0
5612,2026-05-21 11:05:39.642,0,56,0,0,0,1,3,0,0,0,0,E5,8,0D,0A,0D
5613,2026-05-21 11:05:39.651,0,0,0,0,56,0,0,0,1,3,0,0,0,0,E3,8
5614,2026-05-21 11:05:39.860,0D,0A,0D,0,0,0,0,56,0,0,0,1,3,0,0,0
5615,2026-05-21 11:05:40.068,0,E5,8,0D,0A,0D,0,0,0,0,56,0,0,0,1,3
5616,2026-05-21 11:05:40.277,0,0,0,0,E5,8,0D,0A,0D,0,0,0,0,56,0,0
5617,2026-05-21 11:05:40.486,0,1,3,0,0,0,0,E5,8,0D,0A,0D,0,0,0,0
5618,2026-05-21 11:05:40.694,56,0,0,0,1,3,0,0,0,0,E5,8,0D,0A,0D,0
5619,2026-05-21 11:05:40.703,0,0,0,56,0,0,0,1,3,0,0,0,0,E5,8,0D
5620,2026-05-21 11:05:40.911,0A,0D,0,0,0,0,56,0,0,0,1,3,0,0,0,0
5621,2026-05-21 11:05:41.119,E5,8,0D,0A,0D,0,0,0,0,56,0,0,0,1,3,0
5622,2026-05-21 11:05:41.328,0,0,0,E7,8,0D,0A,0D,0,0,0,0,56,0,0,0
5623,2026-05-21 11:05:41.536,1,3,0,0,0,0,E5,8,0D,0A,0D,0,0,0,0,57
5624,2026-05-21 11:05:41.745,0,0,0,1,3,0,0,0,0,E5,8,0D,0A,0D,0,0
5625,2026-05-21 11:05:41.753,0,0,56,0,0,0,1,3,0,0,0,0,E5,8,0D,0A
5626,2026-05-21 11:05:41.962,0D,0,0,0,0,56,0,0,0,1,3,0,0,0,0,E5
5627,2026-05-21 11:05:42.171,8,0D,0A,0D,0,0,0,0,56,0,0,0,1,3,0,0
5628,2026-05-21 11:05:42.380,0,0,E5,8,0D,0A,0D,0,0,0,0,56,0,0,0,1
5629,2026-05-21 11:05:42.588,3,0,0,0,0,E5,8,0D,0A,0D,0,0,0,0,56,0
5630,2026-05-21 11:05:42.797,0,0,1,3,0,0,0,0,E5,8,0D,0A,0D,0,0,0
5631,2026-05-21 11:05:43.005,0,57,0,0,0,1,3,0,0,0,0,E3,8,0D,0A,0D
5632,2026-05-21 11:05:43.020,0,0,0,0,56,0,0,0,1,3,0,0,0,0,E3,8
5633,2026-05-21 11:05:43.223,0D,0A,0D,0,0,0,0,56,0,0,0,1,3,0,0,0
5634,2026-05-21 11:05:43.430,0,E5,8,0D,0A,0D,0,0,0,0,56,0,0,0,1,3
5635,2026-05-21 11:05:43.640,0,0,0,0,E5,8,0D,0A,0D,0,0,0,0,56,0,0
5636,2026-05-21 11:05:43.877,0,1,3,0,0,0,0,E5,8,0D,0A,0D,0,0,0,0
5637,2026-05-21 11:05:44.056,57,0,0,0,1,3,0,0,0,0,E3,8,0D,0A,0D,0
5638,2026-05-21 11:05:44.065,0,0,0,57,0,0,0,1,3,0,0,0,0,E5,8,0D
5639,2026-05-21 11:05:44.274,0A,0D,0,0,0,0,57,0,0,0,1,3,0,0,0,0
5640,2026-05-21 11:05:44.483,E5,8,0D,0A,0D,0,0,0,0,56,0,0,0,1,3,0
5641,2026-05-21 11:05:44.691,0,0,0,E5,8,0D,0A,0D,0,0,0,0,56,0,0,0
5642,2026-05-21 11:05:44.899,1,3,0,0,0,0,E5,8,0D,0A,0D,0,0,0,0,56
5643,2026-05-21 11:05:45.108,0,0,0,1,3,0,0,0,0,E5,8,0D,0A,0D,0,0
5644,2026-05-21 11:05:45.121,0,0,56,0,0,0,1,3,0,0,0,0,E5,8,0D,0A
5645,2026-05-21 11:05:45.325,0D,0,0,0,0,56,0,0,0,1,3,0,0,0,0,E5
5646,2026-05-21 11:05:45.533,8,0D,0A,0D,0,0,0,0,56,0,0,0,1,3,0,0
5647,2026-05-21 11:05:45.742,0,0,E3,8,0D,0A,0D,0,0,0,0,55,0,0,0,1
5648,2026-05-21 11:05:45.950,3,0,0,0,0,E3,8,0D,0A,0D,0,0,0,0,55,0
5649,2026-05-21 11:05:46.159,0,0,1,3,0,0,0,0,E5,8,0D,0A,0D,0,0,0
5650,2026-05-21 11:05:46.368,0,55,0,0,0,1,3,0,0,0,0,E5,8,0D,0A,0D
5651,2026-05-21 11:05:46.377,0,0,0,0,56,0,0,0,1,3,0,0,0,0,E3,8
5652,2026-05-21 11:05:46.585,0D,0A,0D,0,0,0,0,56,0,0,0,1,3,0,0,0
5653,2026-05-21 11:05:46.793,0,E5,8,0D,0A,0D,0,0,0,0,55,0,0,0,1,3
5654,2026-05-21 11:05:47.002,0,0,0,0,E5,8,0D,0A,0D,0,0,0,0,56,0,0
5655,2026-05-21 11:05:47.210,0,1,3,0,0,0,0,E5,8,0D,0A,0D,0,0,0,0
5656,2026-05-21 11:05:47.419,56,0,0,0,1,3,0,0,0,0,E5,8,0D,0A,0D,0
5657,2026-05-21 11:05:47.428,0,0,0,57,0,0,0,1,3,0,0,0,0,E3,8,0D
5658,2026-05-21 11:05:47.636,0A,0D,0,0,0,0,57,0,0,0,1,3,0,0,0,0
5659,2026-05-21 11:05:47.845,E5,8,0D,0A,0D,0,0,0,0,57,0,0,0,1,3,0
5660,2026-05-21 11:05:48.053,0,0,0,E7,8,0D,0A,0D,0,0,0,0,58,0,0,0
5661,2026-05-21 11:05:48.262,1,3,0,0,0,0,E3,8,0D,0A,0D,0,0,0,0,57
5662,2026-05-21 11:05:48.471,0,0,0,1,3,0,0,0,0,E5,8,0D,0A,0D,0,0
5663,2026-05-21 11:05:48.484,0,0,57,0,0,0,1,3,0,0,0,0,E5,8,0D,0A
5664,2026-05-21 11:05:48.688,0D,0,0,0,0,56,0,0,0,1,3,0,0,0,0,E5
5665,2026-05-21 11:05:48.896,8,0D,0A,0D,0,0,0,0,57,0,0,0,1,3,0,0
5666,2026-05-21 11:05:49.105,0,0,E5,8,0D,0A,0D,0,0,0,0,57,0,0,0,1
5667,2026-05-21 11:05:49.314,3,0,0,0,0,E5,8,0D,0A,0D,0,0,0,0,57,0
5668,2026-05-21 11:05:49.522,0,0,1,3,0,0,0,0,E5,8,0D,0A,0D,0,0,0
5669,2026-05-21 11:05:49.731,0,57,0,0,0,1,3,0,0,0,0,E5,8,0D,0A,0D
5670,2026-05-21 11:05:49.741,0,0,0,0,57,0,0,0,1,3,0,0,0,0,E5,8
5671,2026-05-21 11:05:49.948,0D,0A,0D,0,0,0,0,56,0,0,0,1,3,0,0,0
5672,2026-05-21 11:05:50.157,0,E7,8,0D,0A,0D,0,0,0,0,58,0,0,0,1,3
5673,2026-05-21 11:05:50.365,0,0,0,0,E5,8,0D,0A,0D,0,0,0,0,57,0,0
5674,2026-05-21 11:05:50.574,0,1,3,0,0,0,0,E5,8,0D,0A,0D,0,0,0,0
5675,2026-05-21 11:05:50.783,58,0,0,0,1,3,0,0,0,0,E5,8,0D,0A,0D,0
5676,2026-05-21 11:05:50.793,0,0,0,57,0,0,0,1,3,0,0,0,0,E5,8,0D
5677,2026-05-21 11:05:51.000,0A,0D,0,0,0,0,57,0,0,0,1,3,0,0,0,0
5678,2026-05-21 11:05:51.208,E5,8,0D,0A,0D,0,0,0,0,57,0,0,0,1,3,0
5679,2026-05-21 11:05:51.417,0,0,0,E5,8,0D,0A,0D,0,0,0,0,58,0,0,0
5680,2026-05-21 11:05:51.625,1,3,0,0,0,0,E5,8,0D,0A,0D,0,0,0,0,58
5681,2026-05-21 11:05:51.833,0,0,0,1,3,0,0,0,0,E5,8,0D,0A,0D,0,0
5682,2026-05-21 11:05:51.845,0,0,59,0,0,0,1,3,0,0,0,0,E5,8,0D,0A
5683,2026-05-21 11:05:52.051,0D,0,0,0,0,59,0,0,0,1,3,0,0,0,0,E5
5684,2026-05-21 11:05:52.260,8,0D,0A,0D,0,0,0,0,58,0,0,0,1,3,0,0
5685,2026-05-21 11:05:52.468,0,0,E5,8,0D,0A,0D,0,0,0,0,58,0,0,0,1
5686,2026-05-21 11:05:52.676,3,0,0,0,0,E5,8,0D,0A,0D,0,0,0,0,58,0
5687,2026-05-21 11:05:52.885,0,0,1,3,0,0,0,0,E5,8,0D,0A,0D,0,0,0
5688,2026-05-21 11:05:53.094,0,59,0,0,0,1,3,0,0,0,0,E5,8,0D,0A,0D
5689,2026-05-21 11:05:53.103,0,0,0,0,59,0,0,0,1,3,0,0,0,0,E5,8
5690,2026-05-21 11:05:53.310,0D,0A,0D,0,0,0,0,59,0,0,0,1,3,0,0,0
5691,2026-05-21 11:05:53.519,0,E3,8,0D,0A,0D,0,0,0,0,58,0,0,0,1,3
5692,2026-05-21 11:05:53.728,0,0,0,0,E5,8,0D,0A,0D,0,0,0,0,58,0,0
5693,2026-05-21 11:05:53.937,0,1,3,0,0,0,0,E5,8,0D,0A,0D,0,0,0,0
5694,2026-05-21 11:05:54.145,58,0,0,0,1,3,0,0,0,0,E5,8,0D,0A,0D,0
5695,2026-05-21 11:05:54.154,0,0,0,59,0,0,0,1,3,0,0,0,0,E5,8,0D
5696,2026-05-21 11:05:54.362,0A,0D,0,0,0,0,59,0,0,0,1,3,0,0,0,0
5697,2026-05-21 11:05:54.571,E5,8,0D,0A,0D,0,0,0,0,59,0,0,0,1,3,0
5698,2026-05-21 11:05:54.779,0,0,0,E5,8,0D,0A,0D,0,0,0,0,58,0,0,0
5699,2026-05-21 11:05:54.988,1,3,0,0,0,0,E5,8,0D,0A,0D,0,0,0,0,56
5700,2026-05-21 11:05:55.197,0,0,0,1,3,0,0,0,0,E5,8,0D,0A,0D,0,0
5701,2026-05-21 11:05:55.206,0,0,57,0,0,0,1,3,0,0,0,0,E5,8,0D,0A
5702,2026-05-21 11:05:55.413,0D,0,0,0,0,58,0,0,0,1,3,0,0,0,0,E3
5703,2026-05-21 11:05:55.623,8,0D,0A,0D,0,0,0,0,58,0,0,0,1,3,0,0
5704,2026-05-21 11:05:55.831,0,0,E5,8,0D,0A,0D,0,0,0,0,59,0,0,0,1
5705,2026-05-21 11:05:56.039,3,0,0,0,0,E5,8,0D,0A,0D,0,0,0,0,58,0
5706,2026-05-21 11:05:56.248,0,0,1,3,0,0,0,0,E5,8,0D,0A,0D,0,0,0
5707,2026-05-21 11:05:56.456,0,58,0,0,0,1,3,0,0,0,0,E5,8,0D,0A,0D
5708,2026-05-21 11:05:56.470,0,0,0,0,58,0,0,0,1,3,0,0,0,0,E5,8
5709,2026-05-21 11:05:56.673,0D,0A,0D,0,0,0,0,58,0,0,0,1,3,0,0,0
5710,2026-05-21 11:05:56.882,0,E5,8,0D,0A,0D,0,0,0,0,57,0,0,0,1,3
5711,2026-05-21 11:05:57.092,0,0,0,0,E5,8,0D,0A,0D,0,0,0,0,57,0,0
5712,2026-05-21 11:05:57.300,0,1,3,0,0,0,0,E7,8,0D,0A,0D,0,0,0,0
5713,2026-05-21 11:05:57.509,56,0,0,0,1,3,0,0,0,0,E5,8,0D,0A,0D,0
5714,2026-05-21 11:05:57.517,0,0,0,58,0,0,0,1,3,0,0,0,0,E5,8,0D
5715,2026-05-21 11:05:57.725,0A,0D,0,0,0,0,56,0,0,0,1,3,0,0,0,0
5716,2026-05-21 11:05:57.933,E5,8,0D,0A,0D,0,0,0,0,56,0,0,0,1,3,0
5717,2026-05-21 11:05:58.152,0,0,0,E5,8,0D,0A,0D,0,0,0,0,56,0,0,0
5718,2026-05-21 11:05:58.351,1,3,0,0,0,0,E5,8,0D,0A,0D,0,0,0,0,57
5719,2026-05-21 11:05:58.559,0,0,0,1,3,0,0,0,0,E5,8,0D,0A,0D,0,0
5720,2026-05-21 11:05:58.570,0,0,57,0,0,0,1,3,0,0,0,0,E5,8,0D,0A
5721,2026-05-21 11:05:58.776,0D,0,0,0,0,56,0,0,0,1,3,0,0,0,0,E5
5722,2026-05-21 11:05:58.985,8,0D,0A,0D,0,0,0,0,56,0,0,0,1,3,0,0
5723,2026-05-21 11:05:59.193,0,0,E5,8,0D,0A,0D,0,0,0,0,57,0,0,0,1
5724,2026-05-21 11:05:59.402,3,0,0,0,0,E7,8,0D,0A,0D,0,0,0,0,56,0
5725,2026-05-21 11:05:59.611,0,0,1,3,0,0,0,0,E5,8,0D,0A,0D,0,0,0
5726,2026-05-21 11:05:59.820,0,56,0,0,0,1,3,0,0,0,0,E5,8,0D,0A,0D
5727,2026-05-21 11:05:59.830,0,0,0,0,56,0,0,0,1,3,0,0,0,0,E7,8
5728,2026-05-21 11:06:00.036,0D,0A,0D,0,0,0,0,57,0,0,0,1,3,0,0,0
5729,2026-05-21 11:06:00.245,0,E5,8,0D,0A,0D,0,0,0,0,57,0,0,0,1,3
5730,2026-05-21 11:06:00.454,0,0,0,0,E5,8,0D,0A,0D,0,0,0,0,57,0,0
5731,2026-05-21 11:06:00.663,0,1,3,0,0,0,0,E5,8,0D,0A,0D,0,0,0,0
5732,2026-05-21 11:06:00.872,57,0,0,0,1,3,0,0,0,0,E5,8,0D,0A,0D,0
5733,2026-05-21 11:06:00.881,0,0,0,56,0,0,0,1,3,0,0,0,0,E7,8,0D
5734,2026-05-21 11:06:01.088,0A,0D,0,0,0,0,54,0,0,0,1,3,0,0,0,0
5735,2026-05-21 11:06:01.296,E5,8,0D,0A,0D,0,0,0,0,55,0,0,0,1,3,0
5736,2026-05-21 11:06:01.505,0,0,0,E5,8,0D,0A,0D,0,0,0,0,55,0,0,0
5737,2026-05-21 11:06:01.714,1,3,0,0,0,0,E7,8,0D,0A,0D,0,0,0,0,55
5738,2026-05-21 11:06:01.922,0,0,0,1,3,0,0,0,0,E5,8,0D,0A,0D,0,0
5739,2026-05-21 11:06:01.935,0,0,55,0,0,0,1,3,0,0,0,0,E5,8,0D,0A
5740,2026-05-21 11:06:02.139,0D,0,0,0,0,55,0,0,0,1,3,0,0,0,0,E5
5741,2026-05-21 11:06:02.348,8,0D,0A,0D,0,0,0,0,54,0,0,0,1,3,0,0
5742,2026-05-21 11:06:02.556,0,0,E5,8,0D,0A,0D,0,0,0,0,54,0,0,0,1
5743,2026-05-21 11:06:02.765,3,0,0,0,0,E5,8,0D,0A,0D,0,0,0,0,55,0
5744,2026-05-21 11:06:02.973,0,0,1,3,0,0,0,0,E3,8,0D,0A,0D,0,0,0
5745,2026-05-21 11:06:03.182,0,55,0,0,0,1,3,0,0,0,0,E7,8,0D,0A,0D
5746,2026-05-21 11:06:03.192,0,0,0,0,55,0,0,0,1,3,0,0,0,0,E3,8
5747,2026-05-21 11:06:03.399,0D,0A,0D,0,0,0,0,56,0,0,0,1,3,0,0,0
5748,2026-05-21 11:06:03.609,0,E5,8,0D,0A,0D,0,0,0,0,55,0,0,0,1,3
5749,2026-05-21 11:06:03.816,0,0,0,0,E5,8,0D,0A,0D,0,0,0,0,55,0,0
5750,2026-05-21 11:06:04.025,0,1,3,0,0,0,0,E5,8,0D,0A,0D,0,0,0,0
5751,2026-05-21 11:06:04.233,55,0,0,0,1,3,0,0,0,0,E5,8,0D,0A,0D,0
5752,2026-05-21 11:06:04.243,0,0,0,56,0,0,0,1,3,0,0,0,0,E5,8,0D
5753,2026-05-21 11:06:04.450,0A,0D,0,0,0,0,56,0,0,0,1,3,0,0,0,0
5754,2026-05-21 11:06:04.659,E5,8,0D,0A,0D,0,0,0,0,56,0,0,0,1,3,0
5755,2026-05-21 11:06:04.867,0,0,0,E5,8,0D,0A,0D,0,0,0,0,56,0,0,0
5756,2026-05-21 11:06:05.076,1,3,0,0,0,0,E5,8,0D,0A,0D,0,0,0,0,56
5757,2026-05-21 11:06:05.285,0,0,0,1,3,0,0,0,0,E5,8,0D,0A,0D,0,0
5758,2026-05-21 11:06:05.294,0,0,56,0,0,0,1,3,0,0,0,0,E5,8,0D,0A
5759,2026-05-21 11:06:05.502,0D,0,0,0,0,56,0,0,0,1,3,0,0,0,0,E3
5760,2026-05-21 11:06:05.710,8,0D,0A,0D,0,0,0,0,56,0,0,0,1,3,0,0
5761,2026-05-21 11:06:05.919,0,0,E5,8,0D,0A,0D,0,0,0,0,56,0,0,0,1
5762,2026-05-21 11:06:06.128,3,0,0,0,0,E5,8,0D,0A,0D,0,0,0,0,56,0
5763,2026-05-21 11:06:06.336,0,0,1,3,0,0,0,0,E5,8,0D,0A,0D,0,0,0
5764,2026-05-21 11:06:06.544,0,56,0,0,0,1,3,0,0,0,0,E5,8,0D,0A,0D
5765,2026-05-21 11:06:06.553,0,0,0,0,56,0,0,0,1,3,0,0,0,0,E5,8
5766,2026-05-21 11:06:06.761,0D,0A,0D,0,0,0,0,56,0,0,0,1,3,0,0,0
5767,2026-05-21 11:06:06.970,0,E5,8,0D,0A,0D,0,0,0,0,56,0,0,0,1,3
5768,2026-05-21 11:06:07.178,0,0,0,0,E5,8,0D,0A,0D,0,0,0,0,57,0,0
5769,2026-05-21 11:06:07.387,0,1,3,0,0,0,0,E7,8,0D,0A,0D,0,0,0,0
5770,2026-05-21 11:06:07.595,57,0,0,0,1,3,0,0,0,0,E5,8,0D,0A,0D,0
5771,2026-05-21 11:06:07.606,0,0,0,57,0,0,0,1,3,0,0,0,0,E5,8,0D
5772,2026-05-21 11:06:07.812,0A,0D,0,0,0,0,57,0,0,0,1,3,0,0,0,0
5773,2026-05-21 11:06:08.021,E5,8,0D,0A,0D,0,0,0,0,57,0,0,0,1,3,0
5774,2026-05-21 11:06:08.230,0,0,0,E5,8,0D,0A,0D,0,0,0,0,57,0,0,0
5775,2026-05-21 11:06:08.439,1,3,0,0,0,0,E5,8,0D,0A,0D,0,0,0,0,57
5776,2026-05-21 11:06:08.648,0,0,0,1,3,0,0,0,0,E5,8,0D,0A,0D,0,0
5777,2026-05-21 11:06:08.658,0,0,57,0,0,0,1,3,0,0,0,0,E5,8,0D,0A
5778,2026-05-21 11:06:08.864,0D,0,0,0,0,56,0,0,0,1,3,0,0,0,0,E5
5779,2026-05-21 11:06:09.073,8,0D,0A,0D,0,0,0,0,56,0,0,0,1,3,0,0
5780,2026-05-21 11:06:09.281,0,0,E5,8,0D,0A,0D,0,0,0,0,56,0,0,0,1
5781,2026-05-21 11:06:09.490,3,0,0,0,0,E5,8,0D,0A,0D,0,0,0,0,56,0
5782,2026-05-21 11:06:09.699,0,0,1,3,0,0,0,0,E5,8,0D,0A,0D,0,0,0
5783,2026-05-21 11:06:09.908,0,56,0,0,0,1,3,0,0,0,0,E5,8,0D,0A,0D
5784,2026-05-21 11:06:09.918,0,0,0,0,57,0,0,0,1,3,0,0,0,0,E5,8
5785,2026-05-21 11:06:10.124,0D,0A,0D,0,0,0,0,56,0,0,0,1,3,0,0,0
5786,2026-05-21 11:06:10.333,0,E5,8,0D,0A,0D,0,0,0,0,56,0,0,0,1,3
5787,2026-05-21 11:06:10.542,0,0,0,0,E5,8,0D,0A,0D,0,0,0,0,56,0,0
5788,2026-05-21 11:06:10.750,0,1,3,0,0,0,0,E5,8,0D,0A,0D,0,0,0,0
5789,2026-05-21 11:06:10.959,59,0,0,0,1,3,0,0,0,0,E3,8,0D,0A,0D,0
5790,2026-05-21 11:06:10.972,0,0,0,58,0,0,0,1,3,0,0,0,0,E5,8,0D
5791,2026-05-21 11:06:11.177,0A,0D,0,0,0,0,57,0,0,0,1,3,0,0,0,0
5792,2026-05-21 11:06:11.385,E5,8,0D,0A,0D,0,0,0,0,57,0,0,0,1,3,0
5793,2026-05-21 11:06:11.593,0,0,0,E5,8,0D,0A,0D,0,0,0,0,57,0,0,0
5794,2026-05-21 11:06:11.802,1,3,0,0,0,0,E5,8,0D,0A,0D,0,0,0,0,58
5795,2026-05-21 11:06:12.010,0,0,0,1,3,0,0,0,0,E5,8,0D,0A,0D,0,0
5796,2026-05-21 11:06:12.019,0,0,57,0,0,0,1,3,0,0,0,0,E5,8,0D,0A
5797,2026-05-21 11:06:12.227,0D,0,0,0,0,59,0,0,0,1,3,0,0,0,0,E5
5798,2026-05-21 11:06:12.436,8,0D,0A,0D,0,0,0,0,57,0,0,0,1,3,0,0
5799,2026-05-21 11:06:12.645,0,0,E5,8,0D,0A,0D,0,0,0,0,57,0,0,0,1
5800,2026-05-21 11:06:12.845,3,0,0,0,0,E5,8,0D,0A,0D,0,0,0,0,57,0
5801,2026-05-21 11:06:13.061,0,0,1,3,0,0,0,0,E5,8,0D,0A,0D,0,0,0
5802,2026-05-21 11:06:13.270,0,57,0,0,0,1,3,0,0,0,0,E5,8,0D,0A,0D
5803,2026-05-21 11:06:13.278,0,0,0,0,58,0,0,0,1,3,0,0,0,0,E5,8
5804,2026-05-21 11:06:13.487,0D,0A,0D,0,0,0,0,58,0,0,0,1,3,0,0,0
5805,2026-05-21 11:06:13.696,0,E5,8,0D,0A,0D,0,0,0,0,58,0,0,0,1,3
5806,2026-05-21 11:06:13.904,0,0,0,0,E5,8,0D,0A,0D,0,0,0,0,57,0,0
5807,2026-05-21 11:06:14.113,0,1,3,0,0,0,0,E5,8,0D,0A,0D,0,0,0,0
5808,2026-05-21 11:06:14.322,57,0,0,0,1,3,0,0,0,0,E5,8,0D,0A,0D,0
5809,2026-05-21 11:06:14.332,0,0,0,57,0,0,0,1,3,0,0,0,0,E5,8,0D
5810,2026-05-21 11:06:14.539,0A,0D,0,0,0,0,58,0,0,0,1,3,0,0,0,0
5811,2026-05-21 11:06:14.748,E5,8,0D,0A,0D,0,0,0,0,58,0,0,0,1,3,0
5812,2026-05-21 11:06:14.956,0,0,0,E5,8,0D,0A,0D,0,0,0,0,58,0,0,0
5813,2026-05-21 11:06:15.164,1,3,0,0,0,0,E3,8,0D,0A,0D,0,0,0,0,57
5814,2026-05-21 11:06:15.373,0,0,0,1,3,0,0,0,0,E5,8,0D,0A,0D,0,0
5815,2026-05-21 11:06:15.385,0,0,57,0,0,0,1,3,0,0,0,0,E5,8,0D,0A
5816,2026-05-21 11:06:15.590,0D,0,0,0,0,57,0,0,0,1,3,0,0,0,0,E5
5817,2026-05-21 11:06:15.798,8,0D,0A,0D,0,0,0,0,57,0,0,0,1,3,0,0
5818,2026-05-21 11:06:16.008,0,0,E5,8,0D,0A,0D,0,0,0,0,58,0,0,0,1
5819,2026-05-21 11:06:16.215,3,0,0,0,0,E5,8,0D,0A,0D,0,0,0,0,58,0
5820,2026-05-21 11:06:16.424,0,0,1,3,0,0,0,0,E3,8,0D,0A,0D,0,0,0
5821,2026-05-21 11:06:16.632,0,57,0,0,0,1,3,0,0,0,0,E5,8,0D,0A,0D
5822,2026-05-21 11:06:16.645,0,0,0,0,57,0,0,0,1,3,0,0,0,0,E7,8
5823,2026-05-21 11:06:16.849,0D,0A,0D,0,0,0,0,57,0,0,0,1,3,0,0,0
5824,2026-05-21 11:06:17.059,0,E5,8,0D,0A,0D,0,0,0,0,57,0,0,0,1,3
5825,2026-05-21 11:06:17.267,0,0,0,0,E5,8,0D,0A,0D,0,0,0,0,58,0,0
5826,2026-05-21 11:06:17.476,0,1,3,0,0,0,0,E5,8,0D,0A,0D,0,0,0,0
5827,2026-05-21 11:06:17.684,57,0,0,0,1,3,0,0,0,0,E5,8,0D,0A,0D,0
5828,2026-05-21 11:06:17.694,0,0,0,57,0,0,0,1,3,0,0,0,0,E5,8,0D
5829,2026-05-21 11:06:17.901,0A,0D,0,0,0,0,57,0,0,0,1,3,0,0,0,0
5830,2026-05-21 11:06:18.109,E3,8,0D,0A,0D,0,0,0,0,57,0,0,0,1,3,0
5831,2026-05-21 11:06:18.318,0,0,0,E3,8,0D,0A,0D,0,0,0,0,59,0,0,0
5832,2026-05-21 11:06:18.527,1,3,0,0,0,0,E5,8,0D,0A,0D,0,0,0,0,5A
5833,2026-05-21 11:06:18.735,0,0,0,1,3,0,0,0,0,E5,8,0D,0A,0D,0,0
5834,2026-05-21 11:06:18.745,0,0,5A,0,0,0,1,3,0,0,0,0,E5,8,0D,0A
5835,2026-05-21 11:06:18.953,0D,0,0,0,0,59,0,0,0,1,3,0,0,0,0,E5
5836,2026-05-21 11:06:19.162,8,0D,0A,0D,0,0,0,0,59,0,0,0,1,3,0,0
5837,2026-05-21 11:06:19.370,0,0,E5,8,0D,0A,0D,0,0,0,0,58,0,0,0,1
5838,2026-05-21 11:06:19.579,3,0,0,0,0,E5,8,0D,0A,0D,0,0,0,0,59,0
5839,2026-05-21 11:06:19.787,0,0,1,3,0,0,0,0,E5,8,0D,0A,0D,0,0,0
5840,2026-05-21 11:06:19.996,0,59,0,0,0,1,3,0,0,0,0,E3,8,0D,0A,0D
5841,2026-05-21 11:06:20.006,0,0,0,0,59,0,0,0,1,3,0,0,0,0,E5,8
5842,2026-05-21 11:06:20.212,0D,0A,0D,0,0,0,0,59,0,0,0,1,3,0,0,0
5843,2026-05-21 11:06:20.421,0,E5,8,0D,0A,0D,0,0,0,0,58,0,0,0,1,3
5844,2026-05-21 11:06:20.630,0,0,0,0,E5,8,0D,0A,0D,0,0,0,0,58,0,0
5845,2026-05-21 11:06:20.838,0,1,3,0,0,0,0,E5,8,0D,0A,0D,0,0,0,0
5846,2026-05-21 11:06:21.047,59,0,0,0,1,3,0,0,0,0,E5,8,0D,0A,0D,0
5847,2026-05-21 11:06:21.056,0,0,0,59,0,0,0,1,3,0,0,0,0,E7,8,0D
5848,2026-05-21 11:06:21.264,0A,0D,0,0,0,0,59,0,0,0,1,3,0,0,0,0
5849,2026-05-21 11:06:21.473,E5,8,0D,0A,0D,0,0,0,0,59,0,0,0,1,3,0
5850,2026-05-21 11:06:21.681,0,0,0,E5,8,0D,0A,0D,0,0,0,0,59,0,0,0
5851,2026-05-21 11:06:21.890,1,3,0,0,0,0,E5,8,0D,0A,0D,0,0,0,0,59
5852,2026-05-21 11:06:22.098,0,0,0,1,3,0,0,0,0,E5,8,0D,0A,0D,0,0
5853,2026-05-21 11:06:22.108,0,0,58,0,0,0,1,3,0,0,0,0,E7,8,0D,0A
5854,2026-05-21 11:06:22.316,0D,0,0,0,0,59,0,0,0,1,3,0,0,0,0,E5
5855,2026-05-21 11:06:22.525,8,0D,0A,0D,0,0,0,0,59,0,0,0,1,3,0,0
5856,2026-05-21 11:06:22.732,0,0,E5,8,0D,0A,0D,0,0,0,0,59,0,0,0,1
5857,2026-05-21 11:06:22.942,3,0,0,0,0,E5,8,0D,0A,0D,0,0,0,0,58,0
5858,2026-05-21 11:06:23.150,0,0,1,3,0,0,0,0,E5,8,0D,0A,0D,0,0,0
5859,2026-05-21 11:06:23.359,0,58,0,0,0,1,3,0,0,0,0,E5,8,0D,0A,0D
5860,2026-05-21 11:06:23.369,0,0,0,0,59,0,0,0,1,3,0,0,0,0,E5,8
5861,2026-05-21 11:06:23.575,0D,0A,0D,0,0,0,0,59,0,0,0,1,3,0,0,0
5862,2026-05-21 11:06:23.784,0,E5,8,0D,0A,0D,0,0,0,0,59,0,0,0,1,3
5863,2026-05-21 11:06:23.993,0,0,0,0,E3,8,0D,0A,0D,0,0,0,0,59,0,0
5864,2026-05-21 11:06:24.201,0,1,3,0,0,0,0,E5,8,0D,0A,0D,0,0,0,0
5865,2026-05-21 11:06:24.410,59,0,0,0,1,3,0,0,0,0,E5,8,0D,0A,0D,0
5866,2026-05-21 11:06:24.420,0,0,0,59,0,0,0,1,3,0,0,0,0,E5,8,0D
5867,2026-05-21 11:06:24.627,0A,0D,0,0,0,0,59,0,0,0,1,3,0,0,0,0
5868,2026-05-21 11:06:24.838,E5,8,0D,0A,0D,0,0,0,0,59,0,0,0,1,3,0
5869,2026-05-21 11:06:25.044,0,0,0,E3,8,0D,0A,0D,0,0,0,0,59,0,0,0
5870,2026-05-21 11:06:25.247,1,3,0,0,0,0,E3,8,0D,0A,0D,0,0,0,0,59
5871,2026-05-21 11:06:25.461,0,0,0,1,3,0,0,0,0,E5,8,0D,0A,0D,0,0
5872,2026-05-21 11:06:25.471,0,0,59,0,0,0,1,3,0,0,0,0,E3,8,0D,0A
5873,2026-05-21 11:06:25.678,0D,0,0,0,0,59,0,0,0,1,3,0,0,0,0,E5
5874,2026-05-21 11:06:25.887,8,0D,0A,0D,0,0,0,0,59,0,0,0,1,3,0,0
5875,2026-05-21 11:06:26.095,0,0,E5,8,0D,0A,0D,0,0,0,0,59,0,0,0,1
5876,2026-05-21 11:06:26.304,3,0,0,0,0,E5,8,0D,0A,0D,0,0,0,0,59,0
5877,2026-05-21 11:06:26.513,0,0,1,3,0,0,0,0,E5,8,0D,0A,0D,0,0,0
5878,2026-05-21 11:06:26.721,0,59,0,0,0,1,3,0,0,0,0,E5,8,0D,0A,0D
5879,2026-05-21 11:06:26.733,0,0,0,0,59,0,0,0,1,3,0,0,0,0,E5,8
5880,2026-05-21 11:06:26.938,0D,0A,0D,0,0,0,0,59,0,0,0,1,3,0,0,0
5881,2026-05-21 11:06:27.147,0,E5,8,0D,0A,0D,0,0,0,0,59,0,0,0,1,3
5882,2026-05-21 11:06:27.356,0,0,0,0,E5,8,0D,0A,0D,0,0,0,0,59,0,0
5883,2026-05-21 11:06:27.564,0,1,3,0,0,0,0,E5,8,0D,0A,0D,0,0,0,0
5884,2026-05-21 11:06:27.772,59,0,0,0,1,3,0,0,0,0,E5,8,0D,0A,0D,0
5885,2026-05-21 11:06:27.781,0,0,0,59,0,0,0,1,3,0,0,0,0,E5,8,0D
5886,2026-05-21 11:06:27.989,0A,0D,0,0,0,0,58,0,0,0,1,3,0,0,0,0
5887,2026-05-21 11:06:28.199,E5,8,0D,0A,0D,0,0,0,0,59,0,0,0,1,3,0
5888,2026-05-21 11:06:28.406,0,0,0,E3,8,0D,0A,0D,0,0,0,0,59,0,0,0
5889,2026-05-21 11:06:28.615,1,3,0,0,0,0,E5,8,0D,0A,0D,0,0,0,0,59
5890,2026-05-21 11:06:28.824,0,0,0,1,3,0,0,0,0,E7,8,0D,0A,0D,0,0
5891,2026-05-21 11:06:28.832,0,0,59,0,0,0,1,3,0,0,0,0,E5,8,0D,0A
5892,2026-05-21 11:06:29.040,0D,0,0,0,0,5A,0,0,0,1,3,0,0,0,0,E3
5893,2026-05-21 11:06:29.246,8,0D,0A,0D,0,0,0,0,59,0,0,0,1,3,0,0
5894,2026-05-21 11:06:29.457,0,0,E5,8,0D,0A,0D,0,0,0,0,59,0,0,0,1
5895,2026-05-21 11:06:29.666,3,0,0,0,0,E5,8,0D,0A,0D,0,0,0,0,59,0
5896,2026-05-21 11:06:29.875,0,0,1,3,0,0,0,0,E5,8,0D,0A,0D,0,0,0
5897,2026-05-21 11:06:30.083,0,59,0,0,0,1,3,0,0,0,0,E5,8,0D,0A,0D
5898,2026-05-21 11:06:30.095,0,0,0,0,59,0,0,0,1,3,0,0,0,0,E5,8
5899,2026-05-21 11:06:30.301,0D,0A,0D,0,0,0,0,59,0,0,0,1,3,0,0,0
5900,2026-05-21 11:06:30.510,0,E5,8,0D,0A,0D,0,0,0,0,59,0,0,0,1,3
5901,2026-05-21 11:06:30.718,0,0,0,0,E5,8,0D,0A,0D,0,0,0,0,59,0,0
5902,2026-05-21 11:06:30.926,0,1,3,0,0,0,0,E5,8,0D,0A,0D,0,0,0,0
5903,2026-05-21 11:06:31.135,59,0,0,0,1,3,0,0,0,0,E7,8,0D,0A,0D,0
5904,2026-05-21 11:06:31.146,0,0,0,59,0,0,0,1,3,0,0,0,0,E5,8,0D
5905,2026-05-21 11:06:31.352,0A,0D,0,0,0,0,5A,0,0,0,1,3,0,0,0,0
5906,2026-05-21 11:06:31.561,E7,8,0D,0A,0D,0,0,0,0,5A,0,0,0,1,3,0
5907,2026-05-21 11:06:31.769,0,0,0,E3,8,0D,0A,0D,0,0,0,0,5A,0,0,0
5908,2026-05-21 11:06:31.977,1,3,0,0,0,0,E5,8,0D,0A,0D,0,0,0,0,59
5909,2026-05-21 11:06:32.186,0,0,0,1,3,0,0,0,0,E5,8,0D,0A,0D,0,0
5910,2026-05-21 11:06:32.196,0,0,59,0,0,0,1,3,0,0,0,0,E7,8,0D,0A
5911,2026-05-21 11:06:32.403,0D,0,0,0,0,59,0,0,0,1,3,0,0,0,0,E5
5912,2026-05-21 11:06:32.612,8,0D,0A,0D,0,0,0,0,5A,0,0,0,1,3,0,0
5913,2026-05-21 11:06:32.821,0,0,E5,8,0D,0A,0D,0,0,0,0,5A,0,0,0,1
5914,2026-05-21 11:06:33.030,3,0,0,0,0,E5,8,0D,0A,0D,0,0,0,0,5A,0
5915,2026-05-21 11:06:33.228,0,0,1,3,0,0,0,0,E5,8,0D,0A,0D,0,0,0
5916,2026-05-21 11:06:33.446,0,59,0,0,0,1,3,0,0,0,0,E5,8,0D,0A,0D
5917,2026-05-21 11:06:33.455,0,0,0,0,5A,0,0,0,1,3,0,0,0,0,E5,8
5918,2026-05-21 11:06:33.664,0D,0A,0D,0,0,0,0,59,0,0,0,1,3,0,0,0
5919,2026-05-21 11:06:33.872,0,E5,8,0D,0A,0D,0,0,0,0,59,0,0,0,1,3
5920,2026-05-21 11:06:34.081,0,0,0,0,E5,8,0D,0A,0D,0,0,0,0,59,0,0
5921,2026-05-21 11:06:34.289,0,1,3,0,0,0,0,E5,8,0D,0A,0D,0,0,0,0
5922,2026-05-21 11:06:34.497,5A,0,0,0,1,3,0,0,0,0,E5,8,0D,0A,0D,0
5923,2026-05-21 11:06:34.507,0,0,0,59,0,0,0,1,3,0,0,0,0,E5,8,0D
5924,2026-05-21 11:06:34.715,0A,0D,0,0,0,0,59,0,0,0,1,3,0,0,0,0
5925,2026-05-21 11:06:34.923,E5,8,0D,0A,0D,0,0,0,0,59,0,0,0,1,3,0
5926,2026-05-21 11:06:35.131,0,0,0,E5,8,0D,0A,0D,0,0,0,0,5A,0,0,0
5927,2026-05-21 11:06:35.341,1,3,0,0,0,0,E5,8,0D,0A,0D,0,0,0,0,5A
5928,2026-05-21 11:06:35.548,0,0,0,1,3,0,0,0,0,E5,8,0D,0A,0D,0,0
5929,2026-05-21 11:06:35.557,0,0,5A,0,0,0,1,3,0,0,0,0,E5,8,0D,0A
5930,2026-05-21 11:06:35.766,0D,0,0,0,0,59,0,0,0,1,3,0,0,0,0,E5
5931,2026-05-21 11:06:35.974,8,0D,0A,0D,0,0,0,0,59,0,0,0,1,3,0,0
5932,2026-05-21 11:06:36.183,0,0,E3,8,0D,0A,0D,0,0,0,0,59,0,0,0,1
5933,2026-05-21 11:06:36.392,3,0,0,0,0,E5,8,0D,0A,0D,0,0,0,0,5A,0
5934,2026-05-21 11:06:36.600,0,0,1,3,0,0,0,0,E5,8,0D,0A,0D,0,0,0
5935,2026-05-21 11:06:36.810,0,5A,0,0,0,1,3,0,0,0,0,E5,8,0D,0A,0D
5936,2026-05-21 11:06:36.823,0,0,0,0,5A,0,0,0,1,3,0,0,0,0,E5,8
5937,2026-05-21 11:06:37.026,0D,0A,0D,0,0,0,0,59,0,0,0,1,3,0,0,0
5938,2026-05-21 11:06:37.229,0,E5,8,0D,0A,0D,0,0,0,0,59,0,0,0,1,3
5939,2026-05-21 11:06:37.443,0,0,0,0,E5,8,0D,0A,0D,0,0,0,0,5A,0,0
5940,2026-05-21 11:06:37.647,0,1,3,0,0,0,0,E5,8,0D,0A,0D,0,0,0,0
5941,2026-05-21 11:06:37.860,59,0,0,0,1,3,0,0,0,0,E3,8,0D,0A,0D,0
5942,2026-05-21 11:06:37.873,0,0,0,58,0,0,0,1,3,0,0,0,0,E3,8,0D
5943,2026-05-21 11:06:38.077,0A,0D,0,0,0,0,58,0,0,0,1,3,0,0,0,0
5944,2026-05-21 11:06:38.286,E5,8,0D,0A,0D,0,0,0,0,57,0,0,0,1,3,0
5945,2026-05-21 11:06:38.494,0,0,0,E5,8,0D,0A,0D,0,0,0,0,56,0,0,0
5946,2026-05-21 11:06:38.703,1,3,0,0,0,0,E5,8,0D,0A,0D,0,0,0,0,56
5947,2026-05-21 11:06:38.911,0,0,0,1,3,0,0,0,0,E5,8,0D,0A,0D,0,0
5948,2026-05-21 11:06:38.921,0,0,56,0,0,0,1,3,0,0,0,0,E5,8,0D,0A
5949,2026-05-21 11:06:39.129,0D,0,0,0,0,56,0,0,0,1,3,0,0,0,0,E5
5950,2026-05-21 11:06:39.338,8,0D,0A,0D,0,0,0,0,56,0,0,0,1,3,0,0
5951,2026-05-21 11:06:39.545,0,0,E5,8,0D,0A,0D,0,0,0,0,56,0,0,0,1
5952,2026-05-21 11:06:39.755,3,0,0,0,0,E5,8,0D,0A,0D,0,0,0,0,55,0
5953,2026-05-21 11:06:39.963,0,0,1,3,0,0,0,0,E5,8,0D,0A,0D,0,0,0
5954,2026-05-21 11:06:40.172,0,56,0,0,0,1,3,0,0,0,0,E5,8,0D,0A,0D
5955,2026-05-21 11:06:40.181,0,0,0,0,56,0,0,0,1,3,0,0,0,0,E5,8
5956,2026-05-21 11:06:40.388,0D,0A,0D,0,0,0,0,56,0,0,0,1,3,0,0,0
5957,2026-05-21 11:06:40.597,0,E5,8,0D,0A,0D,0,0,0,0,56,0,0,0,1,3
5958,2026-05-21 11:06:40.806,0,0,0,0,E3,8,0D,0A,0D,0,0,0,0,56,0,0
5959,2026-05-21 11:06:41.014,0,1,3,0,0,0,0,E5,8,0D,0A,0D,0,0,0,0
5960,2026-05-21 11:06:41.223,56,0,0,0,1,3,0,0,0,0,E5,8,0D,0A,0D,0
5961,2026-05-21 11:06:41.234,0,0,0,56,0,0,0,1,3,0,0,0,0,E5,8,0D
5962,2026-05-21 11:06:41.440,0A,0D,0,0,0,0,56,0,0,0,1,3,0,0,0,0
5963,2026-05-21 11:06:41.664,E5,8,0D,0A,0D,0,0,0,0,56,0,0,0,1,3,0
5964,2026-05-21 11:06:41.858,0,0,0,E5,8,0D,0A,0D,0,0,0,0,56,0,0,0
5965,2026-05-21 11:06:42.067,1,3,0,0,0,0,E5,8,0D,0A,0D,0,0,0,0,55
5966,2026-05-21 11:06:42.276,0,0,0,1,3,0,0,0,0,E5,8,0D,0A,0D,0,0
5967,2026-05-21 11:06:42.288,0,0,54,0,0,0,1,3,0,0,0,0,E5,8,0D,0A
5968,2026-05-21 11:06:42.493,0D,0,0,0,0,54,0,0,0,1,3,0,0,0,0,E7
5969,2026-05-21 11:06:42.702,8,0D,0A,0D,0,0,0,0,55,0,0,0,1,3,0,0
5970,2026-05-21 11:06:42.911,0,0,E5,8,0D,0A,0D,0,0,0,0,55,0,0,0,1
5971,2026-05-21 11:06:43.118,3,0,0,0,0,E5,8,0D,0A,0D,0,0,0,0,55,0
5972,2026-05-21 11:06:43.326,0,0,1,3,0,0,0,0,E5,8,0D,0A,0D,0,0,0
5973,2026-05-21 11:06:43.536,0,54,0,0,0,1,3,0,0,0,0,E5,8,0D,0A,0D
5974,2026-05-21 11:06:43.546,0,0,0,0,53,0,0,0,1,3,0,0,0,0,E7,8
5975,2026-05-21 11:06:43.752,0D,0A,0D,0,0,0,0,53,0,0,0,1,3,0,0,0
5976,2026-05-21 11:06:43.961,0,E5,8,0D,0A,0D,0,0,0,0,55,0,0,0,1,3
5977,2026-05-21 11:06:44.169,0,0,0,0,E5,8,0D,0A,0D,0,0,0,0,55,0,0
5978,2026-05-21 11:06:44.378,0,1,3,0,0,0,0,E5,8,0D,0A,0D,0,0,0,0
5979,2026-05-21 11:06:44.587,56,0,0,0,1,3,0,0,0,0,E5,8,0D,0A,0D,0
5980,2026-05-21 11:06:44.598,0,0,0,55,0,0,0,1,3,0,0,0,0,E5,8,0D
5981,2026-05-21 11:06:44.804,0A,0D,0,0,0,0,56,0,0,0,1,3,0,0,0,0
5982,2026-05-21 11:06:45.012,E5,8,0D,0A,0D,0,0,0,0,55,0,0,0,1,3,0
5983,2026-05-21 11:06:45.221,0,0,0,E7,8,0D,0A,0D,0,0,0,0,56,0,0,0
5984,2026-05-21 11:06:45.429,1,3,0,0,0,0,E5,8,0D,0A,0D,0,0,0,0,56
5985,2026-05-21 11:06:45.628,0,0,0,1,3,0,0,0,0,E5,8,0D,0A,0D,0,0
5986,2026-05-21 11:06:45.648,0,0,56,0,0,0,1,3,0,0,0,0,E5,8,0D,0A
5987,2026-05-21 11:06:45.847,0D,0,0,0,0,56,0,0,0,1,3,0,0,0,0,E5
5988,2026-05-21 11:06:46.063,8,0D,0A,0D,0,0,0,0,56,0,0,0,1,3,0,0
5989,2026-05-21 11:06:46.272,0,0,E5,8,0D,0A,0D,0,0,0,0,55,0,0,0,1
5990,2026-05-21 11:06:46.481,3,0,0,0,0,E5,8,0D,0A,0D,0,0,0,0,56,0
5991,2026-05-21 11:06:46.689,0,0,1,3,0,0,0,0,E5,8,0D,0A,0D,0,0,0
5992,2026-05-21 11:06:46.898,0,56,0,0,0,1,3,0,0,0,0,E5,8,0D,0A,0D
5993,2026-05-21 11:06:46.907,0,0,0,0,54,0,0,0,1,3,0,0,0,0,E5,8
5994,2026-05-21 11:06:47.115,0D,0A,0D,0,0,0,0,54,0,0,0,1,3,0,0,0
5995,2026-05-21 11:06:47.323,0,E5,8,0D,0A,0D,0,0,0,0,54,0,0,0,1,3
5996,2026-05-21 11:06:47.532,0,0,0,0,E5,8,0D,0A,0D,0,0,0,0,54,0,0
5997,2026-05-21 11:06:47.740,0,1,3,0,0,0,0,E5,8,0D,0A,0D,0,0,0,0
5998,2026-05-21 11:06:47.949,51,0,0,0,1,3,0,0,0,0,E3,8,0D,0A,0D,0
5999,2026-05-21 11:06:47.958,0,0,0,50,0,0,0,1,3,0,0,0,0,E5,8,0D
6000,2026-05-21 11:06:48.166,0A,0D,0,0,0,0,50,0,0,0,1,3,0,0,0,0
6001,2026-05-21 11:06:48.375,E3,8,0D,0A,0D,0,0,0,0,52,0,0,0,1,3,0
6002,2026-05-21 11:06:48.583,0,0,0,E5,8,0D,0A,0D,0,0,0,0,51,0,0,0
6003,2026-05-21 11:06:48.792,1,3,0,0,0,0,E3,8,0D,0A,0D,0,0,0,0,50
6004,2026-05-21 11:06:49.000,0,0,0,1,3,0,0,0,0,E5,8,0D,0A,0D,0,0
6005,2026-05-21 11:06:49.009,0,0,50,0,0,0,1,3,0,0,0,0,E3,8,0D,0A
6006,2026-05-21 11:06:49.217,0D,0,0,0,0,50,0,0,0,1,3,0,0,0,0,E5
6007,2026-05-21 11:06:49.426,8,0D,0A,0D,0,0,0,0,50,0,0,0,1,3,0,0
6008,2026-05-21 11:06:49.629,0,0,E5,8,0D,0A,0D,0,0,0,0,50,0,0,0,1
6009,2026-05-21 11:06:49.846,3,0,0,0,0,E5,8,0D,0A,0D,0,0,0,0,50,0
6010,2026-05-21 11:06:50.046,0,0,1,3,0,0,0,0,E7,8,0D,0A,0D,0,0,0
6011,2026-05-21 11:06:50.260,0,50,0,0,0,1,3,0,0,0,0,E5,8,0D,0A,0D
6012,2026-05-21 11:06:50.273,0,0,0,0,4F,0,0,0,1,3,0,0,0,0,E5,8
6013,2026-05-21 11:06:50.477,0D,0A,0D,0,0,0,0,50,0,0,0,1,3,0,0,0
6014,2026-05-21 11:06:50.686,0,E5,8,0D,0A,0D,0,0,0,0,50,0,0,0,1,3
6015,2026-05-21 11:06:50.895,0,0,0,0,E5,8,0D,0A,0D,0,0,0,0,52,0,0
6016,2026-05-21 11:06:51.103,0,1,3,0,0,0,0,E5,8,0D,0A,0D,0,0,0,0
6017,2026-05-21 11:06:51.312,50,0,0,0,1,3,0,0,0,0,E3,8,0D,0A,0D,0
6018,2026-05-21 11:06:51.321,0,0,0,51,0,0,0,1,3,0,0,0,0,E5,8,0D
6019,2026-05-21 11:06:51.529,0A,0D,0,0,0,0,52,0,0,0,1,3,0,0,0,0
6020,2026-05-21 11:06:51.737,E5,8,0D,0A,0D,0,0,0,0,52,0,0,0,1,3,0
6021,2026-05-21 11:06:51.945,0,0,0,E5,8,0D,0A,0D,0,0,0,0,50,0,0,0
6022,2026-05-21 11:06:52.154,1,3,0,0,0,0,E5,8,0D,0A,0D,0,0,0,0,50
6023,2026-05-21 11:06:52.363,0,0,0,1,3,0,0,0,0,E7,8,0D,0A,0D,0,0
6024,2026-05-21 11:06:52.394,0,0,50,0,0,0,1,3,0,0,0,0,E7,8,0D,0A
6025,2026-05-21 11:06:52.580,0D,0,0,0,0,50,0,0,0,1,3,0,0,0,0,E5
6026,2026-05-21 11:06:52.788,8,0D,0A,0D,0,0,0,0,50,0,0,0,1,3,0,0
6027,2026-05-21 11:06:52.997,0,0,E5,8,0D,0A,0D,0,0,0,0,50,0,0,0,1
6028,2026-05-21 11:06:53.206,3,0,0,0,0,E7,8,0D,0A,0D,0,0,0,0,50,0
6029,2026-05-21 11:06:53.415,0,0,1,3,0,0,0,0,E5,8,0D,0A,0D,0,0,0
6030,2026-05-21 11:06:53.623,0,52,0,0,0,1,3,0,0,0,0,E5,8,0D,0A,0D
6031,2026-05-21 11:06:53.637,0,0,0,0,52,0,0,0,1,3,0,0,0,0,E7,8
6032,2026-05-21 11:06:53.840,0D,0A,0D,0,0,0,0,52,0,0,0,1,3,0,0,0
6033,2026-05-21 11:06:54.048,0,E5,8,0D,0A,0D,0,0,0,0,51,0,0,0,1,3
6034,2026-05-21 11:06:54.257,0,0,0,0,E5,8,0D,0A,0D,0,0,0,0,52,0,0
6035,2026-05-21 11:06:54.466,0,1,3,0,0,0,0,E5,8,0D,0A,0D,0,0,0,0
6036,2026-05-21 11:06:54.675,51,0,0,0,1,3,0,0,0,0,E5,8,0D,0A,0D,0
6037,2026-05-21 11:06:54.687,0,0,0,51,0,0,0,1,3,0,0,0,0,E5,8,0D
6038,2026-05-21 11:06:54.891,0A,0D,0,0,0,0,51,0,0,0,1,3,0,0,0,0
6039,2026-05-21 11:06:55.100,E7,8,0D,0A,0D,0,0,0,0,51,0,0,0,1,3,0
6040,2026-05-21 11:06:55.309,0,0,0,E5,8,0D,0A,0D,0,0,0,0,51,0,0,0
6041,2026-05-21 11:06:55.518,1,3,0,0,0,0,E3,8,0D,0A,0D,0,0,0,0,52
6042,2026-05-21 11:06:55.727,0,0,0,1,3,0,0,0,0,E5,8,0D,0A,0D,0,0
6043,2026-05-21 11:06:55.738,0,0,52,0,0,0,1,3,0,0,0,0,E5,8,0D,0A
6044,2026-05-21 11:06:55.943,0D,0,0,0,0,50,0,0,0,1,3,0,0,0,0,E5
6045,2026-05-21 11:06:56.151,8,0D,0A,0D,0,0,0,0,50,0,0,0,1,3,0,0
6046,2026-05-21 11:06:56.361,0,0,E5,8,0D,0A,0D,0,0,0,0,50,0,0,0,1
6047,2026-05-21 11:06:56.569,3,0,0,0,0,E5,8,0D,0A,0D,0,0,0,0,50,0
6048,2026-05-21 11:06:56.796,0,0,1,3,0,0,0,0,E5,8,0D,0A,0D,0,0,0
6049,2026-05-21 11:06:56.985,0,50,0,0,0,1,3,0,0,0,0,E5,8,0D,0A,0D
6050,2026-05-21 11:06:56.995,0,0,0,0,50,0,0,0,1,3,0,0,0,0,E5,8
6051,2026-05-21 11:06:57.203,0D,0A,0D,0,0,0,0,50,0,0,0,1,3,0,0,0
6052,2026-05-21 11:06:57.412,0,E3,8,0D,0A,0D,0,0,0,0,50,0,0,0,1,3
6053,2026-05-21 11:06:57.620,0,0,0,0,E5,8,0D,0A,0D,0,0,0,0,50,0,0
6054,2026-05-21 11:06:57.828,0,1,3,0,0,0,0,E5,8,0D,0A,0D,0,0,0,0
6055,2026-05-21 11:06:58.030,51,0,0,0,1,3,0,0,0,0,E5,8,0D,0A,0D,0
6056,2026-05-21 11:06:58.048,0,0,0,50,0,0,0,1,3,0,0,0,0,E5,8,0D
6057,2026-05-21 11:06:58.254,0A,0D,0,0,0,0,51,0,0,0,1,3,0,0,0,0
6058,2026-05-21 11:06:58.463,E5,8,0D,0A,0D,0,0,0,0,50,0,0,0,1,3,0
6059,2026-05-21 11:06:58.671,0,0,0,E3,8,0D,0A,0D,0,0,0,0,50,0,0,0
6060,2026-05-21 11:06:58.880,1,3,0,0,0,0,E5,8,0D,0A,0D,0,0,0,0,50
6061,2026-05-21 11:06:59.089,0,0,0,1,3,0,0,0,0,E5,8,0D,0A,0D,0,0
6062,2026-05-21 11:06:59.098,0,0,50,0,0,0,1,3,0,0,0,0,E5,8,0D,0A
6063,2026-05-21 11:06:59.305,0D,0,0,0,0,50,0,0,0,1,3,0,0,0,0,E5
6064,2026-05-21 11:06:59.514,8,0D,0A,0D,0,0,0,0,51,0,0,0,1,3,0,0
6065,2026-05-21 11:06:59.723,0,0,E5,8,0D,0A,0D,0,0,0,0,51,0,0,0,1
6066,2026-05-21 11:06:59.932,3,0,0,0,0,E5,8,0D,0A,0D,0,0,0,0,51,0
6067,2026-05-21 11:07:00.140,0,0,1,3,0,0,0,0,E5,8,0D,0A,0D,0,0,0
6068,2026-05-21 11:07:00.406,0,50,0,0,0,1,3,0,0,0,0,E5,8,0D,0A,0D
6069,2026-05-21 11:07:00.425,0,0,0,0,50,0,0,0,1,3,0,0,0,0,E3,8
6070,2026-05-21 11:07:00.566,0D,0A,0D,0,0,0,0,50,0,0,0,1,3,0,0,0
6071,2026-05-21 11:07:00.775,0,E5,8,0D,0A,0D,0,0,0,0,50,0,0,0,1,3
6072,2026-05-21 11:07:00.982,0,0,0,0,E5,8,0D,0A,0D,0,0,0,0,51,0,0
6073,2026-05-21 11:07:01.192,0,1,3,0,0,0,0,E7,8,0D,0A,0D,0,0,0,0
6074,2026-05-21 11:07:01.400,52,0,0,0,1,3,0,0,0,0,E3,8,0D,0A,0D,0
6075,2026-05-21 11:07:01.411,0,0,0,52,0,0,0,1,3,0,0,0,0,E5,8,0D
6076,2026-05-21 11:07:01.617,0A,0D,0,0,0,0,53,0,0,0,1,3,0,0,0,0
6077,2026-05-21 11:07:01.825,E5,8,0D,0A,0D,0,0,0,0,52,0,0,0,1,3,0
6078,2026-05-21 11:07:02.030,0,0,0,E5,8,0D,0A,0D,0,0,0,0,50,0,0,0
6079,2026-05-21 11:07:02.244,1,3,0,0,0,0,E3,8,0D,0A,0D,0,0,0,0,4F
6080,2026-05-21 11:07:02.452,0,0,0,1,3,0,0,0,0,E5,8,0D,0A,0D,0,0
6081,2026-05-21 11:07:02.460,0,0,50,0,0,0,1,3,0,0,0,0,E5,8,0D,0A
6082,2026-05-21 11:07:02.669,0D,0,0,0,0,50,0,0,0,1,3,0,0,0,0,E5
6083,2026-05-21 11:07:02.878,8,0D,0A,0D,0,0,0,0,4E,0,0,0,1,3,0,0
6084,2026-05-21 11:07:03.085,0,0,E3,8,0D,0A,0D,0,0,0,0,50,0,0,0,1
6085,2026-05-21 11:07:03.302,3,0,0,0,0,E3,8,0D,0A,0D,0,0,0,0,4E,0
6086,2026-05-21 11:07:03.503,0,0,1,3,0,0,0,0,E5,8,0D,0A,0D,0,0,0
6087,2026-05-21 11:07:03.712,0,4F,0,0,0,1,3,0,0,0,0,E5,8,0D,0A,0D
6088,2026-05-21 11:07:03.725,0,0,0,0,4F,0,0,0,1,3,0,0,0,0,E5,8
6089,2026-05-21 11:07:03.929,0D,0A,0D,0,0,0,0,4E,0,0,0,1,3,0,0,0
6090,2026-05-21 11:07:04.138,0,E5,8,0D,0A,0D,0,0,0,0,4C,0,0,0,1,3
6091,2026-05-21 11:07:04.346,0,0,0,0,E5,8,0D,0A,0D,0,0,0,0,4D,0,0
6092,2026-05-21 11:07:04.554,0,1,3,0,0,0,0,E5,8,0D,0A,0D,0,0,0,0
6093,2026-05-21 11:07:04.763,4E,0,0,0,1,3,0,0,0,0,E7,8,0D,0A,0D,0
6094,2026-05-21 11:07:04.773,0,0,0,4E,0,0,0,1,3,0,0,0,0,E7,8,0D
6095,2026-05-21 11:07:04.980,0A,0D,0,0,0,0,4E,0,0,0,1,3,0,0,0,0
6096,2026-05-21 11:07:05.188,E5,8,0D,0A,0D,0,0,0,0,51,0,0,0,1,3,0
6097,2026-05-21 11:07:05.397,0,0,0,E5,8,0D,0A,0D,0,0,0,0,4D,0,0,0
6098,2026-05-21 11:07:05.605,1,3,0,0,0,0,E3,8,0D,0A,0D,0,0,0,0,4D
6099,2026-05-21 11:07:05.814,0,0,0,1,3,0,0,0,0,E5,8,0D,0A,0D,0,0
6100,2026-05-21 11:07:05.823,0,0,4E,0,0,0,1,3,0,0,0,0,E3,8,0D,0A
6101,2026-05-21 11:07:06.029,0D,0,0,0,0,50,0,0,0,1,3,0,0,0,0,E5
6102,2026-05-21 11:07:06.239,8,0D,0A,0D,0,0,0,0,4F,0,0,0,1,3,0,0
6103,2026-05-21 11:07:06.449,0,0,E5,8,0D,0A,0D,0,0,0,0,50,0,0,0,1
6104,2026-05-21 11:07:06.657,3,0,0,0,0,E3,8,0D,0A,0D,0,0,0,0,4F,0
6105,2026-05-21 11:07:06.866,0,0,1,3,0,0,0,0,E5,8,0D,0A,0D,0,0,0
6106,2026-05-21 11:07:07.075,0,50,0,0,0,1,3,0,0,0,0,E5,8,0D,0A,0D
6107,2026-05-21 11:07:07.084,0,0,0,0,50,0,0,0,1,3,0,0,0,0,E3,8
6108,2026-05-21 11:07:07.291,0D,0A,0D,0,0,0,0,4F,0,0,0,1,3,0,0,0
6109,2026-05-21 11:07:07.500,0,E5,8,0D,0A,0D,0,0,0,0,4C,0,0,0,1,3
6110,2026-05-21 11:07:07.709,0,0,0,0,E5,8,0D,0A,0D,0,0,0,0,4D,0,0
6111,2026-05-21 11:07:07.917,0,1,3,0,0,0,0,E7,8,0D,0A,0D,0,0,0,0
6112,2026-05-21 11:07:08.126,4E,0,0,0,1,3,0,0,0,0,E3,8,0D,0A,0D,0
6113,2026-05-21 11:07:08.137,0,0,0,4E,0,0,0,1,3,0,0,0,0,E5,8,0D
6114,2026-05-21 11:07:08.345,0A,0D,0,0,0,0,4F,0,0,0,1,3,0,0,0,0
6115,2026-05-21 11:07:08.552,E5,8,0D,0A,0D,0,0,0,0,4F,0,0,0,1,3,0
6116,2026-05-21 11:07:08.761,0,0,0,E5,8,0D,0A,0D,0,0,0,0,4E,0,0,0
6117,2026-05-21 11:07:08.969,1,3,0,0,0,0,E5,8,0D,0A,0D,0,0,0,0,4F
6118,2026-05-21 11:07:09.178,0,0,0,1,3,0,0,0,0,E5,8,0D,0A,0D,0,0
6119,2026-05-21 11:07:09.190,0,0,4F,0,0,0,1,3,0,0,0,0,E5,8,0D,0A
6120,2026-05-21 11:07:09.394,0D,0,0,0,0,4F,0,0,0,1,3,0,0,0,0,E5
6121,2026-05-21 11:07:09.603,8,0D,0A,0D,0,0,0,0,50,0,0,0,1,3,0,0
6122,2026-05-21 11:07:09.811,0,0,E5,8,0D,0A,0D,0,0,0,0,50,0,0,0,1
6123,2026-05-21 11:07:10.020,3,0,0,0,0,E5,8,0D,0A,0D,0,0,0,0,50,0
6124,2026-05-21 11:07:10.229,0,0,1,3,0,0,0,0,E5,8,0D,0A,0D,0,0,0
6125,2026-05-21 11:07:10.437,0,50,0,0,0,1,3,0,0,0,0,E5,8,0D,0A,0D
6126,2026-05-21 11:07:10.450,0,0,0,0,51,0,0,0,1,3,0,0,0,0,E5,8
6127,2026-05-21 11:07:10.655,0D,0A,0D,0,0,0,0,51,0,0,0,1,3,0,0,0
6128,2026-05-21 11:07:10.863,0,E5,8,0D,0A,0D,0,0,0,0,52,0,0,0,1,3
6129,2026-05-21 11:07:11.072,0,0,0,0,E3,8,0D,0A,0D,0,0,0,0,52,0,0
6130,2026-05-21 11:07:11.281,0,1,3,0,0,0,0,E5,8,0D,0A,0D,0,0,0,0
6131,2026-05-21 11:07:11.489,53,0,0,0,1,3,0,0,0,0,E5,8,0D,0A,0D,0
6132,2026-05-21 11:07:11.502,0,0,0,51,0,0,0,1,3,0,0,0,0,E5,8,0D
6133,2026-05-21 11:07:11.706,0A,0D,0,0,0,0,53,0,0,0,1,3,0,0,0,0
6134,2026-05-21 11:07:11.915,E5,8,0D,0A,0D,0,0,0,0,52,0,0,0,1,3,0
6135,2026-05-21 11:07:12.123,0,0,0,E5,8,0D,0A,0D,0,0,0,0,54,0,0,0
6136,2026-05-21 11:07:12.332,1,3,0,0,0,0,E5,8,0D,0A,0D,0,0,0,0,51
6137,2026-05-21 11:07:12.541,0,0,0,1,3,0,0,0,0,E3,8,0D,0A,0D,0,0
6138,2026-05-21 11:07:12.551,0,0,50,0,0,0,1,3,0,0,0,0,E5,8,0D,0A
6139,2026-05-21 11:07:12.757,0D,0,0,0,0,4E,0,0,0,1,3,0,0,0,0,E5
6140,2026-05-21 11:07:12.966,8,0D,0A,0D,0,0,0,0,50,0,0,0,1,3,0,0
6141,2026-05-21 11:07:13.174,0,0,E5,8,0D,0A,0D,0,0,0,0,51,0,0,0,1
6142,2026-05-21 11:07:13.383,3,0,0,0,0,E5,8,0D,0A,0D,0,0,0,0,52,0
6143,2026-05-21 11:07:13.592,0,0,1,3,0,0,0,0,E5,8,0D,0A,0D,0,0,0
6144,2026-05-21 11:07:13.801,0,51,0,0,0,1,3,0,0,0,0,E5,8,0D,0A,0D
6145,2026-05-21 11:07:13.809,0,0,0,0,51,0,0,0,1,3,0,0,0,0,E3,8
6146,2026-05-21 11:07:14.017,0D,0A,0D,0,0,0,0,50,0,0,0,1,3,0,0,0
6147,2026-05-21 11:07:14.227,0,E5,8,0D,0A,0D,0,0,0,0,52,0,0,0,1,3
6148,2026-05-21 11:07:14.435,0,0,0,0,E3,8,0D,0A,0D,0,0,0,0,52,0,0
6149,2026-05-21 11:07:14.644,0,1,3,0,0,0,0,E5,8,0D,0A,0D,0,0,0,0
6150,2026-05-21 11:07:14.852,51,0,0,0,1,3,0,0,0,0,E5,8,0D,0A,0D,0
6151,2026-05-21 11:07:14.862,0,0,0,51,0,0,0,1,3,0,0,0,0,E5,8,0D
6152,2026-05-21 11:07:15.069,0A,0D,0,0,0,0,51,0,0,0,1,3,0,0,0,0
6153,2026-05-21 11:07:15.278,E5,8,0D,0A,0D,0,0,0,0,50,0,0,0,1,3,0
6154,2026-05-21 11:07:15.487,0,0,0,E5,8,0D,0A,0D,0,0,0,0,50,0,0,0
6155,2026-05-21 11:07:15.695,1,3,0,0,0,0,E5,8,0D,0A,0D,0,0,0,0,50
6156,2026-05-21 11:07:15.904,0,0,0,1,3,0,0,0,0,E5,8,0D,0A,0D,0,0
6157,2026-05-21 11:07:15.916,0,0,50,0,0,0,1,3,0,0,0,0,E3,8,0D,0A
6158,2026-05-21 11:07:16.120,0D,0,0,0,0,51,0,0,0,1,3,0,0,0,0,E5
6159,2026-05-21 11:07:16.330,8,0D,0A,0D,0,0,0,0,51,0,0,0,1,3,0,0
6160,2026-05-21 11:07:16.537,0,0,E5,8,0D,0A,0D,0,0,0,0,54,0,0,0,1
6161,2026-05-21 11:07:16.746,3,0,0,0,0,E5,8,0D,0A,0D,0,0,0,0,50,0
6162,2026-05-21 11:07:16.955,0,0,1,3,0,0,0,0,E3,8,0D,0A,0D,0,0,0
6163,2026-05-21 11:07:17.163,0,52,0,0,0,1,3,0,0,0,0,E5,8,0D,0A,0D
6164,2026-05-21 11:07:17.172,0,0,0,0,54,0,0,0,1,3,0,0,0,0,E5,8
6165,2026-05-21 11:07:17.380,0D,0A,0D,0,0,0,0,52,0,0,0,1,3,0,0,0
6166,2026-05-21 11:07:17.588,0,E5,8,0D,0A,0D,0,0,0,0,52,0,0,0,1,3
6167,2026-05-21 11:07:17.798,0,0,0,0,E5,8,0D,0A,0D,0,0,0,0,52,0,0
6168,2026-05-21 11:07:18.006,0,1,3,0,0,0,0,E5,8,0D,0A,0D,0,0,0,0
6169,2026-05-21 11:07:18.214,51,0,0,0,1,3,0,0,0,0,E3,8,0D,0A,0D,0
6170,2026-05-21 11:07:18.223,0,0,0,52,0,0,0,1,3,0,0,0,0,E7,8,0D
6171,2026-05-21 11:07:18.431,0A,0D,0,0,0,0,51,0,0,0,1,3,0,0,0,0
6172,2026-05-21 11:07:18.640,E5,8,0D,0A,0D,0,0,0,0,54,0,0,0,1,3,0
6173,2026-05-21 11:07:18.849,0,0,0,E5,8,0D,0A,0D,0,0,0,0,53,0,0,0
6174,2026-05-21 11:07:19.057,1,3,0,0,0,0,E7,8,0D,0A,0D,0,0,0,0,54
6175,2026-05-21 11:07:19.267,0,0,0,1,3,0,0,0,0,E5,8,0D,0A,0D,0,0
6176,2026-05-21 11:07:19.279,0,0,54,0,0,0,1,3,0,0,0,0,E3,8,0D,0A
6177,2026-05-21 11:07:19.483,0D,0,0,0,0,54,0,0,0,1,3,0,0,0,0,E5
6178,2026-05-21 11:07:19.692,8,0D,0A,0D,0,0,0,0,52,0,0,0,1,3,0,0
6179,2026-05-21 11:07:19.901,0,0,E5,8,0D,0A,0D,0,0,0,0,54,0,0,0,1
6180,2026-05-21 11:07:20.109,3,0,0,0,0,E5,8,0D,0A,0D,0,0,0,0,54,0
6181,2026-05-21 11:07:20.318,0,0,1,3,0,0,0,0,E7,8,0D,0A,0D,0,0,0
6182,2026-05-21 11:07:20.527,0,55,0,0,0,1,3,0,0,0,0,E5,8,0D,0A,0D
6183,2026-05-21 11:07:20.535,0,0,0,0,53,0,0,0,1,3,0,0,0,0,E5,8
6184,2026-05-21 11:07:20.744,0D,0A,0D,0,0,0,0,53,0,0,0,1,3,0,0,0
6185,2026-05-21 11:07:20.951,0,E5,8,0D,0A,0D,0,0,0,0,52,0,0,0,1,3
6186,2026-05-21 11:07:21.160,0,0,0,0,E5,8,0D,0A,0D,0,0,0,0,55,0,0
6187,2026-05-21 11:07:21.369,0,1,3,0,0,0,0,E5,8,0D,0A,0D,0,0,0,0
6188,2026-05-21 11:07:21.578,56,0,0,0,1,3,0,0,0,0,E5,8,0D,0A,0D,0
6189,2026-05-21 11:07:21.592,0,0,0,54,0,0,0,1,3,0,0,0,0,E5,8,0D
6190,2026-05-21 11:07:21.795,0A,0D,0,0,0,0,52,0,0,0,1,3,0,0,0,0
6191,2026-05-21 11:07:22.004,E7,8,0D,0A,0D,0,0,0,0,53,0,0,0,1,3,0
6192,2026-05-21 11:07:22.212,0,0,0,E5,8,0D,0A,0D,0,0,0,0,51,0,0,0
6193,2026-05-21 11:07:22.421,1,3,0,0,0,0,E5,8,0D,0A,0D,0,0,0,0,52
6194,2026-05-21 11:07:22.629,0,0,0,1,3,0,0,0,0,E5,8,0D,0A,0D,0,0
6195,2026-05-21 11:07:22.639,0,0,52,0,0,0,1,3,0,0,0,0,E5,8,0D,0A
6196,2026-05-21 11:07:22.846,0D,0,0,0,0,52,0,0,0,1,3,0,0,0,0,E5
6197,2026-05-21 11:07:23.055,8,0D,0A,0D,0,0,0,0,51,0,0,0,1,3,0,0
6198,2026-05-21 11:07:23.263,0,0,E5,8,0D,0A,0D,0,0,0,0,51,0,0,0,1
6199,2026-05-21 11:07:23.472,3,0,0,0,0,E3,8,0D,0A,0D,0,0,0,0,52,0
6200,2026-05-21 11:07:23.681,0,0,1,3,0,0,0,0,E5,8,0D,0A,0D,0,0,0
6201,2026-05-21 11:07:23.889,0,52,0,0,0,1,3,0,0,0,0,E5,8,0D,0A,0D
6202,2026-05-21 11:07:23.904,0,0,0,0,53,0,0,0,1,3,0,0,0,0,E5,8
6203,2026-05-21 11:07:24.106,0D,0A,0D,0,0,0,0,54,0,0,0,1,3,0,0,0
6204,2026-05-21 11:07:24.315,0,E5,8,0D,0A,0D,0,0,0,0,52,0,0,0,1,3
6205,2026-05-21 11:07:24.524,0,0,0,0,E5,8,0D,0A,0D,0,0,0,0,52,0,0
6206,2026-05-21 11:07:24.732,0,1,3,0,0,0,0,E7,8,0D,0A,0D,0,0,0,0
6207,2026-05-21 11:07:24.941,52,0,0,0,1,3,0,0,0,0,E5,8,0D,0A,0D,0
6208,2026-05-21 11:07:24.956,0,0,0,53,0,0,0,1,3,0,0,0,0,E5,8,0D
6209,2026-05-21 11:07:25.158,0A,0D,0,0,0,0,54,0,0,0,1,3,0,0,0,0
6210,2026-05-21 11:07:25.366,E5,8,0D,0A,0D,0,0,0,0,54,0,0,0,1,3,0
6211,2026-05-21 11:07:25.575,0,0,0,E5,8,0D,0A,0D,0,0,0,0,53,0,0,0
6212,2026-05-21 11:07:25.783,1,3,0,0,0,0,E5,8,0D,0A,0D,0,0,0,0,53
6213,2026-05-21 11:07:25.992,0,0,0,1,3,0,0,0,0,E5,8,0D,0A,0D,0,0
6214,2026-05-21 11:07:26.007,0,0,54,0,0,0,1,3,0,0,0,0,E5,8,0D,0A
6215,2026-05-21 11:07:26.209,0D,0,0,0,0,52,0,0,0,1,3,0,0,0,0,E5
6216,2026-05-21 11:07:26.418,8,0D,0A,0D,0,0,0,0,53,0,0,0,1,3,0,0
6217,2026-05-21 11:07:26.626,0,0,E5,8,0D,0A,0D,0,0,0,0,52,0,0,0,1
6218,2026-05-21 11:07:26.834,3,0,0,0,0,E5,8,0D,0A,0D,0,0,0,0,53,0
6219,2026-05-21 11:07:27.045,0,0,1,3,0,0,0,0,E5,8,0D,0A,0D,0,0,0
6220,2026-05-21 11:07:27.252,0,52,0,0,0,1,3,0,0,0,0,E3,8,0D,0A,0D
6221,2026-05-21 11:07:27.263,0,0,0,0,52,0,0,0,1,3,0,0,0,0,E3,8
6222,2026-05-21 11:07:27.469,0D,0A,0D,0,0,0,0,52,0,0,0,1,3,0,0,0
6223,2026-05-21 11:07:27.678,0,E5,8,0D,0A,0D,0,0,0,0,54,0,0,0,1,3
6224,2026-05-21 11:07:27.886,0,0,0,0,E5,8,0D,0A,0D,0,0,0,0,51,0,0
6225,2026-05-21 11:07:28.095,0,1,3,0,0,0,0,E5,8,0D,0A,0D,0,0,0,0
6226,2026-05-21 11:07:28.303,51,0,0,0,1,3,0,0,0,0,E5,8,0D,0A,0D,0
6227,2026-05-21 11:07:28.313,0,0,0,50,0,0,0,1,3,0,0,0,0,E5,8,0D
6228,2026-05-21 11:07:28.520,0A,0D,0,0,0,0,50,0,0,0,1,3,0,0,0,0
6229,2026-05-21 11:07:28.729,E5,8,0D,0A,0D,0,0,0,0,50,0,0,0,1,3,0
6230,2026-05-21 11:07:28.937,0,0,0,E5,8,0D,0A,0D,0,0,0,0,51,0,0,0
6231,2026-05-21 11:07:29.146,1,3,0,0,0,0,E3,8,0D,0A,0D,0,0,0,0,51
6232,2026-05-21 11:07:29.354,0,0,0,1,3,0,0,0,0,E5,8,0D,0A,0D,0,0
6233,2026-05-21 11:07:29.365,0,0,53,0,0,0,1,3,0,0,0,0,E3,8,0D,0A
6234,2026-05-21 11:07:29.572,0D,0,0,0,0,52,0,0,0,1,3,0,0,0,0,E5
6235,2026-05-21 11:07:29.780,8,0D,0A,0D,0,0,0,0,51,0,0,0,1,3,0,0
6236,2026-05-21 11:07:29.998,0,0,E5,8,0D,0A,0D,0,0,0,0,50,0,0,0,1
6237,2026-05-21 11:07:30.197,3,0,0,0,0,E5,8,0D,0A,0D,0,0,0,0,51,0
6238,2026-05-21 11:07:30.406,0,0,1,3,0,0,0,0,E5,8,0D,0A,0D,0,0,0
6239,2026-05-21 11:07:30.615,0,51,0,0,0,1,3,0,0,0,0,E5,8,0D,0A,0D
6240,2026-05-21 11:07:30.623,0,0,0,0,50,0,0,0,1,3,0,0,0,0,E5,8
6241,2026-05-21 11:07:30.831,0D,0A,0D,0,0,0,0,50,0,0,0,1,3,0,0,0
6242,2026-05-21 11:07:31.041,0,E5,8,0D,0A,0D,0,0,0,0,50,0,0,0,1,3
6243,2026-05-21 11:07:31.249,0,0,0,0,E5,8,0D,0A,0D,0,0,0,0,50,0,0
6244,2026-05-21 11:07:31.458,0,1,3,0,0,0,0,E3,8,0D,0A,0D,0,0,0,0
6245,2026-05-21 11:07:31.666,52,0,0,0,1,3,0,0,0,0,E3,8,0D,0A,0D,0
6246,2026-05-21 11:07:31.676,0,0,0,51,0,0,0,1,3,0,0,0,0,E5,8,0D
6247,2026-05-21 11:07:31.883,0A,0D,0,0,0,0,51,0,0,0,1,3,0,0,0,0
6248,2026-05-21 11:07:32.092,E5,8,0D,0A,0D,0,0,0,0,50,0,0,0,1,3,0
6249,2026-05-21 11:07:32.300,0,0,0,E5,8,0D,0A,0D,0,0,0,0,50,0,0,0
6250,2026-05-21 11:07:32.509,1,3,0,0,0,0,E5,8,0D,0A,0D,0,0,0,0,51
6251,2026-05-21 11:07:32.718,0,0,0,1,3,0,0,0,0,E5,8,0D,0A,0D,0,0
6252,2026-05-21 11:07:32.726,0,0,51,0,0,0,1,3,0,0,0,0,E3,8,0D,0A
6253,2026-05-21 11:07:32.935,0D,0,0,0,0,52,0,0,0,1,3,0,0,0,0,E5
6254,2026-05-21 11:07:33.144,8,0D,0A,0D,0,0,0,0,52,0,0,0,1,3,0,0
6255,2026-05-21 11:07:33.352,0,0,E5,8,0D,0A,0D,0,0,0,0,50,0,0,0,1
6256,2026-05-21 11:07:33.561,3,0,0,0,0,E5,8,0D,0A,0D,0,0,0,0,50,0
6257,2026-05-21 11:07:33.769,0,0,1,3,0,0,0,0,E5,8,0D,0A,0D,0,0,0
6258,2026-05-21 11:07:33.978,0,52,0,0,0,1,3,0,0,0,0,E5,8,0D,0A,0D
6259,2026-05-21 11:07:33.987,0,0,0,0,50,0,0,0,1,3,0,0,0,0,E5,8
6260,2026-05-21 11:07:34.194,0D,0A,0D,0,0,0,0,50,0,0,0,1,3,0,0,0
6261,2026-05-21 11:07:34.403,0,E5,8,0D,0A,0D,0,0,0,0,50,0,0,0,1,3
6262,2026-05-21 11:07:34.612,0,0,0,0,E3,8,0D,0A,0D,0,0,0,0,4F,0,0
6263,2026-05-21 11:07:34.821,0,1,3,0,0,0,0,E3,8,0D,0A,0D,0,0,0,0
6264,2026-05-21 11:07:35.030,4F,0,0,0,1,3,0,0,0,0,E5,8,0D,0A,0D,0
6265,2026-05-21 11:07:35.039,0,0,0,50,0,0,0,1,3,0,0,0,0,E5,8,0D
6266,2026-05-21 11:07:35.246,0A,0D,0,0,0,0,50,0,0,0,1,3,0,0,0,0
6267,2026-05-21 11:07:35.454,E5,8,0D,0A,0D,0,0,0,0,50,0,0,0,1,3,0
6268,2026-05-21 11:07:35.663,0,0,0,E5,8,0D,0A,0D,0,0,0,0,50,0,0,0
6269,2026-05-21 11:07:35.872,1,3,0,0,0,0,E5,8,0D,0A,0D,0,0,0,0,50
6270,2026-05-21 11:07:36.081,0,0,0,1,3,0,0,0,0,E5,8,0D,0A,0D,0,0
6271,2026-05-21 11:07:36.090,0,0,50,0,0,0,1,3,0,0,0,0,E5,8,0D,0A
6272,2026-05-21 11:07:36.297,0D,0,0,0,0,4E,0,0,0,1,3,0,0,0,0,E5
6273,2026-05-21 11:07:36.506,8,0D,0A,0D,0,0,0,0,4E,0,0,0,1,3,0,0
6274,2026-05-21 11:07:36.715,0,0,E7,8,0D,0A,0D,0,0,0,0,4F,0,0,0,1
6275,2026-05-21 11:07:36.924,3,0,0,0,0,E5,8,0D,0A,0D,0,0,0,0,50,0
6276,2026-05-21 11:07:37.132,0,0,1,3,0,0,0,0,E5,8,0D,0A,0D,0,0,0
6277,2026-05-21 11:07:37.341,0,50,0,0,0,1,3,0,0,0,0,E5,8,0D,0A,0D
6278,2026-05-21 11:07:37.355,0,0,0,0,51,0,0,0,1,3,0,0,0,0,E5,8
6279,2026-05-21 11:07:37.558,0D,0A,0D,0,0,0,0,52,0,0,0,1,3,0,0,0
6280,2026-05-21 11:07:37.767,0,E5,8,0D,0A,0D,0,0,0,0,52,0,0,0,1,3
6281,2026-05-21 11:07:37.975,0,0,0,0,E5,8,0D,0A,0D,0,0,0,0,52,0,0
6282,2026-05-21 11:07:38.184,0,1,3,0,0,0,0,E5,8,0D,0A,0D,0,0,0,0
6283,2026-05-21 11:07:38.392,52,0,0,0,1,3,0,0,0,0,E5,8,0D,0A,0D,0
6284,2026-05-21 11:07:38.402,0,0,0,52,0,0,0,1,3,0,0,0,0,E5,8,0D
6285,2026-05-21 11:07:38.610,0A,0D,0,0,0,0,52,0,0,0,1,3,0,0,0,0
6286,2026-05-21 11:07:38.818,E7,8,0D,0A,0D,0,0,0,0,52,0,0,0,1,3,0
6287,2026-05-21 11:07:39.027,0,0,0,E5,8,0D,0A,0D,0,0,0,0,52,0,0,0
6288,2026-05-21 11:07:39.236,1,3,0,0,0,0,E3,8,0D,0A,0D,0,0,0,0,52
6289,2026-05-21 11:07:39.445,0,0,0,1,3,0,0,0,0,E5,8,0D,0A,0D,0,0
6290,2026-05-21 11:07:39.458,0,0,52,0,0,0,1,3,0,0,0,0,E5,8,0D,0A
6291,2026-05-21 11:07:39.662,0D,0,0,0,0,51,0,0,0,1,3,0,0,0,0,E5
6292,2026-05-21 11:07:39.869,8,0D,0A,0D,0,0,0,0,52,0,0,0,1,3,0,0
6293,2026-05-21 11:07:40.079,0,0,E5,8,0D,0A,0D,0,0,0,0,52,0,0,0,1
6294,2026-05-21 11:07:40.287,3,0,0,0,0,E7,8,0D,0A,0D,0,0,0,0,54,0
6295,2026-05-21 11:07:40.496,0,0,1,3,0,0,0,0,E5,8,0D,0A,0D,0,0,0
6296,2026-05-21 11:07:40.706,0,51,0,0,0,1,3,0,0,0,0,E5,8,0D,0A,0D
6297,2026-05-21 11:07:40.722,0,0,0,0,50,0,0,0,1,3,0,0,0,0,E5,8
6298,2026-05-21 11:07:40.921,0D,0A,0D,0,0,0,0,4F,0,0,0,1,3,0,0,0
6299,2026-05-21 11:07:41.130,0,E5,8,0D,0A,0D,0,0,0,0,52,0,0,0,1,3
6300,2026-05-21 11:07:41.338,0,0,0,0,E3,8,0D,0A,0D,0,0,0,0,53,0,0
6301,2026-05-21 11:07:41.547,0,1,3,0,0,0,0,E5,8,0D,0A,0D,0,0,0,0
6302,2026-05-21 11:07:41.756,55,0,0,0,1,3,0,0,0,0,E5,8,0D,0A,0D,0
6303,2026-05-21 11:07:41.765,0,0,0,55,0,0,0,1,3,0,0,0,0,E5,8,0D
6304,2026-05-21 11:07:41.972,0A,0D,0,0,0,0,55,0,0,0,1,3,0,0,0,0
6305,2026-05-21 11:07:42.181,E5,8,0D,0A,0D,0,0,0,0,54,0,0,0,1,3,0
6306,2026-05-21 11:07:42.389,0,0,0,E5,8,0D,0A,0D,0,0,0,0,54,0,0,0
6307,2026-05-21 11:07:42.598,1,3,0,0,0,0,E5,8,0D,0A,0D,0,0,0,0,52
6308,2026-05-21 11:07:42.806,0,0,0,1,3,0,0,0,0,E7,8,0D,0A,0D,0,0
6309,2026-05-21 11:07:42.817,0,0,52,0,0,0,1,3,0,0,0,0,E5,8,0D,0A
6310,2026-05-21 11:07:43.024,0D,0,0,0,0,51,0,0,0,1,3,0,0,0,0,E5
6311,2026-05-21 11:07:43.233,8,0D,0A,0D,0,0,0,0,52,0,0,0,1,3,0,0
6312,2026-05-21 11:07:43.441,0,0,E7,8,0D,0A,0D,0,0,0,0,54,0,0,0,1
6313,2026-05-21 11:07:43.650,3,0,0,0,0,E5,8,0D,0A,0D,0,0,0,0,53,0
6314,2026-05-21 11:07:43.858,0,0,1,3,0,0,0,0,E5,8,0D,0A,0D,0,0,0
6315,2026-05-21 11:07:44.067,0,51,0,0,0,1,3,0,0,0,0,E3,8,0D,0A,0D
6316,2026-05-21 11:07:44.076,0,0,0,0,52,0,0,0,1,3,0,0,0,0,E3,8
6317,2026-05-21 11:07:44.284,0D,0A,0D,0,0,0,0,52,0,0,0,1,3,0,0,0
6318,2026-05-21 11:07:44.492,0,E5,8,0D,0A,0D,0,0,0,0,54,0,0,0,1,3
6319,2026-05-21 11:07:44.701,0,0,0,0,E5,8,0D,0A,0D,0,0,0,0,55,0,0
6320,2026-05-21 11:07:44.909,0,1,3,0,0,0,0,E5,8,0D,0A,0D,0,0,0,0
6321,2026-05-21 11:07:45.118,55,0,0,0,1,3,0,0,0,0,E5,8,0D,0A,0D,0
6322,2026-05-21 11:07:45.129,0,0,0,55,0,0,0,1,3,0,0,0,0,E5,8,0D
6323,2026-05-21 11:07:45.335,0A,0D,0,0,0,0,55,0,0,0,1,3,0,0,0,0
6324,2026-05-21 11:07:45.543,E5,8,0D,0A,0D,0,0,0,0,55,0,0,0,1,3,0
6325,2026-05-21 11:07:45.752,0,0,0,E7,8,0D,0A,0D,0,0,0,0,55,0,0,0
6326,2026-05-21 11:07:45.963,1,3,0,0,0,0,E5,8,0D,0A,0D,0,0,0,0,55
6327,2026-05-21 11:07:46.170,0,0,0,1,3,0,0,0,0,E5,8,0D,0A,0D,0,0
6328,2026-05-21 11:07:46.181,0,0,53,0,0,0,1,3,0,0,0,0,E5,8,0D,0A
6329,2026-05-21 11:07:46.386,0D,0,0,0,0,53,0,0,0,1,3,0,0,0,0,E5
6330,2026-05-21 11:07:46.595,8,0D,0A,0D,0,0,0,0,52,0,0,0,1,3,0,0
6331,2026-05-21 11:07:46.804,0,0,E5,8,0D,0A,0D,0,0,0,0,53,0,0,0,1
6332,2026-05-21 11:07:47.012,3,0,0,0,0,E5,8,0D,0A,0D,0,0,0,0,52,0
6333,2026-05-21 11:07:47.220,0,0,1,3,0,0,0,0,E5,8,0D,0A,0D,0,0,0
6334,2026-05-21 11:07:47.429,0,50,0,0,0,1,3,0,0,0,0,E5,8,0D,0A,0D
6335,2026-05-21 11:07:47.442,0,0,0,0,4F,0,0,0,1,3,0,0,0,0,E5,8
6336,2026-05-21 11:07:47.646,0D,0A,0D,0,0,0,0,51,0,0,0,1,3,0,0,0
6337,2026-05-21 11:07:47.855,0,E5,8,0D,0A,0D,0,0,0,0,52,0,0,0,1,3
6338,2026-05-21 11:07:48.063,0,0,0,0,E5,8,0D,0A,0D,0,0,0,0,54,0,0
6339,2026-05-21 11:07:48.272,0,1,3,0,0,0,0,E5,8,0D,0A,0D,0,0,0,0
6340,2026-05-21 11:07:48.481,53,0,0,0,1,3,0,0,0,0,E5,8,0D,0A,0D,0
6341,2026-05-21 11:07:48.492,0,0,0,54,0,0,0,1,3,0,0,0,0,E5,8,0D
6342,2026-05-21 11:07:48.699,0A,0D,0,0,0,0,52,0,0,0,1,3,0,0,0,0
6343,2026-05-21 11:07:48.907,E5,8,0D,0A,0D,0,0,0,0,53,0,0,0,1,3,0
6344,2026-05-21 11:07:49.116,0,0,0,E5,8,0D,0A,0D,0,0,0,0,52,0,0,0
6345,2026-05-21 11:07:49.323,1,3,0,0,0,0,E5,8,0D,0A,0D,0,0,0,0,54
6346,2026-05-21 11:07:49.532,0,0,0,1,3,0,0,0,0,E5,8,0D,0A,0D,0,0
6347,2026-05-21 11:07:49.541,0,0,52,0,0,0,1,3,0,0,0,0,E5,8,0D,0A
6348,2026-05-21 11:07:49.749,0D,0,0,0,0,54,0,0,0,1,3,0,0,0,0,E5
6349,2026-05-21 11:07:49.959,8,0D,0A,0D,0,0,0,0,52,0,0,0,1,3,0,0
6350,2026-05-21 11:07:50.167,0,0,E5,8,0D,0A,0D,0,0,0,0,52,0,0,0,1
6351,2026-05-21 11:07:50.375,3,0,0,0,0,E5,8,0D,0A,0D,0,0,0,0,51,0
6352,2026-05-21 11:07:50.584,0,0,1,3,0,0,0,0,E5,8,0D,0A,0D,0,0,0
6353,2026-05-21 11:07:50.792,0,52,0,0,0,1,3,0,0,0,0,E3,8,0D,0A,0D
6354,2026-05-21 11:07:50.805,0,0,0,0,50,0,0,0,1,3,0,0,0,0,E5,8
6355,2026-05-21 11:07:51.010,0D,0A,0D,0,0,0,0,52,0,0,0,1,3,0,0,0
6356,2026-05-21 11:07:51.218,0,E5,8,0D,0A,0D,0,0,0,0,52,0,0,0,1,3
6357,2026-05-21 11:07:51.426,0,0,0,0,E5,8,0D,0A,0D,0,0,0,0,52,0,0
6358,2026-05-21 11:07:51.635,0,1,3,0,0,0,0,E5,8,0D,0A,0D,0,0,0,0
6359,2026-05-21 11:07:51.845,51,0,0,0,1,3,0,0,0,0,E7,8,0D,0A,0D,0
6360,2026-05-21 11:07:51.858,0,0,0,52,0,0,0,1,3,0,0,0,0,E5,8,0D
6361,2026-05-21 11:07:52.062,0A,0D,0,0,0,0,52,0,0,0,1,3,0,0,0,0
6362,2026-05-21 11:07:52.270,E5,8,0D,0A,0D,0,0,0,0,54,0,0,0,1,3,0
6363,2026-05-21 11:07:52.478,0,0,0,E7,8,0D,0A,0D,0,0,0,0,52,0,0,0
6364,2026-05-21 11:07:52.687,1,3,0,0,0,0,E7,8,0D,0A,0D,0,0,0,0,50
6365,2026-05-21 11:07:52.896,0,0,0,1,3,0,0,0,0,E3,8,0D,0A,0D,0,0
6366,2026-05-21 11:07:52.905,0,0,50,0,0,0,1,3,0,0,0,0,E5,8,0D,0A
6367,2026-05-21 11:07:53.113,0D,0,0,0,0,50,0,0,0,1,3,0,0,0,0,E5
6368,2026-05-21 11:07:53.321,8,0D,0A,0D,0,0,0,0,50,0,0,0,1,3,0,0
6369,2026-05-21 11:07:53.529,0,0,E5,8,0D,0A,0D,0,0,0,0,51,0,0,0,1
6370,2026-05-21 11:07:53.738,3,0,0,0,0,E5,8,0D,0A,0D,0,0,0,0,50,0
6371,2026-05-21 11:07:53.947,0,0,1,3,0,0,0,0,E3,8,0D,0A,0D,0,0,0
6372,2026-05-21 11:07:54.155,0,50,0,0,0,1,3,0,0,0,0,E5,8,0D,0A,0D
6373,2026-05-21 11:07:54.166,0,0,0,0,50,0,0,0,1,3,0,0,0,0,E5,8
6374,2026-05-21 11:07:54.372,0D,0A,0D,0,0,0,0,50,0,0,0,1,3,0,0,0
6375,2026-05-21 11:07:54.581,0,E3,8,0D,0A,0D,0,0,0,0,50,0,0,0,1,3
6376,2026-05-21 11:07:54.790,0,0,0,0,E5,8,0D,0A,0D,0,0,0,0,50,0,0
6377,2026-05-21 11:07:54.999,0,1,3,0,0,0,0,E5,8,0D,0A,0D,0,0,0,0
6378,2026-05-21 11:07:55.212,50,0,0,0,1,3,0,0,0,0,E5,8,0D,0A,0D,0
6379,2026-05-21 11:07:55.232,0,0,0,50,0,0,0,1,3,0,0,0,0,E5,8,0D
6380,2026-05-21 11:07:55.425,0A,0D,0,0,0,0,50,0,0,0,1,3,0,0,0,0
6381,2026-05-21 11:07:55.632,E5,8,0D,0A,0D,0,0,0,0,50,0,0,0,1,3,0
6382,2026-05-21 11:07:55.842,0,0,0,E5,8,0D,0A,0D,0,0,0,0,50,0,0,0
6383,2026-05-21 11:07:56.050,1,3,0,0,0,0,E5,8,0D,0A,0D,0,0,0,0,51
6384,2026-05-21 11:07:56.258,0,0,0,1,3,0,0,0,0,E3,8,0D,0A,0D,0,0
6385,2026-05-21 11:07:56.268,0,0,52,0,0,0,1,3,0,0,0,0,E5,8,0D,0A
6386,2026-05-21 11:07:56.476,0D,0,0,0,0,52,0,0,0,1,3,0,0,0,0,E5
6387,2026-05-21 11:07:56.685,8,0D,0A,0D,0,0,0,0,53,0,0,0,1,3,0,0
6388,2026-05-21 11:07:56.906,0,0,E5,8,0D,0A,0D,0,0,0,0,52,0,0,0,1
6389,2026-05-21 11:07:57.102,3,0,0,0,0,E5,8,0D,0A,0D,0,0,0,0,52,0
6390,2026-05-21 11:07:57.310,0,0,1,3,0,0,0,0,E5,8,0D,0A,0D,0,0,0
6391,2026-05-21 11:07:57.518,0,52,0,0,0,1,3,0,0,0,0,E5,8,0D,0A,0D
6392,2026-05-21 11:07:57.531,0,0,0,0,53,0,0,0,1,3,0,0,0,0,E3,8
6393,2026-05-21 11:07:57.735,0D,0A,0D,0,0,0,0,52,0,0,0,1,3,0,0,0
6394,2026-05-21 11:07:57.944,0,E3,8,0D,0A,0D,0,0,0,0,53,0,0,0,1,3
6395,2026-05-21 11:07:58.152,0,0,0,0,E5,8,0D,0A,0D,0,0,0,0,53,0,0
6396,2026-05-21 11:07:58.362,0,1,3,0,0,0,0,E7,8,0D,0A,0D,0,0,0,0
6397,2026-05-21 11:07:58.570,55,0,0,0,1,3,0,0,0,0,E7,8,0D,0A,0D,0
6398,2026-05-21 11:07:58.581,0,0,0,54,0,0,0,1,3,0,0,0,0,E3,8,0D
6399,2026-05-21 11:07:58.787,0A,0D,0,0,0,0,54,0,0,0,1,3,0,0,0,0
6400,2026-05-21 11:07:58.995,E5,8,0D,0A,0D,0,0,0,0,52,0,0,0,1,3,0
6401,2026-05-21 11:07:59.204,0,0,0,E3,8,0D,0A,0D,0,0,0,0,53,0,0,0
6402,2026-05-21 11:07:59.414,1,3,0,0,0,0,E5,8,0D,0A,0D,0,0,0,0,52
6403,2026-05-21 11:07:59.621,0,0,0,1,3,0,0,0,0,E5,8,0D,0A,0D,0,0
6404,2026-05-21 11:07:59.631,0,0,54,0,0,0,1,3,0,0,0,0,E5,8,0D,0A
6405,2026-05-21 11:07:59.838,0D,0,0,0,0,54,0,0,0,1,3,0,0,0,0,E5
6406,2026-05-21 11:08:00.047,8,0D,0A,0D,0,0,0,0,54,0,0,0,1,3,0,0
6407,2026-05-21 11:08:00.255,0,0,E5,8,0D,0A,0D,0,0,0,0,53,0,0,0,1
6408,2026-05-21 11:08:00.464,3,0,0,0,0,E5,8,0D,0A,0D,0,0,0,0,54,0
6409,2026-05-21 11:08:00.673,0,0,1,3,0,0,0,0,E5,8,0D,0A,0D,0,0,0
6410,2026-05-21 11:08:00.882,0,53,0,0,0,1,3,0,0,0,0,E5,8,0D,0A,0D
6411,2026-05-21 11:08:00.891,0,0,0,0,54,0,0,0,1,3,0,0,0,0,E5,8
6412,2026-05-21 11:08:01.098,0D,0A,0D,0,0,0,0,54,0,0,0,1,3,0,0,0
6413,2026-05-21 11:08:01.306,0,E5,8,0D,0A,0D,0,0,0,0,54,0,0,0,1,3
6414,2026-05-21 11:08:01.515,0,0,0,0,E7,8,0D,0A,0D,0,0,0,0,52,0,0
6415,2026-05-21 11:08:01.724,0,1,3,0,0,0,0,E5,8,0D,0A,0D,0,0,0,0
6416,2026-05-21 11:08:01.933,53,0,0,0,1,3,0,0,0,0,E5,8,0D,0A,0D,0
6417,2026-05-21 11:08:01.941,0,0,0,53,0,0,0,1,3,0,0,0,0,E5,8,0D
6418,2026-05-21 11:08:02.149,0A,0D,0,0,0,0,54,0,0,0,1,3,0,0,0,0
6419,2026-05-21 11:08:02.349,E3,8,0D,0A,0D,0,0,0,0,53,0,0,0,1,3,0
6420,2026-05-21 11:08:02.567,0,0,0,E5,8,0D,0A,0D,0,0,0,0,54,0,0,0
6421,2026-05-21 11:08:02.775,1,3,0,0,0,0,E3,8,0D,0A,0D,0,0,0,0,52
6422,2026-05-21 11:08:02.984,0,0,0,1,3,0,0,0,0,E5,8,0D,0A,0D,0,0
6423,2026-05-21 11:08:02.998,0,0,52,0,0,0,1,3,0,0,0,0,E5,8,0D,0A
6424,2026-05-21 11:08:03.201,0D,0,0,0,0,51,0,0,0,1,3,0,0,0,0,E5
6425,2026-05-21 11:08:03.409,8,0D,0A,0D,0,0,0,0,52,0,0,0,1,3,0,0
6426,2026-05-21 11:08:03.618,0,0,E7,8,0D,0A,0D,0,0,0,0,51,0,0,0,1
6427,2026-05-21 11:08:03.827,3,0,0,0,0,E5,8,0D,0A,0D,0,0,0,0,51,0
6428,2026-05-21 11:08:04.035,0,0,1,3,0,0,0,0,E3,8,0D,0A,0D,0,0,0
6429,2026-05-21 11:08:04.244,0,50,0,0,0,1,3,0,0,0,0,E5,8,0D,0A,0D
6430,2026-05-21 11:08:04.253,0,0,0,0,50,0,0,0,1,3,0,0,0,0,E3,8
6431,2026-05-21 11:08:04.460,0D,0A,0D,0,0,0,0,50,0,0,0,1,3,0,0,0
6432,2026-05-21 11:08:04.670,0,E5,8,0D,0A,0D,0,0,0,0,51,0,0,0,1,3
6433,2026-05-21 11:08:04.879,0,0,0,0,E3,8,0D,0A,0D,0,0,0,0,50,0,0
6434,2026-05-21 11:08:05.087,0,1,3,0,0,0,0,E5,8,0D,0A,0D,0,0,0,0
6435,2026-05-21 11:08:05.296,52,0,0,0,1,3,0,0,0,0,E7,8,0D,0A,0D,0
6436,2026-05-21 11:08:05.307,0,0,0,51,0,0,0,1,3,0,0,0,0,E7,8,0D
6437,2026-05-21 11:08:05.513,0A,0D,0,0,0,0,50,0,0,0,1,3,0,0,0,0
6438,2026-05-21 11:08:05.721,E5,8,0D,0A,0D,0,0,0,0,50,0,0,0,1,3,0
6439,2026-05-21 11:08:05.929,0,0,0,E5,8,0D,0A,0D,0,0,0,0,51,0,0,0
6440,2026-05-21 11:08:06.139,1,3,0,0,0,0,E7,8,0D,0A,0D,0,0,0,0,51
6441,2026-05-21 11:08:06.347,0,0,0,1,3,0,0,0,0,E5,8,0D,0A,0D,0,0
6442,2026-05-21 11:08:06.357,0,0,52,0,0,0,1,3,0,0,0,0,E5,8,0D,0A
6443,2026-05-21 11:08:06.564,0D,0,0,0,0,50,0,0,0,1,3,0,0,0,0,E5
6444,2026-05-21 11:08:06.773,8,0D,0A,0D,0,0,0,0,51,0,0,0,1,3,0,0
6445,2026-05-21 11:08:06.981,0,0,E5,8,0D,0A,0D,0,0,0,0,51,0,0,0,1
6446,2026-05-21 11:08:07.190,3,0,0,0,0,E5,8,0D,0A,0D,0,0,0,0,51,0
6447,2026-05-21 11:08:07.398,0,0,1,3,0,0,0,0,E5,8,0D,0A,0D,0,0,0
6448,2026-05-21 11:08:07.607,0,51,0,0,0,1,3,0,0,0,0,E7,8,0D,0A,0D
6449,2026-05-21 11:08:07.624,0,0,0,0,51,0,0,0,1,3,0,0,0,0,E5,8
6450,2026-05-21 11:08:07.824,0D,0A,0D,0,0,0,0,51,0,0,0,1,3,0,0,0
6451,2026-05-21 11:08:08.033,0,E3,8,0D,0A,0D,0,0,0,0,50,0,0,0,1,3
6452,2026-05-21 11:08:08.241,0,0,0,0,E5,8,0D,0A,0D,0,0,0,0,4E,0,0
6453,2026-05-21 11:08:08.449,0,1,3,0,0,0,0,E5,8,0D,0A,0D,0,0,0,0
6454,2026-05-21 11:08:08.659,50,0,0,0,1,3,0,0,0,0,E5,8,0D,0A,0D,0
6455,2026-05-21 11:08:08.667,0,0,0,52,0,0,0,1,3,0,0,0,0,E5,8,0D
6456,2026-05-21 11:08:08.875,0A,0D,0,0,0,0,52,0,0,0,1,3,0,0,0,0
6457,2026-05-21 11:08:09.084,E3,8,0D,0A,0D,0,0,0,0,52,0,0,0,1,3,0
6458,2026-05-21 11:08:09.293,0,0,0,E5,8,0D,0A,0D,0,0,0,0,52,0,0,0
6459,2026-05-21 11:08:09.501,1,3,0,0,0,0,E5,8,0D,0A,0D,0,0,0,0,50
6460,2026-05-21 11:08:09.710,0,0,0,1,3,0,0,0,0,E7,8,0D,0A,0D,0,0
6461,2026-05-21 11:08:09.720,0,0,52,0,0,0,1,3,0,0,0,0,E5,8,0D,0A
6462,2026-05-21 11:08:09.926,0D,0,0,0,0,51,0,0,0,1,3,0,0,0,0,E5
6463,2026-05-21 11:08:10.135,8,0D,0A,0D,0,0,0,0,51,0,0,0,1,3,0,0
6464,2026-05-21 11:08:10.344,0,0,E5,8,0D,0A,0D,0,0,0,0,51,0,0,0,1
6465,2026-05-21 11:08:10.553,3,0,0,0,0,E5,8,0D,0A,0D,0,0,0,0,51,0
6466,2026-05-21 11:08:10.762,0,0,1,3,0,0,0,0,E5,8,0D,0A,0D,0,0,0
6467,2026-05-21 11:08:10.970,0,51,0,0,0,1,3,0,0,0,0,E5,8,0D,0A,0D
6468,2026-05-21 11:08:10.981,0,0,0,0,50,0,0,0,1,3,0,0,0,0,E5,8
6469,2026-05-21 11:08:11.188,0D,0A,0D,0,0,0,0,50,0,0,0,1,3,0,0,0
6470,2026-05-21 11:08:11.395,0,E5,8,0D,0A,0D,0,0,0,0,51,0,0,0,1,3
6471,2026-05-21 11:08:11.604,0,0,0,0,E5,8,0D,0A,0D,0,0,0,0,52,0,0
6472,2026-05-21 11:08:11.813,0,1,3,0,0,0,0,E5,8,0D,0A,0D,0,0,0,0
6473,2026-05-21 11:08:12.021,52,0,0,0,1,3,0,0,0,0,E5,8,0D,0A,0D,0
6474,2026-05-21 11:08:12.030,0,0,0,53,0,0,0,1,3,0,0,0,0,E5,8,0D
6475,2026-05-21 11:08:12.238,0A,0D,0,0,0,0,52,0,0,0,1,3,0,0,0,0
6476,2026-05-21 11:08:12.446,E5,8,0D,0A,0D,0,0,0,0,52,0,0,0,1,3,0
6477,2026-05-21 11:08:12.655,0,0,0,E5,8,0D,0A,0D,0,0,0,0,51,0,0,0
6478,2026-05-21 11:08:12.864,1,3,0,0,0,0,E7,8,0D,0A,0D,0,0,0,0,52
6479,2026-05-21 11:08:13.072,0,0,0,1,3,0,0,0,0,E5,8,0D,0A,0D,0,0
6480,2026-05-21 11:08:13.082,0,0,50,0,0,0,1,3,0,0,0,0,E3,8,0D,0A
6481,2026-05-21 11:08:13.289,0D,0,0,0,0,51,0,0,0,1,3,0,0,0,0,E5
6482,2026-05-21 11:08:13.498,8,0D,0A,0D,0,0,0,0,52,0,0,0,1,3,0,0
6483,2026-05-21 11:08:13.706,0,0,E5,8,0D,0A,0D,0,0,0,0,53,0,0,0,1
6484,2026-05-21 11:08:13.915,3,0,0,0,0,E5,8,0D,0A,0D,0,0,0,0,52,0
6485,2026-05-21 11:08:14.123,0,0,1,3,0,0,0,0,E5,8,0D,0A,0D,0,0,0
6486,2026-05-21 11:08:14.332,0,54,0,0,0,1,3,0,0,0,0,E5,8,0D,0A,0D
6487,2026-05-21 11:08:14.342,0,0,0,0,50,0,0,0,1,3,0,0,0,0,E5,8
6488,2026-05-21 11:08:14.550,0D,0A,0D,0,0,0,0,51,0,0,0,1,3,0,0,0
6489,2026-05-21 11:08:14.759,0,E5,8,0D,0A,0D,0,0,0,0,51,0,0,0,1,3
6490,2026-05-21 11:08:14.966,0,0,0,0,E5,8,0D,0A,0D,0,0,0,0,52,0,0
6491,2026-05-21 11:08:15.175,0,1,3,0,0,0,0,E5,8,0D,0A,0D,0,0,0,0
6492,2026-05-21 11:08:15.384,51,0,0,0,1,3,0,0,0,0,E5,8,0D,0A,0D,0
6493,2026-05-21 11:08:15.394,0,0,0,52,0,0,0,1,3,0,0,0,0,E5,8,0D
6494,2026-05-21 11:08:15.602,0A,0D,0,0,0,0,50,0,0,0,1,3,0,0,0,0
6495,2026-05-21 11:08:15.809,E3,8,0D,0A,0D,0,0,0,0,50,0,0,0,1,3,0
6496,2026-05-21 11:08:16.019,0,0,0,E5,8,0D,0A,0D,0,0,0,0,50,0,0,0
6497,2026-05-21 11:08:16.226,1,3,0,0,0,0,E3,8,0D,0A,0D,0,0,0,0,52
6498,2026-05-21 11:08:16.436,0,0,0,1,3,0,0,0,0,E5,8,0D,0A,0D,0,0
6499,2026-05-21 11:08:16.447,0,0,52,0,0,0,1,3,0,0,0,0,E7,8,0D,0A
6500,2026-05-21 11:08:16.653,0D,0,0,0,0,52,0,0,0,1,3,0,0,0,0,E5
6501,2026-05-21 11:08:16.860,8,0D,0A,0D,0,0,0,0,51,0,0,0,1,3,0,0
6502,2026-05-21 11:08:17.069,0,0,E5,8,0D,0A,0D,0,0,0,0,52,0,0,0,1
6503,2026-05-21 11:08:17.279,3,0,0,0,0,E5,8,0D,0A,0D,0,0,0,0,51,0
6504,2026-05-21 11:08:17.487,0,0,1,3,0,0,0,0,E5,8,0D,0A,0D,0,0,0
6505,2026-05-21 11:08:17.695,0,52,0,0,0,1,3,0,0,0,0,E5,8,0D,0A,0D
6506,2026-05-21 11:08:17.709,0,0,0,0,52,0,0,0,1,3,0,0,0,0,E5,8
6507,2026-05-21 11:08:17.914,0D,0A,0D,0,0,0,0,52,0,0,0,1,3,0,0,0
6508,2026-05-21 11:08:18.121,0,E5,8,0D,0A,0D,0,0,0,0,51,0,0,0,1,3
6509,2026-05-21 11:08:18.330,0,0,0,0,E5,8,0D,0A,0D,0,0,0,0,52,0,0
6510,2026-05-21 11:08:18.538,0,1,3,0,0,0,0,E5,8,0D,0A,0D,0,0,0,0
6511,2026-05-21 11:08:18.747,51,0,0,0,1,3,0,0,0,0,E3,8,0D,0A,0D,0
6512,2026-05-21 11:08:18.758,0,0,0,52,0,0,0,1,3,0,0,0,0,E5,8,0D
6513,2026-05-21 11:08:18.963,0A,0D,0,0,0,0,52,0,0,0,1,3,0,0,0,0
6514,2026-05-21 11:08:19.173,E5,8,0D,0A,0D,0,0,0,0,52,0,0,0,1,3,0
6515,2026-05-21 11:08:19.381,0,0,0,E5,8,0D,0A,0D,0,0,0,0,51,0,0,0
6516,2026-05-21 11:08:19.590,1,3,0,0,0,0,E5,8,0D,0A,0D,0,0,0,0,52
6517,2026-05-21 11:08:19.799,0,0,0,1,3,0,0,0,0,E7,8,0D,0A,0D,0,0
6518,2026-05-21 11:08:19.808,0,0,52,0,0,0,1,3,0,0,0,0,E5,8,0D,0A
6519,2026-05-21 11:08:20.016,0D,0,0,0,0,52,0,0,0,1,3,0,0,0,0,E5
6520,2026-05-21 11:08:20.224,8,0D,0A,0D,0,0,0,0,52,0,0,0,1,3,0,0
6521,2026-05-21 11:08:20.433,0,0,E5,8,0D,0A,0D,0,0,0,0,50,0,0,0,1
6522,2026-05-21 11:08:20.641,3,0,0,0,0,E5,8,0D,0A,0D,0,0,0,0,50,0
6523,2026-05-21 11:08:20.850,0,0,1,3,0,0,0,0,E7,8,0D,0A,0D,0,0,0
6524,2026-05-21 11:08:21.059,0,51,0,0,0,1,3,0,0,0,0,E3,8,0D,0A,0D
6525,2026-05-21 11:08:21.071,0,0,0,0,54,0,0,0,1,3,0,0,0,0,E5,8
6526,2026-05-21 11:08:21.276,0D,0A,0D,0,0,0,0,55,0,0,0,1,3,0,0,0
6527,2026-05-21 11:08:21.484,0,E7,8,0D,0A,0D,0,0,0,0,56,0,0,0,1,3
6528,2026-05-21 11:08:21.692,0,0,0,0,E5,8,0D,0A,0D,0,0,0,0,54,0,0
6529,2026-05-21 11:08:21.901,0,1,3,0,0,0,0,E3,8,0D,0A,0D,0,0,0,0
6530,2026-05-21 11:08:22.110,54,0,0,0,1,3,0,0,0,0,E5,8,0D,0A,0D,0
6531,2026-05-21 11:08:22.120,0,0,0,54,0,0,0,1,3,0,0,0,0,E5,8,0D
6532,2026-05-21 11:08:22.327,0A,0D,0,0,0,0,53,0,0,0,1,3,0,0,0,0
6533,2026-05-21 11:08:22.536,E5,8,0D,0A,0D,0,0,0,0,53,0,0,0,1,3,0
6534,2026-05-21 11:08:22.745,0,0,0,E5,8,0D,0A,0D,0,0,0,0,53,0,0,0
6535,2026-05-21 11:08:22.953,1,3,0,0,0,0,E5,8,0D,0A,0D,0,0,0,0,52
6536,2026-05-21 11:08:23.161,0,0,0,1,3,0,0,0,0,E7,8,0D,0A,0D,0,0
6537,2026-05-21 11:08:23.173,0,0,50,0,0,0,1,3,0,0,0,0,E5,8,0D,0A
6538,2026-05-21 11:08:23.378,0D,0,0,0,0,50,0,0,0,1,3,0,0,0,0,E5
6539,2026-05-21 11:08:23.587,8,0D,0A,0D,0,0,0,0,51,0,0,0,1,3,0,0
6540,2026-05-21 11:08:23.796,0,0,E3,8,0D,0A,0D,0,0,0,0,52,0,0,0,1
6541,2026-05-21 11:08:24.003,3,0,0,0,0,E3,8,0D,0A,0D,0,0,0,0,52,0
6542,2026-05-21 11:08:24.213,0,0,1,3,0,0,0,0,E5,8,0D,0A,0D,0,0,0
6543,2026-05-21 11:08:24.421,0,52,0,0,0,1,3,0,0,0,0,E3,8,0D,0A,0D
6544,2026-05-21 11:08:24.430,0,0,0,0,51,0,0,0,1,3,0,0,0,0,E5,8
6545,2026-05-21 11:08:24.638,0D,0A,0D,0,0,0,0,51,0,0,0,1,3,0,0,0
6546,2026-05-21 11:08:24.847,0,E5,8,0D,0A,0D,0,0,0,0,50,0,0,0,1,3
6547,2026-05-21 11:08:25.055,0,0,0,0,E5,8,0D,0A,0D,0,0,0,0,51,0,0
6548,2026-05-21 11:08:25.264,0,1,3,0,0,0,0,E5,8,0D,0A,0D,0,0,0,0
6549,2026-05-21 11:08:25.473,52,0,0,0,1,3,0,0,0,0,E5,8,0D,0A,0D,0
6550,2026-05-21 11:08:25.481,0,0,0,54,0,0,0,1,3,0,0,0,0,E5,8,0D
6551,2026-05-21 11:08:25.689,0A,0D,0,0,0,0,54,0,0,0,1,3,0,0,0,0
6552,2026-05-21 11:08:25.897,E5,8,0D,0A,0D,0,0,0,0,52,0,0,0,1,3,0
6553,2026-05-21 11:08:26.106,0,0,0,E7,8,0D,0A,0D,0,0,0,0,52,0,0,0
6554,2026-05-21 11:08:26.315,1,3,0,0,0,0,E5,8,0D,0A,0D,0,0,0,0,52
6555,2026-05-21 11:08:26.524,0,0,0,1,3,0,0,0,0,E5,8,0D,0A,0D,0,0
6556,2026-05-21 11:08:26.533,0,0,54,0,0,0,1,3,0,0,0,0,E7,8,0D,0A
6557,2026-05-21 11:08:26.740,0D,0,0,0,0,53,0,0,0,1,3,0,0,0,0,E7
6558,2026-05-21 11:08:26.949,8,0D,0A,0D,0,0,0,0,54,0,0,0,1,3,0,0
6559,2026-05-21 11:08:27.158,0,0,E5,8,0D,0A,0D,0,0,0,0,52,0,0,0,1
6560,2026-05-21 11:08:27.366,3,0,0,0,0,E5,8,0D,0A,0D,0,0,0,0,52,0
6561,2026-05-21 11:08:27.575,0,0,1,3,0,0,0,0,E5,8,0D,0A,0D,0,0,0
6562,2026-05-21 11:08:27.784,0,52,0,0,0,1,3,0,0,0,0,E3,8,0D,0A,0D
6563,2026-05-21 11:08:27.793,0,0,0,0,53,0,0,0,1,3,0,0,0,0,E5,8
6564,2026-05-21 11:08:28.000,0D,0A,0D,0,0,0,0,52,0,0,0,1,3,0,0,0
6565,2026-05-21 11:08:28.209,0,E5,8,0D,0A,0D,0,0,0,0,53,0,0,0,1,3
6566,2026-05-21 11:08:28.418,0,0,0,0,E5,8,0D,0A,0D,0,0,0,0,52,0,0
6567,2026-05-21 11:08:28.626,0,1,3,0,0,0,0,E5,8,0D,0A,0D,0,0,0,0
6568,2026-05-21 11:08:28.837,53,0,0,0,1,3,0,0,0,0,E5,8,0D,0A,0D,0
6569,2026-05-21 11:08:28.849,0,0,0,52,0,0,0,1,3,0,0,0,0,E5,8,0D
6570,2026-05-21 11:08:29.051,0A,0D,0,0,0,0,53,0,0,0,1,3,0,0,0,0
6571,2026-05-21 11:08:29.251,E7,8,0D,0A,0D,0,0,0,0,53,0,0,0,1,3,0
6572,2026-05-21 11:08:29.470,0,0,0,E5,8,0D,0A,0D,0,0,0,0,54,0,0,0
6573,2026-05-21 11:08:29.677,1,3,0,0,0,0,E3,8,0D,0A,0D,0,0,0,0,52
6574,2026-05-21 11:08:29.886,0,0,0,1,3,0,0,0,0,E5,8,0D,0A,0D,0,0
6575,2026-05-21 11:08:29.897,0,0,53,0,0,0,1,3,0,0,0,0,E5,8,0D,0A
6576,2026-05-21 11:08:30.103,0D,0,0,0,0,52,0,0,0,1,3,0,0,0,0,E5
6577,2026-05-21 11:08:30.311,8,0D,0A,0D,0,0,0,0,54,0,0,0,1,3,0,0
6578,2026-05-21 11:08:30.520,0,0,E7,8,0D,0A,0D,0,0,0,0,53,0,0,0,1
6579,2026-05-21 11:08:30.729,3,0,0,0,0,E5,8,0D,0A,0D,0,0,0,0,54,0
6580,2026-05-21 11:08:30.938,0,0,1,3,0,0,0,0,E7,8,0D,0A,0D,0,0,0
6581,2026-05-21 11:08:31.147,0,52,0,0,0,1,3,0,0,0,0,E5,8,0D,0A,0D
6582,2026-05-21 11:08:31.160,0,0,0,0,52,0,0,0,1,3,0,0,0,0,E5,8
6583,2026-05-21 11:08:31.363,0D,0A,0D,0,0,0,0,52,0,0,0,1,3,0,0,0
6584,2026-05-21 11:08:31.572,0,E3,8,0D,0A,0D,0,0,0,0,52,0,0,0,1,3
6585,2026-05-21 11:08:31.780,0,0,0,0,E7,8,0D,0A,0D,0,0,0,0,52,0,0
6586,2026-05-21 11:08:31.990,0,1,3,0,0,0,0,E5,8,0D,0A,0D,0,0,0,0
6587,2026-05-21 11:08:32.197,52,0,0,0,1,3,0,0,0,0,E5,8,0D,0A,0D,0
6588,2026-05-21 11:08:32.211,0,0,0,52,0,0,0,1,3,0,0,0,0,E5,8,0D
6589,2026-05-21 11:08:32.415,0A,0D,0,0,0,0,52,0,0,0,1,3,0,0,0,0
6590,2026-05-21 11:08:32.623,E5,8,0D,0A,0D,0,0,0,0,52,0,0,0,1,3,0
6591,2026-05-21 11:08:32.832,0,0,0,E7,8,0D,0A,0D,0,0,0,0,54,0,0,0
6592,2026-05-21 11:08:33.040,1,3,0,0,0,0,E5,8,0D,0A,0D,0,0,0,0,53
6593,2026-05-21 11:08:33.249,0,0,0,1,3,0,0,0,0,E5,8,0D,0A,0D,0,0
6594,2026-05-21 11:08:33.263,0,0,55,0,0,0,1,3,0,0,0,0,E5,8,0D,0A
6595,2026-05-21 11:08:33.466,0D,0,0,0,0,53,0,0,0,1,3,0,0,0,0,E5
6596,2026-05-21 11:08:33.675,8,0D,0A,0D,0,0,0,0,54,0,0,0,1,3,0,0
6597,2026-05-21 11:08:33.884,0,0,E5,8,0D,0A,0D,0,0,0,0,54,0,0,0,1
6598,2026-05-21 11:08:34.091,3,0,0,0,0,E5,8,0D,0A,0D,0,0,0,0,54,0
6599,2026-05-21 11:08:34.300,0,0,1,3,0,0,0,0,E3,8,0D,0A,0D,0,0,0
6600,2026-05-21 11:08:34.509,0,56,0,0,0,1,3,0,0,0,0,E5,8,0D,0A,0D
6601,2026-05-21 11:08:34.522,0,0,0,0,56,0,0,0,1,3,0,0,0,0,E5,8
6602,2026-05-21 11:08:34.726,0D,0A,0D,0,0,0,0,56,0,0,0,1,3,0,0,0
6603,2026-05-21 11:08:34.935,0,E5,8,0D,0A,0D,0,0,0,0,56,0,0,0,1,3
6604,2026-05-21 11:08:35.143,0,0,0,0,E3,8,0D,0A,0D,0,0,0,0,56,0,0
6605,2026-05-21 11:08:35.352,0,1,3,0,0,0,0,E3,8,0D,0A,0D,0,0,0,0
6606,2026-05-21 11:08:35.560,57,0,0,0,1,3,0,0,0,0,E5,8,0D,0A,0D,0
6607,2026-05-21 11:08:35.576,0,0,0,56,0,0,0,1,3,0,0,0,0,E3,8,0D
6608,2026-05-21 11:08:35.777,0A,0D,0,0,0,0,57,0,0,0,1,3,0,0,0,0
6609,2026-05-21 11:08:35.986,E7,8,0D,0A,0D,0,0,0,0,56,0,0,0,1,3,0
6610,2026-05-21 11:08:36.197,0,0,0,E5,8,0D,0A,0D,0,0,0,0,56,0,0,0
6611,2026-05-21 11:08:36.403,1,3,0,0,0,0,E3,8,0D,0A,0D,0,0,0,0,56
6612,2026-05-21 11:08:36.612,0,0,0,1,3,0,0,0,0,E5,8,0D,0A,0D,0,0
6613,2026-05-21 11:08:36.624,0,0,56,0,0,0,1,3,0,0,0,0,E5,8,0D,0A
6614,2026-05-21 11:08:36.831,0D,0,0,0,0,56,0,0,0,1,3,0,0,0,0,E5
6615,2026-05-21 11:08:37.038,8,0D,0A,0D,0,0,0,0,56,0,0,0,1,3,0,0
6616,2026-05-21 11:08:37.246,0,0,E5,8,0D,0A,0D,0,0,0,0,56,0,0,0,1
6617,2026-05-21 11:08:37.454,3,0,0,0,0,E3,8,0D,0A,0D,0,0,0,0,56,0
6618,2026-05-21 11:08:37.663,0,0,1,3,0,0,0,0,E5,8,0D,0A,0D,0,0,0
6619,2026-05-21 11:08:37.872,0,56,0,0,0,1,3,0,0,0,0,E5,8,0D,0A,0D
6620,2026-05-21 11:08:37.884,0,0,0,0,56,0,0,0,1,3,0,0,0,0,E3,8
6621,2026-05-21 11:08:38.089,0D,0A,0D,0,0,0,0,56,0,0,0,1,3,0,0,0
6622,2026-05-21 11:08:38.297,0,E3,8,0D,0A,0D,0,0,0,0,56,0,0,0,1,3
6623,2026-05-21 11:08:38.506,0,0,0,0,E5,8,0D,0A,0D,0,0,0,0,55,0,0
6624,2026-05-21 11:08:38.715,0,1,3,0,0,0,0,E5,8,0D,0A,0D,0,0,0,0
6625,2026-05-21 11:08:38.924,56,0,0,0,1,3,0,0,0,0,E5,8,0D,0A,0D,0
6626,2026-05-21 11:08:38.936,0,0,0,56,0,0,0,1,3,0,0,0,0,E5,8,0D
6627,2026-05-21 11:08:39.140,0A,0D,0,0,0,0,56,0,0,0,1,3,0,0,0,0
6628,2026-05-21 11:08:39.349,E3,8,0D,0A,0D,0,0,0,0,56,0,0,0,1,3,0
6629,2026-05-21 11:08:39.557,0,0,0,E5,8,0D,0A,0D,0,0,0,0,56,0,0,0
6630,2026-05-21 11:08:39.766,1,3,0,0,0,0,E5,8,0D,0A,0D,0,0,0,0,55
6631,2026-05-21 11:08:39.974,0,0,0,1,3,0,0,0,0,E5,8,0D,0A,0D,0,0
6632,2026-05-21 11:08:39.986,0,0,55,0,0,0,1,3,0,0,0,0,E5,8,0D,0A
6633,2026-05-21 11:08:40.192,0D,0,0,0,0,54,0,0,0,1,3,0,0,0,0,E5
6634,2026-05-21 11:08:40.400,8,0D,0A,0D,0,0,0,0,54,0,0,0,1,3,0,0
6635,2026-05-21 11:08:40.609,0,0,E3,8,0D,0A,0D,0,0,0,0,54,0,0,0,1
6636,2026-05-21 11:08:40.818,3,0,0,0,0,E5,8,0D,0A,0D,0,0,0,0,55,0
6637,2026-05-21 11:08:41.027,0,0,1,3,0,0,0,0,E5,8,0D,0A,0D,0,0,0
6638,2026-05-21 11:08:41.233,0,54,0,0,0,1,3,0,0,0,0,E7,8,0D,0A,0D
6639,2026-05-21 11:08:41.245,0,0,0,0,54,0,0,0,1,3,0,0,0,0,E5,8
6640,2026-05-21 11:08:41.451,0D,0A,0D,0,0,0,0,54,0,0,0,1,3,0,0,0
6641,2026-05-21 11:08:41.650,0,E5,8,0D,0A,0D,0,0,0,0,56,0,0,0,1,3
6642,2026-05-21 11:08:41.869,0,0,0,0,E5,8,0D,0A,0D,0,0,0,0,56,0,0
6643,2026-05-21 11:08:42.078,0,1,3,0,0,0,0,E5,8,0D,0A,0D,0,0,0,0
6644,2026-05-21 11:08:42.286,56,0,0,0,1,3,0,0,0,0,E5,8,0D,0A,0D,0
6645,2026-05-21 11:08:42.296,0,0,0,56,0,0,0,1,3,0,0,0,0,E5,8,0D
6646,2026-05-21 11:08:42.503,0A,0D,0,0,0,0,56,0,0,0,1,3,0,0,0,0
6647,2026-05-21 11:08:42.712,E3,8,0D,0A,0D,0,0,0,0,55,0,0,0,1,3,0
6648,2026-05-21 11:08:42.921,0,0,0,E7,8,0D,0A,0D,0,0,0,0,54,0,0,0
6649,2026-05-21 11:08:43.132,1,3,0,0,0,0,E5,8,0D,0A,0D,0,0,0,0,56
6650,2026-05-21 11:08:43.338,0,0,0,1,3,0,0,0,0,E5,8,0D,0A,0D,0,0
6651,2026-05-21 11:08:43.350,0,0,56,0,0,0,1,3,0,0,0,0,E3,8,0D,0A
6652,2026-05-21 11:08:43.555,0D,0,0,0,0,56,0,0,0,1,3,0,0,0,0,E5
6653,2026-05-21 11:08:43.764,8,0D,0A,0D,0,0,0,0,55,0,0,0,1,3,0,0
6654,2026-05-21 11:08:43.972,0,0,E5,8,0D,0A,0D,0,0,0,0,55,0,0,0,1
6655,2026-05-21 11:08:44.181,3,0,0,0,0,E5,8,0D,0A,0D,0,0,0,0,54,0
6656,2026-05-21 11:08:44.389,0,0,1,3,0,0,0,0,E5,8,0D,0A,0D,0,0,0
6657,2026-05-21 11:08:44.597,0,56,0,0,0,1,3,0,0,0,0,E5,8,0D,0A,0D
6658,2026-05-21 11:08:44.609,0,0,0,0,56,0,0,0,1,3,0,0,0,0,E5,8
6659,2026-05-21 11:08:44.814,0D,0A,0D,0,0,0,0,56,0,0,0,1,3,0,0,0
6660,2026-05-21 11:08:45.023,0,E7,8,0D,0A,0D,0,0,0,0,56,0,0,0,1,3
6661,2026-05-21 11:08:45.232,0,0,0,0,E3,8,0D,0A,0D,0,0,0,0,56,0,0
6662,2026-05-21 11:08:45.440,0,1,3,0,0,0,0,E7,8,0D,0A,0D,0,0,0,0
6663,2026-05-21 11:08:45.649,55,0,0,0,1,3,0,0,0,0,E3,8,0D,0A,0D,0
6664,2026-05-21 11:08:45.663,0,0,0,56,0,0,0,1,3,0,0,0,0,E5,8,0D
6665,2026-05-21 11:08:45.866,0A,0D,0,0,0,0,56,0,0,0,1,3,0,0,0,0
6666,2026-05-21 11:08:46.075,E5,8,0D,0A,0D,0,0,0,0,56,0,0,0,1,3,0
6667,2026-05-21 11:08:46.283,0,0,0,E5,8,0D,0A,0D,0,0,0,0,56,0,0,0
6668,2026-05-21 11:08:46.491,1,3,0,0,0,0,E5,8,0D,0A,0D,0,0,0,0,56
6669,2026-05-21 11:08:46.700,0,0,0,1,3,0,0,0,0,E5,8,0D,0A,0D,0,0
6670,2026-05-21 11:08:46.709,0,0,56,0,0,0,1,3,0,0,0,0,E5,8,0D,0A
6671,2026-05-21 11:08:46.917,0D,0,0,0,0,56,0,0,0,1,3,0,0,0,0,E5
6672,2026-05-21 11:08:47.125,8,0D,0A,0D,0,0,0,0,56,0,0,0,1,3,0,0
6673,2026-05-21 11:08:47.334,0,0,E5,8,0D,0A,0D,0,0,0,0,56,0,0,0,1
6674,2026-05-21 11:08:47.543,3,0,0,0,0,E5,8,0D,0A,0D,0,0,0,0,56,0
6675,2026-05-21 11:08:47.752,0,0,1,3,0,0,0,0,E5,8,0D,0A,0D,0,0,0
6676,2026-05-21 11:08:47.960,0,56,0,0,0,1,3,0,0,0,0,E7,8,0D,0A,0D
6677,2026-05-21 11:08:47.970,0,0,0,0,56,0,0,0,1,3,0,0,0,0,E5,8
6678,2026-05-21 11:08:48.176,0D,0A,0D,0,0,0,0,56,0,0,0,1,3,0,0,0
6679,2026-05-21 11:08:48.386,0,E5,8,0D,0A,0D,0,0,0,0,56,0,0,0,1,3
6680,2026-05-21 11:08:48.595,0,0,0,0,E3,8,0D,0A,0D,0,0,0,0,56,0,0
6681,2026-05-21 11:08:48.803,0,1,3,0,0,0,0,E5,8,0D,0A,0D,0,0,0,0
6682,2026-05-21 11:08:49.012,56,0,0,0,1,3,0,0,0,0,E5,8,0D,0A,0D,0
6683,2026-05-21 11:08:49.023,0,0,0,56,0,0,0,1,3,0,0,0,0,E5,8,0D
6684,2026-05-21 11:08:49.229,0A,0D,0,0,0,0,56,0,0,0,1,3,0,0,0,0
6685,2026-05-21 11:08:49.437,E5,8,0D,0A,0D,0,0,0,0,56,0,0,0,1,3,0
6686,2026-05-21 11:08:49.637,0,0,0,E7,8,0D,0A,0D,0,0,0,0,56,0,0,0
6687,2026-05-21 11:08:49.854,1,3,0,0,0,0,E5,8,0D,0A,0D,0,0,0,0,56
6688,2026-05-21 11:08:50.063,0,0,0,1,3,0,0,0,0,E5,8,0D,0A,0D,0,0
6689,2026-05-21 11:08:50.073,0,0,56,0,0,0,1,3,0,0,0,0,E5,8,0D,0A
6690,2026-05-21 11:08:50.280,0D,0,0,0,0,56,0,0,0,1,3,0,0,0,0,E5
6691,2026-05-21 11:08:50.489,8,0D,0A,0D,0,0,0,0,56,0,0,0,1,3,0,0
6692,2026-05-21 11:08:50.698,0,0,E5,8,0D,0A,0D,0,0,0,0,56,0,0,0,1
6693,2026-05-21 11:08:50.906,3,0,0,0,0,E5,8,0D,0A,0D,0,0,0,0,56,0
6694,2026-05-21 11:08:51.114,0,0,1,3,0,0,0,0,E5,8,0D,0A,0D,0,0,0
6695,2026-05-21 11:08:51.323,0,57,0,0,0,1,3,0,0,0,0,E5,8,0D,0A,0D
6696,2026-05-21 11:08:51.333,0,0,0,0,56,0,0,0,1,3,0,0,0,0,E5,8
6697,2026-05-21 11:08:51.540,0D,0A,0D,0,0,0,0,56,0,0,0,1,3,0,0,0
6698,2026-05-21 11:08:51.748,0,E5,8,0D,0A,0D,0,0,0,0,56,0,0,0,1,3
6699,2026-05-21 11:08:51.957,0,0,0,0,E5,8,0D,0A,0D,0,0,0,0,56,0,0
6700,2026-05-21 11:08:52.165,0,1,3,0,0,0,0,E5,8,0D,0A,0D,0,0,0,0
6701,2026-05-21 11:08:52.374,56,0,0,0,1,3,0,0,0,0,E5,8,0D,0A,0D,0
6702,2026-05-21 11:08:52.383,0,0,0,57,0,0,0,1,3,0,0,0,0,E5,8,0D
6703,2026-05-21 11:08:52.591,0A,0D,0,0,0,0,56,0,0,0,1,3,0,0,0,0
6704,2026-05-21 11:08:52.800,E5,8,0D,0A,0D,0,0,0,0,57,0,0,0,1,3,0
6705,2026-05-21 11:08:53.009,0,0,0,E5,8,0D,0A,0D,0,0,0,0,56,0,0,0
6706,2026-05-21 11:08:53.217,1,3,0,0,0,0,E5,8,0D,0A,0D,0,0,0,0,57
6707,2026-05-21 11:08:53.426,0,0,0,1,3,0,0,0,0,E5,8,0D,0A,0D,0,0
6708,2026-05-21 11:08:53.435,0,0,57,0,0,0,1,3,0,0,0,0,E3,8,0D,0A
6709,2026-05-21 11:08:53.633,0D,0,0,0,0,58,0,0,0,1,3,0,0,0,0,E5
6710,2026-05-21 11:08:53.910,8,0D,0A,0D,0,0,0,0,57,0,0,0,1,3,0,0
6711,2026-05-21 11:08:54.051,0,0,E7,8,0D,0A,0D,0,0,0,0,57,0,0,0,1
6712,2026-05-21 11:08:54.268,3,0,0,0,0,E5,8,0D,0A,0D,0,0,0,0,56,0
6713,2026-05-21 11:08:54.477,0,0,1,3,0,0,0,0,E5,8,0D,0A,0D,0,0,0
6714,2026-05-21 11:08:54.685,0,57,0,0,0,1,3,0,0,0,0,E5,8,0D,0A,0D
6715,2026-05-21 11:08:54.694,0,0,0,0,56,0,0,0,1,3,0,0,0,0,E5,8
6716,2026-05-21 11:08:54.903,0D,0A,0D,0,0,0,0,57,0,0,0,1,3,0,0,0
6717,2026-05-21 11:08:55.111,0,E5,8,0D,0A,0D,0,0,0,0,56,0,0,0,1,3
6718,2026-05-21 11:08:55.320,0,0,0,0,E5,8,0D,0A,0D,0,0,0,0,56,0,0
6719,2026-05-21 11:08:55.529,0,1,3,0,0,0,0,E5,8,0D,0A,0D,0,0,0,0
6720,2026-05-21 11:08:55.737,56,0,0,0,1,3,0,0,0,0,E5,8,0D,0A,0D,0
6721,2026-05-21 11:08:55.747,0,0,0,56,0,0,0,1,3,0,0,0,0,E5,8,0D
6722,2026-05-21 11:08:55.954,0A,0D,0,0,0,0,56,0,0,0,1,3,0,0,0,0
6723,2026-05-21 11:08:56.163,E5,8,0D,0A,0D,0,0,0,0,57,0,0,0,1,3,0
6724,2026-05-21 11:08:56.371,0,0,0,E5,8,0D,0A,0D,0,0,0,0,56,0,0,0
6725,2026-05-21 11:08:56.581,1,3,0,0,0,0,E5,8,0D,0A,0D,0,0,0,0,56
6726,2026-05-21 11:08:56.788,0,0,0,1,3,0,0,0,0,E5,8,0D,0A,0D,0,0
6727,2026-05-21 11:08:56.799,0,0,56,0,0,0,1,3,0,0,0,0,E5,8,0D,0A
6728,2026-05-21 11:08:57.005,0D,0,0,0,0,56,0,0,0,1,3,0,0,0,0,E5
6729,2026-05-21 11:08:57.214,8,0D,0A,0D,0,0,0,0,56,0,0,0,1,3,0,0
6730,2026-05-21 11:08:57.423,0,0,E5,8,0D,0A,0D,0,0,0,0,56,0,0,0,1
6731,2026-05-21 11:08:57.631,3,0,0,0,0,E5,8,0D,0A,0D,0,0,0,0,56,0
6732,2026-05-21 11:08:57.840,0,0,1,3,0,0,0,0,E5,8,0D,0A,0D,0,0,0
6733,2026-05-21 11:08:58.048,0,56,0,0,0,1,3,0,0,0,0,E5,8,0D,0A,0D
6734,2026-05-21 11:08:58.058,0,0,0,0,56,0,0,0,1,3,0,0,0,0,E5,8
6735,2026-05-21 11:08:58.266,0D,0A,0D,0,0,0,0,56,0,0,0,1,3,0,0,0
6736,2026-05-21 11:08:58.475,0,E5,8,0D,0A,0D,0,0,0,0,56,0,0,0,1,3
6737,2026-05-21 11:08:58.683,0,0,0,0,E5,8,0D,0A,0D,0,0,0,0,56,0,0
6738,2026-05-21 11:08:58.892,0,1,3,0,0,0,0,E5,8,0D,0A,0D,0,0,0,0
6739,2026-05-21 11:08:59.100,56,0,0,0,1,3,0,0,0,0,E5,8,0D,0A,0D,0
6740,2026-05-21 11:08:59.109,0,0,0,56,0,0,0,1,3,0,0,0,0,E5,8,0D
6741,2026-05-21 11:08:59.317,0A,0D,0,0,0,0,55,0,0,0,1,3,0,0,0,0
6742,2026-05-21 11:08:59.526,E5,8,0D,0A,0D,0,0,0,0,55,0,0,0,1,3,0
6743,2026-05-21 11:08:59.734,0,0,0,E5,8,0D,0A,0D,0,0,0,0,56,0,0,0
6744,2026-05-21 11:08:59.943,1,3,0,0,0,0,E5,8,0D,0A,0D,0,0,0,0,56
6745,2026-05-21 11:09:00.152,0,0,0,1,3,0,0,0,0,E5,8,0D,0A,0D,0,0
6746,2026-05-21 11:09:00.161,0,0,55,0,0,0,1,3,0,0,0,0,E5,8,0D,0A
6747,2026-05-21 11:09:00.369,0D,0,0,0,0,55,0,0,0,1,3,0,0,0,0,E5
6748,2026-05-21 11:09:00.583,8,0D,0A,0D,0,0,0,0,54,0,0,0,1,3,0,0
6749,2026-05-21 11:09:00.786,0,0,E5,8,0D,0A,0D,0,0,0,0,54,0,0,0,1
6750,2026-05-21 11:09:00.995,3,0,0,0,0,E5,8,0D,0A,0D,0,0,0,0,54,0
6751,2026-05-21 11:09:01.204,0,0,1,3,0,0,0,0,E5,8,0D,0A,0D,0,0,0
6752,2026-05-21 11:09:01.411,0,55,0,0,0,1,3,0,0,0,0,E3,8,0D,0A,0D
6753,2026-05-21 11:09:01.422,0,0,0,0,56,0,0,0,1,3,0,0,0,0,E5,8
6754,2026-05-21 11:09:01.628,0D,0A,0D,0,0,0,0,56,0,0,0,1,3,0,0,0
6755,2026-05-21 11:09:01.838,0,E5,8,0D,0A,0D,0,0,0,0,56,0,0,0,1,3
6756,2026-05-21 11:09:02.042,0,0,0,0,E5,8,0D,0A,0D,0,0,0,0,56,0,0
6757,2026-05-21 11:09:02.255,0,1,3,0,0,0,0,E3,8,0D,0A,0D,0,0,0,0
6758,2026-05-21 11:09:02.463,56,0,0,0,1,3,0,0,0,0,E7,8,0D,0A,0D,0
6759,2026-05-21 11:09:02.473,0,0,0,56,0,0,0,1,3,0,0,0,0,E5,8,0D
6760,2026-05-21 11:09:02.681,0A,0D,0,0,0,0,56,0,0,0,1,3,0,0,0,0
6761,2026-05-21 11:09:02.888,E5,8,0D,0A,0D,0,0,0,0,56,0,0,0,1,3,0
6762,2026-05-21 11:09:03.098,0,0,0,E5,8,0D,0A,0D,0,0,0,0,56,0,0,0
6763,2026-05-21 11:09:03.306,1,3,0,0,0,0,E5,8,0D,0A,0D,0,0,0,0,56
6764,2026-05-21 11:09:03.515,0,0,0,1,3,0,0,0,0,E5,8,0D,0A,0D,0,0
6765,2026-05-21 11:09:03.525,0,0,56,0,0,0,1,3,0,0,0,0,E5,8,0D,0A
6766,2026-05-21 11:09:03.731,0D,0,0,0,0,56,0,0,0,1,3,0,0,0,0,E5
6767,2026-05-21 11:09:03.940,8,0D,0A,0D,0,0,0,0,56,0,0,0,1,3,0,0
6768,2026-05-21 11:09:04.149,0,0,E5,8,0D,0A,0D,0,0,0,0,55,0,0,0,1
6769,2026-05-21 11:09:04.357,3,0,0,0,0,E5,8,0D,0A,0D,0,0,0,0,56,0
6770,2026-05-21 11:09:04.566,0,0,1,3,0,0,0,0,E5,8,0D,0A,0D,0,0,0
6771,2026-05-21 11:09:04.775,0,56,0,0,0,1,3,0,0,0,0,E5,8,0D,0A,0D
6772,2026-05-21 11:09:04.786,0,0,0,0,56,0,0,0,1,3,0,0,0,0,E5,8
6773,2026-05-21 11:09:04.991,0D,0A,0D,0,0,0,0,57,0,0,0,1,3,0,0,0
6774,2026-05-21 11:09:05.200,0,E5,8,0D,0A,0D,0,0,0,0,57,0,0,0,1,3
6775,2026-05-21 11:09:05.409,0,0,0,0,E5,8,0D,0A,0D,0,0,0,0,56,0,0
6776,2026-05-21 11:09:05.617,0,1,3,0,0,0,0,E5,8,0D,0A,0D,0,0,0,0
6777,2026-05-21 11:09:05.826,56,0,0,0,1,3,0,0,0,0,E3,8,0D,0A,0D,0
6778,2026-05-21 11:09:05.836,0,0,0,57,0,0,0,1,3,0,0,0,0,E5,8,0D
6779,2026-05-21 11:09:06.042,0A,0D,0,0,0,0,57,0,0,0,1,3,0,0,0,0
6780,2026-05-21 11:09:06.251,E5,8,0D,0A,0D,0,0,0,0,57,0,0,0,1,3,0
6781,2026-05-21 11:09:06.460,0,0,0,E5,8,0D,0A,0D,0,0,0,0,57,0,0,0
6782,2026-05-21 11:09:06.669,1,3,0,0,0,0,E5,8,0D,0A,0D,0,0,0,0,56
6783,2026-05-21 11:09:06.877,0,0,0,1,3,0,0,0,0,E5,8,0D,0A,0D,0,0
6784,2026-05-21 11:09:06.888,0,0,56,0,0,0,1,3,0,0,0,0,E7,8,0D,0A
6785,2026-05-21 11:09:07.093,0D,0,0,0,0,56,0,0,0,1,3,0,0,0,0,E3
6786,2026-05-21 11:09:07.303,8,0D,0A,0D,0,0,0,0,56,0,0,0,1,3,0,0
6787,2026-05-21 11:09:07.511,0,0,E5,8,0D,0A,0D,0,0,0,0,57,0,0,0,1
6788,2026-05-21 11:09:07.720,3,0,0,0,0,E5,8,0D,0A,0D,0,0,0,0,57,0
6789,2026-05-21 11:09:07.928,0,0,1,3,0,0,0,0,E5,8,0D,0A,0D,0,0,0
6790,2026-05-21 11:09:08.137,0,57,0,0,0,1,3,0,0,0,0,E3,8,0D,0A,0D
6791,2026-05-21 11:09:08.147,0,0,0,0,56,0,0,0,1,3,0,0,0,0,E5,8
6792,2026-05-21 11:09:08.359,0D,0A,0D,0,0,0,0,56,0,0,0,1,3,0,0,0
6793,2026-05-21 11:09:08.564,0,E5,8,0D,0A,0D,0,0,0,0,56,0,0,0,1,3
6794,2026-05-21 11:09:08.771,0,0,0,0,E7,8,0D,0A,0D,0,0,0,0,56,0,0
6795,2026-05-21 11:09:08.981,0,1,3,0,0,0,0,E5,8,0D,0A,0D,0,0,0,0
6796,2026-05-21 11:09:09.189,57,0,0,0,1,3,0,0,0,0,E5,8,0D,0A,0D,0
6797,2026-05-21 11:09:09.199,0,0,0,57,0,0,0,1,3,0,0,0,0,E5,8,0D
6798,2026-05-21 11:09:09.405,0A,0D,0,0,0,0,57,0,0,0,1,3,0,0,0,0
6799,2026-05-21 11:09:09.615,E5,8,0D,0A,0D,0,0,0,0,58,0,0,0,1,3,0
6800,2026-05-21 11:09:09.823,0,0,0,E5,8,0D,0A,0D,0,0,0,0,58,0,0,0
6801,2026-05-21 11:09:10.031,1,3,0,0,0,0,E5,8,0D,0A,0D,0,0,0,0,59
6802,2026-05-21 11:09:10.240,0,0,0,1,3,0,0,0,0,E5,8,0D,0A,0D,0,0
6803,2026-05-21 11:09:10.252,0,0,59,0,0,0,1,3,0,0,0,0,E5,8,0D,0A
6804,2026-05-21 11:09:10.457,0D,0,0,0,0,59,0,0,0,1,3,0,0,0,0,E5
6805,2026-05-21 11:09:10.665,8,0D,0A,0D,0,0,0,0,59,0,0,0,1,3,0,0
6806,2026-05-21 11:09:10.875,0,0,E5,8,0D,0A,0D,0,0,0,0,59,0,0,0,1
6807,2026-05-21 11:09:11.083,3,0,0,0,0,E3,8,0D,0A,0D,0,0,0,0,59,0
6808,2026-05-21 11:09:11.292,0,0,1,3,0,0,0,0,E5,8,0D,0A,0D,0,0,0
6809,2026-05-21 11:09:11.501,0,59,0,0,0,1,3,0,0,0,0,E5,8,0D,0A,0D
6810,2026-05-21 11:09:11.516,0,0,0,0,59,0,0,0,1,3,0,0,0,0,E5,8
6811,2026-05-21 11:09:11.728,0D,0A,0D,0,0,0,0,59,0,0,0,1,3,0,0,0
6812,2026-05-21 11:09:11.933,0,E5,8,0D,0A,0D,0,0,0,0,58,0,0,0,1,3
6813,2026-05-21 11:09:12.146,0,0,0,0,E5,8,0D,0A,0D,0,0,0,0,58,0,0
6814,2026-05-21 11:09:12.376,0,1,3,0,0,0,0,E5,8,0D,0A,0D,0,0,0,0
6815,2026-05-21 11:09:12.558,58,0,0,0,1,3,0,0,0,0,E5,8,0D,0A,0D,0
6816,2026-05-21 11:09:12.583,0,0,0,59,0,0,0,1,3,0,0,0,0,E3,8,0D
6817,2026-05-21 11:09:12.774,0A,0D,0,0,0,0,59,0,0,0,1,3,0,0,0,0
6818,2026-05-21 11:09:12.984,E5,8,0D,0A,0D,0,0,0,0,59,0,0,0,1,3,0
6819,2026-05-21 11:09:13.190,0,0,0,E7,8,0D,0A,0D,0,0,0,0,59,0,0,0
6820,2026-05-21 11:09:13.408,1,3,0,0,0,0,E5,8,0D,0A,0D,0,0,0,0,59
6821,2026-05-21 11:09:13.603,0,0,0,1,3,0,0,0,0,E5,8,0D,0A,0D,0,0
6822,2026-05-21 11:09:13.616,0,0,58,0,0,0,1,3,0,0,0,0,E5,8,0D,0A
6823,2026-05-21 11:09:13.821,0D,0,0,0,0,59,0,0,0,1,3,0,0,0,0,E5
6824,2026-05-21 11:09:14.029,8,0D,0A,0D,0,0,0,0,59,0,0,0,1,3,0,0
6825,2026-05-21 11:09:14.246,0,0,E5,8,0D,0A,0D,0,0,0,0,59,0,0,0,1
6826,2026-05-21 11:09:14.446,3,0,0,0,0,E3,8,0D,0A,0D,0,0,0,0,59,0
6827,2026-05-21 11:09:14.657,0,0,1,3,0,0,0,0,E5,8,0D,0A,0D,0,0,0
6828,2026-05-21 11:09:14.870,0,58,0,0,0,1,3,0,0,0,0,E3,8,0D,0A,0D
6829,2026-05-21 11:09:14.881,0,0,0,0,58,0,0,0,1,3,0,0,0,0,E5,8
6830,2026-05-21 11:09:15.083,0D,0A,0D,0,0,0,0,59,0,0,0,1,3,0,0,0
6831,2026-05-21 11:09:15.288,0,E5,8,0D,0A,0D,0,0,0,0,59,0,0,0,1,3
6832,2026-05-21 11:09:15.498,0,0,0,0,E5,8,0D,0A,0D,0,0,0,0,59,0,0
6833,2026-05-21 11:09:15.711,0,1,3,0,0,0,0,E5,8,0D,0A,0D,0,0,0,0
6834,2026-05-21 11:09:15.915,59,0,0,0,1,3,0,0,0,0,E7,8,0D,0A,0D,0
6835,2026-05-21 11:09:15.927,0,0,0,59,0,0,0,1,3,0,0,0,0,E5,8,0D
6836,2026-05-21 11:09:16.135,0A,0D,0,0,0,0,59,0,0,0,1,3,0,0,0,0
6837,2026-05-21 11:09:16.343,E3,8,0D,0A,0D,0,0,0,0,59,0,0,0,1,3,0
6838,2026-05-21 11:09:16.548,0,0,0,E5,8,0D,0A,0D,0,0,0,0,59,0,0,0
6839,2026-05-21 11:09:16.759,1,3,0,0,0,0,E5,8,0D,0A,0D,0,0,0,0,59
6840,2026-05-21 11:09:16.965,0,0,0,1,3,0,0,0,0,E5,8,0D,0A,0D,0,0
6841,2026-05-21 11:09:16.975,0,0,58,0,0,0,1,3,0,0,0,0,E5,8,0D,0A
6842,2026-05-21 11:09:17.182,0D,0,0,0,0,58,0,0,0,1,3,0,0,0,0,E5
6843,2026-05-21 11:09:17.390,8,0D,0A,0D,0,0,0,0,58,0,0,0,1,3,0,0
6844,2026-05-21 11:09:17.600,0,0,E5,8,0D,0A,0D,0,0,0,0,58,0,0,0,1
6845,2026-05-21 11:09:17.808,3,0,0,0,0,E5,8,0D,0A,0D,0,0,0,0,58,0
6846,2026-05-21 11:09:18.016,0,0,1,3,0,0,0,0,E3,8,0D,0A,0D,0,0,0
6847,2026-05-21 11:09:18.224,0,58,0,0,0,1,3,0,0,0,0,E3,8,0D,0A,0D
6848,2026-05-21 11:09:18.236,0,0,0,0,58,0,0,0,1,3,0,0,0,0,E5,8
6849,2026-05-21 11:09:18.442,0D,0A,0D,0,0,0,0,58,0,0,0,1,3,0,0,0
6850,2026-05-21 11:09:18.651,0,E3,8,0D,0A,0D,0,0,0,0,58,0,0,0,1,3
6851,2026-05-21 11:09:18.860,0,0,0,0,E3,8,0D,0A,0D,0,0,0,0,58,0,0
6852,2026-05-21 11:09:19.067,0,1,3,0,0,0,0,E5,8,0D,0A,0D,0,0,0,0
6853,2026-05-21 11:09:19.276,59,0,0,0,1,3,0,0,0,0,E5,8,0D,0A,0D,0
6854,2026-05-21 11:09:19.285,0,0,0,59,0,0,0,1,3,0,0,0,0,E5,8,0D
6855,2026-05-21 11:09:19.493,0A,0D,0,0,0,0,58,0,0,0,1,3,0,0,0,0
6856,2026-05-21 11:09:19.703,E5,8,0D,0A,0D,0,0,0,0,58,0,0,0,1,3,0
6857,2026-05-21 11:09:19.911,0,0,0,E5,8,0D,0A,0D,0,0,0,0,58,0,0,0
6858,2026-05-21 11:09:20.119,1,3,0,0,0,0,E7,8,0D,0A,0D,0,0,0,0,58
6859,2026-05-21 11:09:20.327,0,0,0,1,3,0,0,0,0,E5,8,0D,0A,0D,0,0
6860,2026-05-21 11:09:20.337,0,0,59,0,0,0,1,3,0,0,0,0,D2,8,0D,0A
6861,2026-05-21 11:09:20.549,0D,0,0,0,0,58,0,0,0,1,3,0,0,0,0,E3
6862,2026-05-21 11:09:20.754,8,0D,0A,0D,0,0,0,0,57,0,0,0,1,3,0,0
6863,2026-05-21 11:09:20.962,0,0,E5,8,0D,0A,0D,0,0,0,0,58,0,0,0,1
6864,2026-05-21 11:09:21.171,3,0,0,0,0,E3,8,0D,0A,0D,0,0,0,0,58,0
6865,2026-05-21 11:09:21.380,0,0,1,3,0,0,0,0,E5,8,0D,0A,0D,0,0,0
6866,2026-05-21 11:09:21.588,0,58,0,0,0,1,3,0,0,0,0,E3,8,0D,0A,0D
6867,2026-05-21 11:09:21.597,0,0,0,0,59,0,0,0,1,3,0,0,0,0,E5,8
6868,2026-05-21 11:09:21.805,0D,0A,0D,0,0,0,0,59,0,0,0,1,3,0,0,0
6869,2026-05-21 11:09:22.015,0,E3,8,0D,0A,0D,0,0,0,0,59,0,0,0,1,3
6870,2026-05-21 11:09:22.222,0,0,0,0,E7,8,0D,0A,0D,0,0,0,0,58,0,0
6871,2026-05-21 11:09:22.431,0,1,3,0,0,0,0,E5,8,0D,0A,0D,0,0,0,0
6872,2026-05-21 11:09:22.639,58,0,0,0,1,3,0,0,0,0,E7,8,0D,0A,0D,0
6873,2026-05-21 11:09:22.648,0,0,0,58,0,0,0,1,3,0,0,0,0,E5,8,0D
6874,2026-05-21 11:09:22.857,0A,0D,0,0,0,0,58,0,0,0,1,3,0,0,0,0
6875,2026-05-21 11:09:23.065,E5,8,0D,0A,0D,0,0,0,0,56,0,0,0,1,3,0
6876,2026-05-21 11:09:23.274,0,0,0,E5,8,0D,0A,0D,0,0,0,0,55,0,0,0
6877,2026-05-21 11:09:23.482,1,3,0,0,0,0,E5,8,0D,0A,0D,0,0,0,0,54
6878,2026-05-21 11:09:23.691,0,0,0,1,3,0,0,0,0,E7,8,0D,0A,0D,0,0
6879,2026-05-21 11:09:23.701,0,0,54,0,0,0,1,3,0,0,0,0,E3,8,0D,0A
6880,2026-05-21 11:09:23.908,0D,0,0,0,0,54,0,0,0,1,3,0,0,0,0,E5
6881,2026-05-21 11:09:24.116,8,0D,0A,0D,0,0,0,0,55,0,0,0,1,3,0,0
6882,2026-05-21 11:09:24.325,0,0,E5,8,0D,0A,0D,0,0,0,0,54,0,0,0,1
6883,2026-05-21 11:09:24.533,3,0,0,0,0,E5,8,0D,0A,0D,0,0,0,0,55,0
6884,2026-05-21 11:09:24.742,0,0,1,3,0,0,0,0,E5,8,0D,0A,0D,0,0,0
6885,2026-05-21 11:09:24.951,0,55,0,0,0,1,3,0,0,0,0,E5,8,0D,0A,0D
6886,2026-05-21 11:09:24.961,0,0,0,0,55,0,0,0,1,3,0,0,0,0,E5,8
6887,2026-05-21 11:09:25.168,0D,0A,0D,0,0,0,0,55,0,0,0,1,3,0,0,0
6888,2026-05-21 11:09:25.377,0,E5,8,0D,0A,0D,0,0,0,0,56,0,0,0,1,3
6889,2026-05-21 11:09:25.586,0,0,0,0,E3,8,0D,0A,0D,0,0,0,0,56,0,0
6890,2026-05-21 11:09:25.793,0,1,3,0,0,0,0,E5,8,0D,0A,0D,0,0,0,0
6891,2026-05-21 11:09:26.007,56,0,0,0,1,3,0,0,0,0,E5,8,0D,0A,0D,0
6892,2026-05-21 11:09:26.018,0,0,0,56,0,0,0,1,3,0,0,0,0,E5,8,0D
6893,2026-05-21 11:09:26.219,0A,0D,0,0,0,0,56,0,0,0,1,3,0,0,0,0
6894,2026-05-21 11:09:26.428,E5,8,0D,0A,0D,0,0,0,0,55,0,0,0,1,3,0
6895,2026-05-21 11:09:26.636,0,0,0,E5,8,0D,0A,0D,0,0,0,0,56,0,0,0
6896,2026-05-21 11:09:26.844,1,3,0,0,0,0,E5,8,0D,0A,0D,0,0,0,0,56
6897,2026-05-21 11:09:27.053,0,0,0,1,3,0,0,0,0,E5,8,0D,0A,0D,0,0
6898,2026-05-21 11:09:27.064,0,0,56,0,0,0,1,3,0,0,0,0,E5,8,0D,0A
6899,2026-05-21 11:09:27.270,0D,0,0,0,0,55,0,0,0,1,3,0,0,0,0,E5
6900,2026-05-21 11:09:27.479,8,0D,0A,0D,0,0,0,0,56,0,0,0,1,3,0,0
6901,2026-05-21 11:09:27.689,0,0,E5,8,0D,0A,0D,0,0,0,0,56,0,0,0,1
6902,2026-05-21 11:09:27.897,3,0,0,0,0,E3,8,0D,0A,0D,0,0,0,0,56,0
6903,2026-05-21 11:09:28.111,0,0,1,3,0,0,0,0,E5,8,0D,0A,0D,0,0,0
6904,2026-05-21 11:09:28.314,0,56,0,0,0,1,3,0,0,0,0,E5,8,0D,0A,0D
6905,2026-05-21 11:09:28.324,0,0,0,0,58,0,0,0,1,3,0,0,0,0,E3,8
6906,2026-05-21 11:09:28.531,0D,0A,0D,0,0,0,0,57,0,0,0,1,3,0,0,0
6907,2026-05-21 11:09:28.741,0,E3,8,0D,0A,0D,0,0,0,0,58,0,0,0,1,3
6908,2026-05-21 11:09:28.949,0,0,0,0,E5,8,0D,0A,0D,0,0,0,0,57,0,0
6909,2026-05-21 11:09:29.156,0,1,3,0,0,0,0,E5,8,0D,0A,0D,0,0,0,0
6910,2026-05-21 11:09:29.396,58,0,0,0,1,3,0,0,0,0,E5,8,0D,0A,0D,0
6911,2026-05-21 11:09:29.408,0,0,0,57,0,0,0,1,3,0,0,0,0,E3,8,0D
6912,2026-05-21 11:09:29.582,0A,0D,0,0,0,0,58,0,0,0,1,3,0,0,0,0
6913,2026-05-21 11:09:29.791,E5,8,0D,0A,0D,0,0,0,0,57,0,0,0,1,3,0
6914,2026-05-21 11:09:29.999,0,0,0,E5,8,0D,0A,0D,0,0,0,0,57,0,0,0
6915,2026-05-21 11:09:30.208,1,3,0,0,0,0,E5,8,0D,0A,0D,0,0,0,0,56
6916,2026-05-21 11:09:30.417,0,0,0,1,3,0,0,0,0,E5,8,0D,0A,0D,0,0
6917,2026-05-21 11:09:30.426,0,0,57,0,0,0,1,3,0,0,0,0,E5,8,0D,0A
6918,2026-05-21 11:09:30.633,0D,0,0,0,0,56,0,0,0,1,3,0,0,0,0,E5
6919,2026-05-21 11:09:30.842,8,0D,0A,0D,0,0,0,0,56,0,0,0,1,3,0,0
6920,2026-05-21 11:09:31.050,0,0,E5,8,0D,0A,0D,0,0,0,0,55,0,0,0,1
6921,2026-05-21 11:09:31.259,3,0,0,0,0,E5,8,0D,0A,0D,0,0,0,0,55,0
6922,2026-05-21 11:09:31.467,0,0,1,3,0,0,0,0,E5,8,0D,0A,0D,0,0,0
6923,2026-05-21 11:09:31.676,0,54,0,0,0,1,3,0,0,0,0,E5,8,0D,0A,0D
6924,2026-05-21 11:09:31.688,0,0,0,0,55,0,0,0,1,3,0,0,0,0,E5,8
6925,2026-05-21 11:09:31.893,0D,0A,0D,0,0,0,0,56,0,0,0,1,3,0,0,0
6926,2026-05-21 11:09:32.102,0,E5,8,0D,0A,0D,0,0,0,0,56,0,0,0,1,3
6927,2026-05-21 11:09:32.311,0,0,0,0,E5,8,0D,0A,0D,0,0,0,0,55,0,0
6928,2026-05-21 11:09:32.519,0,1,3,0,0,0,0,E5,8,0D,0A,0D,0,0,0,0
6929,2026-05-21 11:09:32.728,55,0,0,0,1,3,0,0,0,0,E5,8,0D,0A,0D,0
6930,2026-05-21 11:09:32.742,0,0,0,54,0,0,0,1,3,0,0,0,0,E5,8,0D
6931,2026-05-21 11:09:32.945,0A,0D,0,0,0,0,55,0,0,0,1,3,0,0,0,0
6932,2026-05-21 11:09:33.153,E5,8,0D,0A,0D,0,0,0,0,55,0,0,0,1,3,0
6933,2026-05-21 11:09:33.362,0,0,0,E5,8,0D,0A,0D,0,0,0,0,56,0,0,0
6934,2026-05-21 11:09:33.571,1,3,0,0,0,0,E5,8,0D,0A,0D,0,0,0,0,55
6935,2026-05-21 11:09:33.779,0,0,0,1,3,0,0,0,0,E5,8,0D,0A,0D,0,0
6936,2026-05-21 11:09:33.789,0,0,55,0,0,0,1,3,0,0,0,0,E5,8,0D,0A
6937,2026-05-21 11:09:33.997,0D,0,0,0,0,55,0,0,0,1,3,0,0,0,0,E5
6938,2026-05-21 11:09:34.205,8,0D,0A,0D,0,0,0,0,55,0,0,0,1,3,0,0
6939,2026-05-21 11:09:34.414,0,0,E5,8,0D,0A,0D,0,0,0,0,55,0,0,0,1
6940,2026-05-21 11:09:34.622,3,0,0,0,0,E5,8,0D,0A,0D,0,0,0,0,55,0
6941,2026-05-21 11:09:34.833,0,0,1,3,0,0,0,0,E7,8,0D,0A,0D,0,0,0
6942,2026-05-21 11:09:35.040,0,55,0,0,0,1,3,0,0,0,0,E5,8,0D,0A,0D
6943,2026-05-21 11:09:35.051,0,0,0,0,54,0,0,0,1,3,0,0,0,0,E5,8
6944,2026-05-21 11:09:35.256,0D,0A,0D,0,0,0,0,54,0,0,0,1,3,0,0,0
6945,2026-05-21 11:09:35.466,0,E5,8,0D,0A,0D,0,0,0,0,54,0,0,0,1,3
6946,2026-05-21 11:09:35.673,0,0,0,0,E5,8,0D,0A,0D,0,0,0,0,55,0,0
6947,2026-05-21 11:09:35.883,0,1,3,0,0,0,0,E3,8,0D,0A,0D,0,0,0,0
6948,2026-05-21 11:09:36.092,55,0,0,0,1,3,0,0,0,0,E5,8,0D,0A,0D,0
6949,2026-05-21 11:09:36.105,0,0,0,55,0,0,0,1,3,0,0,0,0,E5,8,0D
6950,2026-05-21 11:09:36.309,0A,0D,0,0,0,0,55,0,0,0,1,3,0,0,0,0
6951,2026-05-21 11:09:36.517,E5,8,0D,0A,0D,0,0,0,0,54,0,0,0,1,3,0
6952,2026-05-21 11:09:36.725,0,0,0,E5,8,0D,0A,0D,0,0,0,0,55,0,0,0
6953,2026-05-21 11:09:36.935,1,3,0,0,0,0,E5,8,0D,0A,0D,0,0,0,0,55
6954,2026-05-21 11:09:37.143,0,0,0,1,3,0,0,0,0,E5,8,0D,0A,0D,0,0
6955,2026-05-21 11:09:37.154,0,0,56,0,0,0,1,3,0,0,0,0,E5,8,0D,0A
6956,2026-05-21 11:09:37.359,0D,0,0,0,0,55,0,0,0,1,3,0,0,0,0,E5
6957,2026-05-21 11:09:37.568,8,0D,0A,0D,0,0,0,0,55,0,0,0,1,3,0,0
6958,2026-05-21 11:09:37.777,0,0,E5,8,0D,0A,0D,0,0,0,0,55,0,0,0,1
6959,2026-05-21 11:09:37.985,3,0,0,0,0,E5,8,0D,0A,0D,0,0,0,0,55,0
6960,2026-05-21 11:09:38.194,0,0,1,3,0,0,0,0,E5,8,0D,0A,0D,0,0,0
6961,2026-05-21 11:09:38.403,0,55,0,0,0,1,3,0,0,0,0,E3,8,0D,0A,0D
6962,2026-05-21 11:09:38.416,0,0,0,0,55,0,0,0,1,3,0,0,0,0,E5,8
6963,2026-05-21 11:09:38.619,0D,0A,0D,0,0,0,0,56,0,0,0,1,3,0,0,0
6964,2026-05-21 11:09:38.828,0,E5,8,0D,0A,0D,0,0,0,0,55,0,0,0,1,3
6965,2026-05-21 11:09:39.038,0,0,0,0,E5,8,0D,0A,0D,0,0,0,0,55,0,0
6966,2026-05-21 11:09:39.246,0,1,3,0,0,0,0,E5,8,0D,0A,0D,0,0,0,0
6967,2026-05-21 11:09:39.459,55,0,0,0,1,3,0,0,0,0,E3,8,0D,0A,0D,0
6968,2026-05-21 11:09:39.470,0,0,0,54,0,0,0,1,3,0,0,0,0,E5,8,0D
6969,2026-05-21 11:09:39.671,0A,0D,0,0,0,0,54,0,0,0,1,3,0,0,0,0
6970,2026-05-21 11:09:39.880,E5,8,0D,0A,0D,0,0,0,0,54,0,0,0,1,3,0
6971,2026-05-21 11:09:40.089,0,0,0,E5,8,0D,0A,0D,0,0,0,0,53,0,0,0
6972,2026-05-21 11:09:40.297,1,3,0,0,0,0,E3,8,0D,0A,0D,0,0,0,0,54
6973,2026-05-21 11:09:40.506,0,0,0,1,3,0,0,0,0,E5,8,0D,0A,0D,0,0
6974,2026-05-21 11:09:40.518,0,0,53,0,0,0,1,3,0,0,0,0,E5,8,0D,0A
6975,2026-05-21 11:09:40.723,0D,0,0,0,0,55,0,0,0,1,3,0,0,0,0,E5
6976,2026-05-21 11:09:40.932,8,0D,0A,0D,0,0,0,0,55,0,0,0,1,3,0,0
6977,2026-05-21 11:09:41.141,0,0,E3,8,0D,0A,0D,0,0,0,0,55,0,0,0,1
6978,2026-05-21 11:09:41.349,3,0,0,0,0,E5,8,0D,0A,0D,0,0,0,0,54,0
6979,2026-05-21 11:09:41.558,0,0,1,3,0,0,0,0,E5,8,0D,0A,0D,0,0,0
6980,2026-05-21 11:09:41.766,0,55,0,0,0,1,3,0,0,0,0,E5,8,0D,0A,0D
6981,2026-05-21 11:09:41.776,0,0,0,0,55,0,0,0,1,3,0,0,0,0,E5,8
6982,2026-05-21 11:09:41.983,0D,0A,0D,0,0,0,0,56,0,0,0,1,3,0,0,0
6983,2026-05-21 11:09:42.192,0,E5,8,0D,0A,0D,0,0,0,0,56,0,0,0,1,3
6984,2026-05-21 11:09:42.401,0,0,0,0,E7,8,0D,0A,0D,0,0,0,0,56,0,0
6985,2026-05-21 11:09:42.610,0,1,3,0,0,0,0,E5,8,0D,0A,0D,0,0,0,0
6986,2026-05-21 11:09:42.817,55,0,0,0,1,3,0,0,0,0,E7,8,0D,0A,0D,0
6987,2026-05-21 11:09:42.827,0,0,0,55,0,0,0,1,3,0,0,0,0,E5,8,0D
6988,2026-05-21 11:09:43.035,0A,0D,0,0,0,0,55,0,0,0,1,3,0,0,0,0
6989,2026-05-21 11:09:43.244,E7,8,0D,0A,0D,0,0,0,0,56,0,0,0,1,3,0
6990,2026-05-21 11:09:43.452,0,0,0,E5,8,0D,0A,0D,0,0,0,0,56,0,0,0
6991,2026-05-21 11:09:43.661,1,3,0,0,0,0,E5,8,0D,0A,0D,0,0,0,0,56
6992,2026-05-21 11:09:43.873,0,0,0,1,3,0,0,0,0,E5,8,0D,0A,0D,0,0
6993,2026-05-21 11:09:43.889,0,0,55,0,0,0,1,3,0,0,0,0,E5,8,0D,0A
6994,2026-05-21 11:09:44.086,0D,0,0,0,0,56,0,0,0,1,3,0,0,0,0,E5
6995,2026-05-21 11:09:44.295,8,0D,0A,0D,0,0,0,0,55,0,0,0,1,3,0,0
6996,2026-05-21 11:09:44.504,0,0,E3,8,0D,0A,0D,0,0,0,0,56,0,0,0,1
6997,2026-05-21 11:09:44.713,3,0,0,0,0,E5,8,0D,0A,0D,0,0,0,0,56,0
6998,2026-05-21 11:09:44.922,0,0,1,3,0,0,0,0,E5,8,0D,0A,0D,0,0,0
6999,2026-05-21 11:09:45.130,0,57,0,0,0,1,3,0,0,0,0,E5,8,0D,0A,0D
7000,2026-05-21 11:09:45.147,0,0,0,0,56,0,0,0,1,3,0,0,0,0,E5,8
7001,2026-05-21 11:09:45.362,0D,0A,0D,0,0,0,0,56,0,0,0,1,3,0,0,0
7002,2026-05-21 11:09:45.556,0,E5,8,0D,0A,0D,0,0,0,0,56,0,0,0,1,3
7003,2026-05-21 11:09:45.763,0,0,0,0,E5,8,0D,0A,0D,0,0,0,0,56,0,0
7004,2026-05-21 11:09:45.972,0,1,3,0,0,0,0,E5,8,0D,0A,0D,0,0,0,0
7005,2026-05-21 11:09:46.180,56,0,0,0,1,3,0,0,0,0,E5,8,0D,0A,0D,0
7006,2026-05-21 11:09:46.191,0,0,0,56,0,0,0,1,3,0,0,0,0,E3,8,0D
7007,2026-05-21 11:09:46.398,0A,0D,0,0,0,0,56,0,0,0,1,3,0,0,0,0
7008,2026-05-21 11:09:46.606,E5,8,0D,0A,0D,0,0,0,0,56,0,0,0,1,3,0
7009,2026-05-21 11:09:46.815,0,0,0,E3,8,0D,0A,0D,0,0,0,0,56,0,0,0
7010,2026-05-21 11:09:47.022,1,3,0,0,0,0,E5,8,0D,0A,0D,0,0,0,0,56
7011,2026-05-21 11:09:47.232,0,0,0,1,3,0,0,0,0,E3,8,0D,0A,0D,0,0
7012,2026-05-21 11:09:47.241,0,0,56,0,0,0,1,3,0,0,0,0,E5,8,0D,0A
7013,2026-05-21 11:09:47.449,0D,0,0,0,0,57,0,0,0,1,3,0,0,0,0,E5
7014,2026-05-21 11:09:47.658,8,0D,0A,0D,0,0,0,0,56,0,0,0,1,3,0,0
7015,2026-05-21 11:09:47.866,0,0,E7,8,0D,0A,0D,0,0,0,0,56,0,0,0,1
7016,2026-05-21 11:09:48.075,3,0,0,0,0,E5,8,0D,0A,0D,0,0,0,0,56,0
7017,2026-05-21 11:09:48.283,0,0,1,3,0,0,0,0,E3,8,0D,0A,0D,0,0,0
7018,2026-05-21 11:09:48.492,0,56,0,0,0,1,3,0,0,0,0,E5,8,0D,0A,0D
7019,2026-05-21 11:09:48.503,0,0,0,0,56,0,0,0,1,3,0,0,0,0,E5,8
7020,2026-05-21 11:09:48.709,0D,0A,0D,0,0,0,0,56,0,0,0,1,3,0,0,0
7021,2026-05-21 11:09:48.917,0,E5,8,0D,0A,0D,0,0,0,0,56,0,0,0,1,3
7022,2026-05-21 11:09:49.126,0,0,0,0,E5,8,0D,0A,0D,0,0,0,0,55,0,0
7023,2026-05-21 11:09:49.334,0,1,3,0,0,0,0,E5,8,0D,0A,0D,0,0,0,0
7024,2026-05-21 11:09:49.543,55,0,0,0,1,3,0,0,0,0,E5,8,0D,0A,0D,0
7025,2026-05-21 11:09:49.562,0,0,0,56,0,0,0,1,3,0,0,0,0,E3,8,0D
7026,2026-05-21 11:09:49.760,0A,0D,0,0,0,0,56,0,0,0,1,3,0,0,0,0
7027,2026-05-21 11:09:49.968,E5,8,0D,0A,0D,0,0,0,0,56,0,0,0,1,3,0
7028,2026-05-21 11:09:50.178,0,0,0,E3,8,0D,0A,0D,0,0,0,0,56,0,0,0
7029,2026-05-21 11:09:50.386,1,3,0,0,0,0,E3,8,0D,0A,0D,0,0,0,0,55
7030,2026-05-21 11:09:50.595,0,0,0,1,3,0,0,0,0,E3,8,0D,0A,0D,0,0
7031,2026-05-21 11:09:50.606,0,0,55,0,0,0,1,3,0,0,0,0,E7,8,0D,0A
7032,2026-05-21 11:09:50.812,0D,0,0,0,0,55,0,0,0,1,3,0,0,0,0,E3
7033,2026-05-21 11:09:51.020,8,0D,0A,0D,0,0,0,0,56,0,0,0,1,3,0,0
7034,2026-05-21 11:09:51.229,0,0,E5,8,0D,0A,0D,0,0,0,0,56,0,0,0,1
7035,2026-05-21 11:09:51.438,3,0,0,0,0,E5,8,0D,0A,0D,0,0,0,0,56,0
7036,2026-05-21 11:09:51.652,0,0,1,3,0,0,0,0,E3,8,0D,0A,0D,0,0,0
7037,2026-05-21 11:09:51.855,0,55,0,0,0,1,3,0,0,0,0,E5,8,0D,0A,0D
7038,2026-05-21 11:09:51.867,0,0,0,0,55,0,0,0,1,3,0,0,0,0,E3,8
7039,2026-05-21 11:09:52.073,0D,0A,0D,0,0,0,0,55,0,0,0,1,3,0,0,0
7040,2026-05-21 11:09:52.281,0,E5,8,0D,0A,0D,0,0,0,0,56,0,0,0,1,3
7041,2026-05-21 11:09:52.489,0,0,0,0,E5,8,0D,0A,0D,0,0,0,0,55,0,0
7042,2026-05-21 11:09:52.699,0,1,3,0,0,0,0,E5,8,0D,0A,0D,0,0,0,0
7043,2026-05-21 11:09:52.907,56,0,0,0,1,3,0,0,0,0,E3,8,0D,0A,0D,0
7044,2026-05-21 11:09:52.919,0,0,0,55,0,0,0,1,3,0,0,0,0,E5,8,0D
7045,2026-05-21 11:09:53.124,0A,0D,0,0,0,0,55,0,0,0,1,3,0,0,0,0
7046,2026-05-21 11:09:53.332,E5,8,0D,0A,0D,0,0,0,0,55,0,0,0,1,3,0
7047,2026-05-21 11:09:53.541,0,0,0,E5,8,0D,0A,0D,0,0,0,0,56,0,0,0
7048,2026-05-21 11:09:53.753,1,3,0,0,0,0,E5,8,0D,0A,0D,0,0,0,0,55
7049,2026-05-21 11:09:53.957,0,0,0,1,3,0,0,0,0,E5,8,0D,0A,0D,0,0
7050,2026-05-21 11:09:53.967,0,0,56,0,0,0,1,3,0,0,0,0,E3,8,0D,0A
7051,2026-05-21 11:09:54.175,0D,0,0,0,0,55,0,0,0,1,3,0,0,0,0,E5
7052,2026-05-21 11:09:54.383,8,0D,0A,0D,0,0,0,0,55,0,0,0,1,3,0,0
7053,2026-05-21 11:09:54.592,0,0,E7,8,0D,0A,0D,0,0,0,0,55,0,0,0,1
7054,2026-05-21 11:09:54.801,3,0,0,0,0,E5,8,0D,0A,0D,0,0,0,0,56,0
7055,2026-05-21 11:09:55.009,0,0,1,3,0,0,0,0,E5,8,0D,0A,0D,0,0,0
7056,2026-05-21 11:09:55.218,0,56,0,0,0,1,3,0,0,0,0,E5,8,0D,0A,0D
7057,2026-05-21 11:09:55.228,0,0,0,0,56,0,0,0,1,3,0,0,0,0,E5,8
7058,2026-05-21 11:09:55.435,0D,0A,0D,0,0,0,0,55,0,0,0,1,3,0,0,0
7059,2026-05-21 11:09:55.643,0,E5,8,0D,0A,0D,0,0,0,0,56,0,0,0,1,3
7060,2026-05-21 11:09:55.853,0,0,0,0,E3,8,0D,0A,0D,0,0,0,0,55,0,0
7061,2026-05-21 11:09:56.061,0,1,3,0,0,0,0,E5,8,0D,0A,0D,0,0,0,0
7062,2026-05-21 11:09:56.269,56,0,0,0,1,3,0,0,0,0,E5,8,0D,0A,0D,0
7063,2026-05-21 11:09:56.279,0,0,0,56,0,0,0,1,3,0,0,0,0,E5,8,0D
7064,2026-05-21 11:09:56.486,0A,0D,0,0,0,0,56,0,0,0,1,3,0,0,0,0
7065,2026-05-21 11:09:56.695,E3,8,0D,0A,0D,0,0,0,0,55,0,0,0,1,3,0
7066,2026-05-21 11:09:56.903,0,0,0,E5,8,0D,0A,0D,0,0,0,0,56,0,0,0
7067,2026-05-21 11:09:57.112,1,3,0,0,0,0,E5,8,0D,0A,0D,0,0,0,0,55
7068,2026-05-21 11:09:57.320,0,0,0,1,3,0,0,0,0,E5,8,0D,0A,0D,0,0
7069,2026-05-21 11:09:57.331,0,0,55,0,0,0,1,3,0,0,0,0,E5,8,0D,0A
7070,2026-05-21 11:09:57.537,0D,0,0,0,0,54,0,0,0,1,3,0,0,0,0,E5
7071,2026-05-21 11:09:57.746,8,0D,0A,0D,0,0,0,0,54,0,0,0,1,3,0,0
7072,2026-05-21 11:09:57.956,0,0,E5,8,0D,0A,0D,0,0,0,0,53,0,0,0,1
7073,2026-05-21 11:09:58.170,3,0,0,0,0,E5,8,0D,0A,0D,0,0,0,0,54,0
7074,2026-05-21 11:09:58.371,0,0,1,3,0,0,0,0,E5,8,0D,0A,0D,0,0,0
7075,2026-05-21 11:09:58.586,0,53,0,0,0,1,3,0,0,0,0,E5,8,0D,0A,0D
7076,2026-05-21 11:09:58.604,0,0,0,0,53,0,0,0,1,3,0,0,0,0,E3,8
7077,2026-05-21 11:09:58.807,0D,0A,0D,0,0,0,0,52,0,0,0,1,3,0,0,0
7078,2026-05-21 11:09:59.024,0,E5,8,0D,0A,0D,0,0,0,0,54,0,0,0,1,3
7079,2026-05-21 11:09:59.254,0,0,0,0,E3,8,0D,0A,0D,0,0,0,0,52,0,0
7080,2026-05-21 11:09:59.440,0,1,3,0,0,0,0,E5,8,0D,0A,0D,0,0,0,0
7081,2026-05-21 11:09:59.641,52,0,0,0,1,3,0,0,0,0,E5,8,0D,0A,0D,0
7082,2026-05-21 11:09:59.661,0,0,0,52,0,0,0,1,3,0,0,0,0,E5,8,0D
7083,2026-05-21 11:09:59.850,0A,0D,0,0,0,0,52,0,0,0,1,3,0,0,0,0
7084,2026-05-21 11:10:00.082,E3,8,0D,0A,0D,0,0,0,0,53,0,0,0,1,3,0
7085,2026-05-21 11:10:00.273,0,0,0,E5,8,0D,0A,0D,0,0,0,0,53,0,0,0
7086,2026-05-21 11:10:00.476,1,3,0,0,0,0,E3,8,0D,0A,0D,0,0,0,0,52
7087,2026-05-21 11:10:00.682,0,0,0,1,3,0,0,0,0,E5,8,0D,0A,0D,0,0
7088,2026-05-21 11:10:00.695,0,0,52,0,0,0,1,3,0,0,0,0,E5,8,0D,0A
7089,2026-05-21 11:10:00.901,0D,0,0,0,0,52,0,0,0,1,3,0,0,0,0,E5
7090,2026-05-21 11:10:01.115,8,0D,0A,0D,0,0,0,0,54,0,0,0,1,3,0,0
7091,2026-05-21 11:10:01.321,0,0,E5,8,0D,0A,0D,0,0,0,0,53,0,0,0,1
7092,2026-05-21 11:10:01.530,3,0,0,0,0,E5,8,0D,0A,0D,0,0,0,0,54,0
7093,2026-05-21 11:10:01.733,0,0,1,3,0,0,0,0,E5,8,0D,0A,0D,0,0,0
7094,2026-05-21 11:10:01.942,0,54,0,0,0,1,3,0,0,0,0,E5,8,0D,0A,0D
7095,2026-05-21 11:10:01.956,0,0,0,0,53,0,0,0,1,3,0,0,0,0,E5,8
7096,2026-05-21 11:10:02.161,0D,0A,0D,0,0,0,0,54,0,0,0,1,3,0,0,0
7097,2026-05-21 11:10:02.372,0,E3,8,0D,0A,0D,0,0,0,0,55,0,0,0,1,3
7098,2026-05-21 11:10:02.577,0,0,0,0,E5,8,0D,0A,0D,0,0,0,0,56,0,0
7099,2026-05-21 11:10:02.786,0,1,3,0,0,0,0,E5,8,0D,0A,0D,0,0,0,0
7100,2026-05-21 11:10:02.994,56,0,0,0,1,3,0,0,0,0,E5,8,0D,0A,0D,0
7101,2026-05-21 11:10:03.013,0,0,0,56,0,0,0,1,3,0,0,0,0,E5,8,0D
7102,2026-05-21 11:10:03.214,0A,0D,0,0,0,0,55,0,0,0,1,3,0,0,0,0
7103,2026-05-21 11:10:03.420,E5,8,0D,0A,0D,0,0,0,0,56,0,0,0,1,3,0
7104,2026-05-21 11:10:03.637,0,0,0,E3,8,0D,0A,0D,0,0,0,0,56,0,0,0
7105,2026-05-21 11:10:03.843,1,3,0,0,0,0,E5,8,0D,0A,0D,0,0,0,0,56
7106,2026-05-21 11:10:04.048,0,0,0,1,3,0,0,0,0,E3,8,0D,0A,0D,0,0
7107,2026-05-21 11:10:04.064,0,0,56,0,0,0,1,3,0,0,0,0,E5,8,0D,0A
7108,2026-05-21 11:10:04.263,0D,0,0,0,0,56,0,0,0,1,3,0,0,0,0,E5
7109,2026-05-21 11:10:04.472,8,0D,0A,0D,0,0,0,0,56,0,0,0,1,3,0,0
7110,2026-05-21 11:10:04.680,0,0,E5,8,0D,0A,0D,0,0,0,0,56,0,0,0,1
7111,2026-05-21 11:10:04.891,3,0,0,0,0,E5,8,0D,0A,0D,0,0,0,0,56,0
7112,2026-05-21 11:10:05.101,0,0,1,3,0,0,0,0,E5,8,0D,0A,0D,0,0,0
7113,2026-05-21 11:10:05.315,0,56,0,0,0,1,3,0,0,0,0,E5,8,0D,0A,0D
7114,2026-05-21 11:10:05.326,0,0,0,0,56,0,0,0,1,3,0,0,0,0,E5,8
7115,2026-05-21 11:10:05.523,0D,0A,0D,0,0,0,0,56,0,0,0,1,3,0,0,0
7116,2026-05-21 11:10:05.732,0,E5,8,0D,0A,0D,0,0,0,0,55,0,0,0,1,3
7117,2026-05-21 11:10:05.940,0,0,0,0,E5,8,0D,0A,0D,0,0,0,0,56,0,0
7118,2026-05-21 11:10:06.149,0,1,3,0,0,0,0,E3,8,0D,0A,0D,0,0,0,0
7119,2026-05-21 11:10:06.358,56,0,0,0,1,3,0,0,0,0,E5,8,0D,0A,0D,0
7120,2026-05-21 11:10:06.367,0,0,0,56,0,0,0,1,3,0,0,0,0,E5,8,0D
7121,2026-05-21 11:10:06.574,0A,0D,0,0,0,0,56,0,0,0,1,3,0,0,0,0
7122,2026-05-21 11:10:06.783,E5,8,0D,0A,0D,0,0,0,0,56,0,0,0,1,3,0
7123,2026-05-21 11:10:06.992,0,0,0,E5,8,0D,0A,0D,0,0,0,0,55,0,0,0
7124,2026-05-21 11:10:07.200,1,3,0,0,0,0,E5,8,0D,0A,0D,0,0,0,0,56
7125,2026-05-21 11:10:07.409,0,0,0,1,3,0,0,0,0,E5,8,0D,0A,0D,0,0
7126,2026-05-21 11:10:07.443,0,0,55,0,0,0,1,3,0,0,0,0,E5,8,0D,0A
7127,2026-05-21 11:10:07.630,0D,0,0,0,0,56,0,0,0,1,3,0,0,0,0,E5
7128,2026-05-21 11:10:07.834,8,0D,0A,0D,0,0,0,0,56,0,0,0,1,3,0,0
7129,2026-05-21 11:10:08.043,0,0,E5,8,0D,0A,0D,0,0,0,0,56,0,0,0,1
7130,2026-05-21 11:10:08.253,3,0,0,0,0,E5,8,0D,0A,0D,0,0,0,0,55,0
7131,2026-05-21 11:10:08.460,0,0,1,3,0,0,0,0,E5,8,0D,0A,0D,0,0,0
7132,2026-05-21 11:10:08.669,0,56,0,0,0,1,3,0,0,0,0,E5,8,0D,0A,0D
7133,2026-05-21 11:10:08.681,0,0,0,0,56,0,0,0,1,3,0,0,0,0,E5,8
7134,2026-05-21 11:10:08.887,0D,0A,0D,0,0,0,0,56,0,0,0,1,3,0,0,0
7135,2026-05-21 11:10:09.094,0,E5,8,0D,0A,0D,0,0,0,0,56,0,0,0,1,3
7136,2026-05-21 11:10:09.303,0,0,0,0,E5,8,0D,0A,0D,0,0,0,0,56,0,0
7137,2026-05-21 11:10:09.512,0,1,3,0,0,0,0,E5,8,0D,0A,0D,0,0,0,0
7138,2026-05-21 11:10:09.720,55,0,0,0,1,3,0,0,0,0,E5,8,0D,0A,0D,0
7139,2026-05-21 11:10:09.734,0,0,0,56,0,0,0,1,3,0,0,0,0,E5,8,0D
7140,2026-05-21 11:10:09.937,0A,0D,0,0,0,0,56,0,0,0,1,3,0,0,0,0
7141,2026-05-21 11:10:10.147,E5,8,0D,0A,0D,0,0,0,0,56,0,0,0,1,3,0
7142,2026-05-21 11:10:10.354,0,0,0,E5,8,0D,0A,0D,0,0,0,0,56,0,0,0
7143,2026-05-21 11:10:10.563,1,3,0,0,0,0,E7,8,0D,0A,0D,0,0,0,0,56
7144,2026-05-21 11:10:10.771,0,0,0,1,3,0,0,0,0,E5,8,0D,0A,0D,0,0
7145,2026-05-21 11:10:10.781,0,0,55,0,0,0,1,3,0,0,0,0,E5,8,0D,0A
7146,2026-05-21 11:10:10.988,0D,0,0,0,0,55,0,0,0,1,3,0,0,0,0,E5
7147,2026-05-21 11:10:11.197,8,0D,0A,0D,0,0,0,0,55,0,0,0,1,3,0,0
7148,2026-05-21 11:10:11.406,0,0,E5,8,0D,0A,0D,0,0,0,0,56,0,0,0,1
7149,2026-05-21 11:10:11.614,3,0,0,0,0,E5,8,0D,0A,0D,0,0,0,0,56,0
7150,2026-05-21 11:10:11.822,0,0,1,3,0,0,0,0,E5,8,0D,0A,0D,0,0,0
7151,2026-05-21 11:10:12.031,0,56,0,0,0,1,3,0,0,0,0,E5,8,0D,0A,0D
7152,2026-05-21 11:10:12.041,0,0,0,0,55,0,0,0,1,3,0,0,0,0,E5,8
7153,2026-05-21 11:10:12.255,0D,0A,0D,0,0,0,0,55,0,0,0,1,3,0,0,0
7154,2026-05-21 11:10:12.456,0,E3,8,0D,0A,0D,0,0,0,0,55,0,0,0,1,3
7155,2026-05-21 11:10:12.666,0,0,0,0,E5,8,0D,0A,0D,0,0,0,0,56,0,0
7156,2026-05-21 11:10:12.874,0,1,3,0,0,0,0,E3,8,0D,0A,0D,0,0,0,0
7157,2026-05-21 11:10:13.083,56,0,0,0,1,3,0,0,0,0,E5,8,0D,0A,0D,0
7158,2026-05-21 11:10:13.093,0,0,0,56,0,0,0,1,3,0,0,0,0,E5,8,0D
7159,2026-05-21 11:10:13.300,0A,0D,0,0,0,0,55,0,0,0,1,3,0,0,0,0
7160,2026-05-21 11:10:13.509,E5,8,0D,0A,0D,0,0,0,0,55,0,0,0,1,3,0
7161,2026-05-21 11:10:13.718,0,0,0,E5,8,0D,0A,0D,0,0,0,0,55,0,0,0
7162,2026-05-21 11:10:13.926,1,3,0,0,0,0,E5,8,0D,0A,0D,0,0,0,0,55
7163,2026-05-21 11:10:14.134,0,0,0,1,3,0,0,0,0,E5,8,0D,0A,0D,0,0
7164,2026-05-21 11:10:14.144,0,0,56,0,0,0,1,3,0,0,0,0,E5,8,0D,0A
7165,2026-05-21 11:10:14.351,0D,0,0,0,0,56,0,0,0,1,3,0,0,0,0,E5
7166,2026-05-21 11:10:14.559,8,0D,0A,0D,0,0,0,0,55,0,0,0,1,3,0,0
7167,2026-05-21 11:10:14.768,0,0,E3,8,0D,0A,0D,0,0,0,0,55,0,0,0,1
7168,2026-05-21 11:10:14.977,3,0,0,0,0,E5,8,0D,0A,0D,0,0,0,0,56,0
7169,2026-05-21 11:10:15.186,0,0,1,3,0,0,0,0,E7,8,0D,0A,0D,0,0,0
7170,2026-05-21 11:10:15.394,0,56,0,0,0,1,3,0,0,0,0,E5,8,0D,0A,0D
7171,2026-05-21 11:10:15.405,0,0,0,0,56,0,0,0,1,3,0,0,0,0,E7,8
7172,2026-05-21 11:10:15.611,0D,0A,0D,0,0,0,0,56,0,0,0,1,3,0,0,0
7173,2026-05-21 11:10:15.821,0,E5,8,0D,0A,0D,0,0,0,0,56,0,0,0,1,3
7174,2026-05-21 11:10:16.029,0,0,0,0,E5,8,0D,0A,0D,0,0,0,0,55,0,0
7175,2026-05-21 11:10:16.237,0,1,3,0,0,0,0,E5,8,0D,0A,0D,0,0,0,0
7176,2026-05-21 11:10:16.446,56,0,0,0,1,3,0,0,0,0,E7,8,0D,0A,0D,0
7177,2026-05-21 11:10:16.456,0,0,0,55,0,0,0,1,3,0,0,0,0,E5,8,0D
7178,2026-05-21 11:10:16.662,0A,0D,0,0,0,0,56,0,0,0,1,3,0,0,0,0
7179,2026-05-21 11:10:16.871,E5,8,0D,0A,0D,0,0,0,0,56,0,0,0,1,3,0
7180,2026-05-21 11:10:17.080,0,0,0,E5,8,0D,0A,0D,0,0,0,0,56,0,0,0
7181,2026-05-21 11:10:17.289,1,3,0,0,0,0,E7,8,0D,0A,0D,0,0,0,0,55
7182,2026-05-21 11:10:17.497,0,0,0,1,3,0,0,0,0,E5,8,0D,0A,0D,0,0
7183,2026-05-21 11:10:17.508,0,0,56,0,0,0,1,3,0,0,0,0,E5,8,0D,0A
7184,2026-05-21 11:10:17.714,0D,0,0,0,0,55,0,0,0,1,3,0,0,0,0,E3
7185,2026-05-21 11:10:17.922,8,0D,0A,0D,0,0,0,0,56,0,0,0,1,3,0,0
7186,2026-05-21 11:10:18.131,0,0,E5,8,0D,0A,0D,0,0,0,0,56,0,0,0,1
7187,2026-05-21 11:10:18.340,3,0,0,0,0,E5,8,0D,0A,0D,0,0,0,0,56,0
7188,2026-05-21 11:10:18.548,0,0,1,3,0,0,0,0,E5,8,0D,0A,0D,0,0,0
7189,2026-05-21 11:10:18.757,0,56,0,0,0,1,3,0,0,0,0,E5,8,0D,0A,0D
7190,2026-05-21 11:10:18.768,0,0,0,0,56,0,0,0,1,3,0,0,0,0,E5,8
7191,2026-05-21 11:10:18.974,0D,0A,0D,0,0,0,0,56,0,0,0,1,3,0,0,0
7192,2026-05-21 11:10:19.183,0,E5,8,0D,0A,0D,0,0,0,0,56,0,0,0,1,3
7193,2026-05-21 11:10:19.391,0,0,0,0,E3,8,0D,0A,0D,0,0,0,0,56,0,0
7194,2026-05-21 11:10:19.600,0,1,3,0,0,0,0,E5,8,0D,0A,0D,0,0,0,0
7195,2026-05-21 11:10:19.808,56,0,0,0,1,3,0,0,0,0,E5,8,0D,0A,0D,0
7196,2026-05-21 11:10:19.818,0,0,0,56,0,0,0,1,3,0,0,0,0,E5,8,0D
7197,2026-05-21 11:10:20.025,0A,0D,0,0,0,0,56,0,0,0,1,3,0,0,0,0
7198,2026-05-21 11:10:20.234,E3,8,0D,0A,0D,0,0,0,0,56,0,0,0,1,3,0
7199,2026-05-21 11:10:20.443,0,0,0,E5,8,0D,0A,0D,0,0,0,0,56,0,0,0
7200,2026-05-21 11:10:20.652,1,3,0,0,0,0,E5,8,0D,0A,0D,0,0,0,0,56
7201,2026-05-21 11:10:20.860,0,0,0,1,3,0,0,0,0,E5,8,0D,0A,0D,0,0
7202,2026-05-21 11:10:20.871,0,0,56,0,0,0,1,3,0,0,0,0,E5,8,0D,0A
7203,2026-05-21 11:10:21.078,0D,0,0,0,0,56,0,0,0,1,3,0,0,0,0,E5
7204,2026-05-21 11:10:21.285,8,0D,0A,0D,0,0,0,0,56,0,0,0,1,3,0,0
7205,2026-05-21 11:10:21.494,0,0,E3,8,0D,0A,0D,0,0,0,0,56,0,0,0,1
7206,2026-05-21 11:10:21.703,3,0,0,0,0,E5,8,0D,0A,0D,0,0,0,0,56,0
7207,2026-05-21 11:10:21.905,0,0,1,3,0,0,0,0,E5,8,0D,0A,0D,0,0,0
7208,2026-05-21 11:10:22.120,0,56,0,0,0,1,3,0,0,0,0,E5,8,0D,0A,0D
7209,2026-05-21 11:10:22.132,0,0,0,0,56,0,0,0,1,3,0,0,0,0,E5,8
7210,2026-05-21 11:10:22.337,0D,0A,0D,0,0,0,0,56,0,0,0,1,3,0,0,0
7211,2026-05-21 11:10:22.546,0,E5,8,0D,0A,0D,0,0,0,0,56,0,0,0,1,3
7212,2026-05-21 11:10:22.754,0,0,0,0,E5,8,0D,0A,0D,0,0,0,0,56,0,0
7213,2026-05-21 11:10:22.963,0,1,3,0,0,0,0,E5,8,0D,0A,0D,0,0,0,0
7214,2026-05-21 11:10:23.171,56,0,0,0,1,3,0,0,0,0,E3,8,0D,0A,0D,0
7215,2026-05-21 11:10:23.183,0,0,0,56,0,0,0,1,3,0,0,0,0,E5,8,0D
7216,2026-05-21 11:10:23.388,0A,0D,0,0,0,0,56,0,0,0,1,3,0,0,0,0
7217,2026-05-21 11:10:23.597,E5,8,0D,0A,0D,0,0,0,0,56,0,0,0,1,3,0
7218,2026-05-21 11:10:23.806,0,0,0,E3,8,0D,0A,0D,0,0,0,0,56,0,0,0
7219,2026-05-21 11:10:24.015,1,3,0,0,0,0,E3,8,0D,0A,0D,0,0,0,0,56
7220,2026-05-21 11:10:24.223,0,0,0,1,3,0,0,0,0,E7,8,0D,0A,0D,0,0
7221,2026-05-21 11:10:24.232,0,0,56,0,0,0,1,3,0,0,0,0,E3,8,0D,0A
7222,2026-05-21 11:10:24.440,0D,0,0,0,0,56,0,0,0,1,3,0,0,0,0,E5
7223,2026-05-21 11:10:24.649,8,0D,0A,0D,0,0,0,0,56,0,0,0,1,3,0,0
7224,2026-05-21 11:10:24.857,0,0,E5,8,0D,0A,0D,0,0,0,0,56,0,0,0,1
7225,2026-05-21 11:10:25.066,3,0,0,0,0,E5,8,0D,0A,0D,0,0,0,0,56,0
7226,2026-05-21 11:10:25.275,0,0,1,3,0,0,0,0,E5,8,0D,0A,0D,0,0,0
7227,2026-05-21 11:10:25.483,0,56,0,0,0,1,3,0,0,0,0,E7,8,0D,0A,0D
7228,2026-05-21 11:10:25.494,0,0,0,0,56,0,0,0,1,3,0,0,0,0,E5,8
7229,2026-05-21 11:10:25.699,0D,0A,0D,0,0,0,0,56,0,0,0,1,3,0,0,0
7230,2026-05-21 11:10:25.903,0,E5,8,0D,0A,0D,0,0,0,0,56,0,0,0,1,3
7231,2026-05-21 11:10:26.104,0,0,0,0,E5,8,0D,0A,0D,0,0,0,0,56,0,0
7232,2026-05-21 11:10:26.326,0,1,3,0,0,0,0,E5,8,0D,0A,0D,0,0,0,0
7233,2026-05-21 11:10:26.535,56,0,0,0,1,3,0,0,0,0,E5,8,0D,0A,0D,0
7234,2026-05-21 11:10:26.545,0,0,0,56,0,0,0,1,3,0,0,0,0,E5,8,0D
7235,2026-05-21 11:10:26.751,0A,0D,0,0,0,0,56,0,0,0,1,3,0,0,0,0
7236,2026-05-21 11:10:26.960,E5,8,0D,0A,0D,0,0,0,0,56,0,0,0,1,3,0
7237,2026-05-21 11:10:27.168,0,0,0,E5,8,0D,0A,0D,0,0,0,0,56,0,0,0
7238,2026-05-21 11:10:27.378,1,3,0,0,0,0,E7,8,0D,0A,0D,0,0,0,0,56
7239,2026-05-21 11:10:27.587,0,0,0,1,3,0,0,0,0,E5,8,0D,0A,0D,0,0
7240,2026-05-21 11:10:27.597,0,0,56,0,0,0,1,3,0,0,0,0,E5,8,0D,0A
7241,2026-05-21 11:10:27.803,0D,0,0,0,0,56,0,0,0,1,3,0,0,0,0,E7
7242,2026-05-21 11:10:28.011,8,0D,0A,0D,0,0,0,0,56,0,0,0,1,3,0,0
7243,2026-05-21 11:10:28.220,0,0,E5,8,0D,0A,0D,0,0,0,0,56,0,0,0,1
7244,2026-05-21 11:10:28.428,3,0,0,0,0,E5,8,0D,0A,0D,0,0,0,0,56,0
7245,2026-05-21 11:10:28.637,0,0,1,3,0,0,0,0,E7,8,0D,0A,0D,0,0,0
7246,2026-05-21 11:10:28.846,0,56,0,0,0,1,3,0,0,0,0,E5,8,0D,0A,0D
7247,2026-05-21 11:10:28.855,0,0,0,0,55,0,0,0,1,3,0,0,0,0,E5,8
7248,2026-05-21 11:10:29.062,0D,0A,0D,0,0,0,0,56,0,0,0,1,3,0,0,0
7249,2026-05-21 11:10:29.271,0,E5,8,0D,0A,0D,0,0,0,0,56,0,0,0,1,3
7250,2026-05-21 11:10:29.480,0,0,0,0,E5,8,0D,0A,0D,0,0,0,0,56,0,0
7251,2026-05-21 11:10:29.688,0,1,3,0,0,0,0,E5,8,0D,0A,0D,0,0,0,0
7252,2026-05-21 11:10:29.894,56,0,0,0,1,3,0,0,0,0,E5,8,0D,0A,0D,0
7253,2026-05-21 11:10:29.905,0,0,0,57,0,0,0,1,3,0,0,0,0,E5,8,0D
7254,2026-05-21 11:10:30.114,0A,0D,0,0,0,0,56,0,0,0,1,3,0,0,0,0
7255,2026-05-21 11:10:30.323,E7,8,0D,0A,0D,0,0,0,0,56,0,0,0,1,3,0
7256,2026-05-21 11:10:30.532,0,0,0,E5,8,0D,0A,0D,0,0,0,0,56,0,0,0
7257,2026-05-21 11:10:30.740,1,3,0,0,0,0,E7,8,0D,0A,0D,0,0,0,0,57
7258,2026-05-21 11:10:30.948,0,0,0,1,3,0,0,0,0,E5,8,0D,0A,0D,0,0
7259,2026-05-21 11:10:30.960,0,0,56,0,0,0,1,3,0,0,0,0,E5,8,0D,0A
7260,2026-05-21 11:10:31.166,0D,0,0,0,0,56,0,0,0,1,3,0,0,0,0,E5
7261,2026-05-21 11:10:31.374,8,0D,0A,0D,0,0,0,0,56,0,0,0,1,3,0,0
7262,2026-05-21 11:10:31.583,0,0,E3,8,0D,0A,0D,0,0,0,0,56,0,0,0,1
7263,2026-05-21 11:10:31.792,3,0,0,0,0,E5,8,0D,0A,0D,0,0,0,0,56,0
7264,2026-05-21 11:10:32.000,0,0,1,3,0,0,0,0,E3,8,0D,0A,0D,0,0,0
7265,2026-05-21 11:10:32.208,0,57,0,0,0,1,3,0,0,0,0,E5,8,0D,0A,0D
7266,2026-05-21 11:10:32.219,0,0,0,0,56,0,0,0,1,3,0,0,0,0,E7,8
7267,2026-05-21 11:10:32.425,0D,0A,0D,0,0,0,0,56,0,0,0,1,3,0,0,0
7268,2026-05-21 11:10:32.635,0,E5,8,0D,0A,0D,0,0,0,0,56,0,0,0,1,3
7269,2026-05-21 11:10:32.843,0,0,0,0,E5,8,0D,0A,0D,0,0,0,0,56,0,0
7270,2026-05-21 11:10:33.052,0,1,3,0,0,0,0,E3,8,0D,0A,0D,0,0,0,0
7271,2026-05-21 11:10:33.260,56,0,0,0,1,3,0,0,0,0,E5,8,0D,0A,0D,0
7272,2026-05-21 11:10:33.270,0,0,0,57,0,0,0,1,3,0,0,0,0,E5,8,0D
7273,2026-05-21 11:10:33.478,0A,0D,0,0,0,0,57,0,0,0,1,3,0,0,0,0
7274,2026-05-21 11:10:33.679,E5,8,0D,0A,0D,0,0,0,0,57,0,0,0,1,3,0
7275,2026-05-21 11:10:33.892,0,0,0,E5,8,0D,0A,0D,0,0,0,0,56,0,0,0
7276,2026-05-21 11:10:34.103,1,3,0,0,0,0,E5,8,0D,0A,0D,0,0,0,0,56
7277,2026-05-21 11:10:34.312,0,0,0,1,3,0,0,0,0,E3,8,0D,0A,0D,0,0
7278,2026-05-21 11:10:34.322,0,0,56,0,0,0,1,3,0,0,0,0,E5,8,0D,0A
7279,2026-05-21 11:10:34.529,0D,0,0,0,0,56,0,0,0,1,3,0,0,0,0,E5
7280,2026-05-21 11:10:34.737,8,0D,0A,0D,0,0,0,0,56,0,0,0,1,3,0,0
7281,2026-05-21 11:10:34.952,0,0,E5,8,0D,0A,0D,0,0,0,0,56,0,0,0,1
7282,2026-05-21 11:10:35.161,3,0,0,0,0,E5,8,0D,0A,0D,0,0,0,0,56,0
7283,2026-05-21 11:10:35.363,0,0,1,3,0,0,0,0,E5,8,0D,0A,0D,0,0,0
7284,2026-05-21 11:10:35.572,0,56,0,0,0,1,3,0,0,0,0,E3,8,0D,0A,0D
7285,2026-05-21 11:10:35.582,0,0,0,0,56,0,0,0,1,3,0,0,0,0,E5,8
7286,2026-05-21 11:10:35.789,0D,0A,0D,0,0,0,0,56,0,0,0,1,3,0,0,0
7287,2026-05-21 11:10:35.997,0,E5,8,0D,0A,0D,0,0,0,0,56,0,0,0,1,3
7288,2026-05-21 11:10:36.206,0,0,0,0,E3,8,0D,0A,0D,0,0,0,0,55,0,0
7289,2026-05-21 11:10:36.415,0,1,3,0,0,0,0,E5,8,0D,0A,0D,0,0,0,0
7290,2026-05-21 11:10:36.623,53,0,0,0,1,3,0,0,0,0,E7,8,0D,0A,0D,0
7291,2026-05-21 11:10:36.633,0,0,0,54,0,0,0,1,3,0,0,0,0,E5,8,0D
7292,2026-05-21 11:10:36.840,0A,0D,0,0,0,0,55,0,0,0,1,3,0,0,0,0
7293,2026-05-21 11:10:37.049,E5,8,0D,0A,0D,0,0,0,0,56,0,0,0,1,3,0
7294,2026-05-21 11:10:37.259,0,0,0,E5,8,0D,0A,0D,0,0,0,0,56,0,0,0
7295,2026-05-21 11:10:37.466,1,3,0,0,0,0,E5,8,0D,0A,0D,0,0,0,0,54
7296,2026-05-21 11:10:37.663,0,0,0,1,3,0,0,0,0,E5,8,0D,0A,0D,0,0
7297,2026-05-21 11:10:37.678,0,0,54,0,0,0,1,3,0,0,0,0,E5,8,0D,0A
7298,2026-05-21 11:10:37.878,0D,0,0,0,0,54,0,0,0,1,3,0,0,0,0,E5
7299,2026-05-21 11:10:38.091,8,0D,0A,0D,0,0,0,0,54,0,0,0,1,3,0,0
7300,2026-05-21 11:10:38.309,0,0,E5,8,0D,0A,0D,0,0,0,0,54,0,0,0,1
7301,2026-05-21 11:10:38.517,3,0,0,0,0,E5,8,0D,0A,0D,0,0,0,0,54,0
7302,2026-05-21 11:10:38.726,0,0,1,3,0,0,0,0,E5,8,0D,0A,0D,0,0,0
7303,2026-05-21 11:10:38.934,0,53,0,0,0,1,3,0,0,0,0,E3,8,0D,0A,0D
7304,2026-05-21 11:10:38.944,0,0,0,0,52,0,0,0,1,3,0,0,0,0,E5,8
7305,2026-05-21 11:10:39.151,0D,0A,0D,0,0,0,0,52,0,0,0,1,3,0,0,0
7306,2026-05-21 11:10:39.363,0,E3,8,0D,0A,0D,0,0,0,0,52,0,0,0,1,3
7307,2026-05-21 11:10:39.569,0,0,0,0,E5,8,0D,0A,0D,0,0,0,0,53,0,0
7308,2026-05-21 11:10:39.777,0,1,3,0,0,0,0,E5,8,0D,0A,0D,0,0,0,0
7309,2026-05-21 11:10:39.986,54,0,0,0,1,3,0,0,0,0,E3,8,0D,0A,0D,0
7310,2026-05-21 11:10:39.996,0,0,0,52,0,0,0,1,3,0,0,0,0,E5,8,0D
7311,2026-05-21 11:10:40.203,0A,0D,0,0,0,0,52,0,0,0,1,3,0,0,0,0
7312,2026-05-21 11:10:40.412,E5,8,0D,0A,0D,0,0,0,0,52,0,0,0,1,3,0
7313,2026-05-21 11:10:40.621,0,0,0,E5,8,0D,0A,0D,0,0,0,0,54,0,0,0
7314,2026-05-21 11:10:40.829,1,3,0,0,0,0,E5,8,0D,0A,0D,0,0,0,0,54
7315,2026-05-21 11:10:41.038,0,0,0,1,3,0,0,0,0,E5,8,0D,0A,0D,0,0
7316,2026-05-21 11:10:41.048,0,0,55,0,0,0,1,3,0,0,0,0,E5,8,0D,0A
7317,2026-05-21 11:10:41.254,0D,0,0,0,0,55,0,0,0,1,3,0,0,0,0,E5
7318,2026-05-21 11:10:41.463,8,0D,0A,0D,0,0,0,0,55,0,0,0,1,3,0,0
7319,2026-05-21 11:10:41.672,0,0,E5,8,0D,0A,0D,0,0,0,0,55,0,0,0,1
7320,2026-05-21 11:10:41.880,3,0,0,0,0,E5,8,0D,0A,0D,0,0,0,0,56,0
7321,2026-05-21 11:10:42.088,0,0,1,3,0,0,0,0,E5,8,0D,0A,0D,0,0,0
7322,2026-05-21 11:10:42.298,0,56,0,0,0,1,3,0,0,0,0,E5,8,0D,0A,0D
7323,2026-05-21 11:10:42.365,0,0,0,0,56,0,0,0,1,3,0,0,0,0,E5,8
7324,2026-05-21 11:10:42.514,0D,0A,0D,0,0,0,0,56,0,0,0,1,3,0,0,0
7325,2026-05-21 11:10:42.723,0,E5,8,0D,0A,0D,0,0,0,0,55,0,0,0,1,3
7326,2026-05-21 11:10:42.932,0,0,0,0,E3,8,0D,0A,0D,0,0,0,0,55,0,0
7327,2026-05-21 11:10:43.141,0,1,3,0,0,0,0,E3,8,0D,0A,0D,0,0,0,0
7328,2026-05-21 11:10:43.349,55,0,0,0,1,3,0,0,0,0,E5,8,0D,0A,0D,0
7329,2026-05-21 11:10:43.359,0,0,0,56,0,0,0,1,3,0,0,0,0,E5,8,0D
7330,2026-05-21 11:10:43.568,0A,0D,0,0,0,0,56,0,0,0,1,3,0,0,0,0
7331,2026-05-21 11:10:43.774,E5,8,0D,0A,0D,0,0,0,0,55,0,0,0,1,3,0
7332,2026-05-21 11:10:43.983,0,0,0,E3,8,0D,0A,0D,0,0,0,0,55,0,0,0
7333,2026-05-21 11:10:44.191,1,3,0,0,0,0,E5,8,0D,0A,0D,0,0,0,0,55
7334,2026-05-21 11:10:44.431,0,0,0,1,3,0,0,0,0,E5,8,0D,0A,0D,0,0
7335,2026-05-21 11:10:44.451,0,0,55,0,0,0,1,3,0,0,0,0,E3,8,0D,0A
7336,2026-05-21 11:10:44.622,0D,0,0,0,0,55,0,0,0,1,3,0,0,0,0,E5
7337,2026-05-21 11:10:44.826,8,0D,0A,0D,0,0,0,0,55,0,0,0,1,3,0,0
7338,2026-05-21 11:10:45.035,0,0,E5,8,0D,0A,0D,0,0,0,0,55,0,0,0,1
7339,2026-05-21 11:10:45.244,3,0,0,0,0,E3,8,0D,0A,0D,0,0,0,0,55,0
7340,2026-05-21 11:10:45.451,0,0,1,3,0,0,0,0,E5,8,0D,0A,0D,0,0,0
7341,2026-05-21 11:10:45.684,0,56,0,0,0,1,3,0,0,0,0,E5,8,0D,0A,0D
7342,2026-05-21 11:10:45.700,0,0,0,0,55,0,0,0,1,3,0,0,0,0,E5,8
7343,2026-05-21 11:10:45.876,0D,0A,0D,0,0,0,0,55,0,0,0,1,3,0,0,0
7344,2026-05-21 11:10:46.085,0,E5,8,0D,0A,0D,0,0,0,0,54,0,0,0,1,3
7345,2026-05-21 11:10:46.294,0,0,0,0,E5,8,0D,0A,0D,0,0,0,0,55,0,0
7346,2026-05-21 11:10:46.504,0,1,3,0,0,0,0,E5,8,0D,0A,0D,0,0,0,0
7347,2026-05-21 11:10:46.711,55,0,0,0,1,3,0,0,0,0,E5,8,0D,0A,0D,0
7348,2026-05-21 11:10:46.721,0,0,0,55,0,0,0,1,3,0,0,0,0,E5,8,0D
7349,2026-05-21 11:10:46.929,0A,0D,0,0,0,0,55,0,0,0,1,3,0,0,0,0
7350,2026-05-21 11:10:47.137,E5,8,0D,0A,0D,0,0,0,0,56,0,0,0,1,3,0
7351,2026-05-21 11:10:47.346,0,0,0,E5,8,0D,0A,0D,0,0,0,0,56,0,0,0
7352,2026-05-21 11:10:47.555,1,3,0,0,0,0,E3,8,0D,0A,0D,0,0,0,0,56
7353,2026-05-21 11:10:47.763,0,0,0,1,3,0,0,0,0,E5,8,0D,0A,0D,0,0
7354,2026-05-21 11:10:47.776,0,0,56,0,0,0,1,3,0,0,0,0,E5,8,0D,0A
7355,2026-05-21 11:10:47.981,0D,0,0,0,0,56,0,0,0,1,3,0,0,0,0,E5
7356,2026-05-21 11:10:48.189,8,0D,0A,0D,0,0,0,0,55,0,0,0,1,3,0,0
7357,2026-05-21 11:10:48.398,0,0,E3,8,0D,0A,0D,0,0,0,0,56,0,0,0,1
7358,2026-05-21 11:10:48.605,3,0,0,0,0,E5,8,0D,0A,0D,0,0,0,0,56,0
7359,2026-05-21 11:10:48.815,0,0,1,3,0,0,0,0,E5,8,0D,0A,0D,0,0,0
7360,2026-05-21 11:10:49.023,0,56,0,0,0,1,3,0,0,0,0,E5,8,0D,0A,0D
7361,2026-05-21 11:10:49.032,0,0,0,0,56,0,0,0,1,3,0,0,0,0,E5,8
7362,2026-05-21 11:10:49.240,0D,0A,0D,0,0,0,0,56,0,0,0,1,3,0,0,0
7363,2026-05-21 11:10:49.449,0,E7,8,0D,0A,0D,0,0,0,0,55,0,0,0,1,3
7364,2026-05-21 11:10:49.657,0,0,0,0,E5,8,0D,0A,0D,0,0,0,0,55,0,0
7365,2026-05-21 11:10:49.866,0,1,3,0,0,0,0,E5,8,0D,0A,0D,0,0,0,0
7366,2026-05-21 11:10:50.063,56,0,0,0,1,3,0,0,0,0,E5,8,0D,0A,0D,0
7367,2026-05-21 11:10:50.084,0,0,0,55,0,0,0,1,3,0,0,0,0,E5,8,0D
7368,2026-05-21 11:10:50.292,0A,0D,0,0,0,0,55,0,0,0,1,3,0,0,0,0
7369,2026-05-21 11:10:50.501,E5,8,0D,0A,0D,0,0,0,0,55,0,0,0,1,3,0
7370,2026-05-21 11:10:50.709,0,0,0,E5,8,0D,0A,0D,0,0,0,0,56,0,0,0
7371,2026-05-21 11:10:50.918,1,3,0,0,0,0,E5,8,0D,0A,0D,0,0,0,0,55
7372,2026-05-21 11:10:51.126,0,0,0,1,3,0,0,0,0,E5,8,0D,0A,0D,0,0
7373,2026-05-21 11:10:51.137,0,0,55,0,0,0,1,3,0,0,0,0,E5,8,0D,0A
7374,2026-05-21 11:10:51.343,0D,0,0,0,0,55,0,0,0,1,3,0,0,0,0,E5
7375,2026-05-21 11:10:51.551,8,0D,0A,0D,0,0,0,0,54,0,0,0,1,3,0,0
7376,2026-05-21 11:10:51.760,0,0,E3,8,0D,0A,0D,0,0,0,0,55,0,0,0,1
7377,2026-05-21 11:10:51.972,3,0,0,0,0,E5,8,0D,0A,0D,0,0,0,0,54,0
7378,2026-05-21 11:10:52.178,0,0,1,3,0,0,0,0,E5,8,0D,0A,0D,0,0,0
7379,2026-05-21 11:10:52.386,0,54,0,0,0,1,3,0,0,0,0,E5,8,0D,0A,0D
7380,2026-05-21 11:10:52.397,0,0,0,0,55,0,0,0,1,3,0,0,0,0,E5,8
7381,2026-05-21 11:10:52.604,0D,0A,0D,0,0,0,0,56,0,0,0,1,3,0,0,0
7382,2026-05-21 11:10:52.812,0,E5,8,0D,0A,0D,0,0,0,0,55,0,0,0,1,3
7383,2026-05-21 11:10:53.021,0,0,0,0,E3,8,0D,0A,0D,0,0,0,0,54,0,0
7384,2026-05-21 11:10:53.230,0,1,3,0,0,0,0,E3,8,0D,0A,0D,0,0,0,0
7385,2026-05-21 11:10:53.438,55,0,0,0,1,3,0,0,0,0,E5,8,0D,0A,0D,0
7386,2026-05-21 11:10:53.447,0,0,0,54,0,0,0,1,3,0,0,0,0,E5,8,0D
7387,2026-05-21 11:10:53.655,0A,0D,0,0,0,0,56,0,0,0,1,3,0,0,0,0
7388,2026-05-21 11:10:53.863,E7,8,0D,0A,0D,0,0,0,0,55,0,0,0,1,3,0
7389,2026-05-21 11:10:54.079,0,0,0,E5,8,0D,0A,0D,0,0,0,0,55,0,0,0
7390,2026-05-21 11:10:54.281,1,3,0,0,0,0,E5,8,0D,0A,0D,0,0,0,0,52
7391,2026-05-21 11:10:54.490,0,0,0,1,3,0,0,0,0,E3,8,0D,0A,0D,0,0
7392,2026-05-21 11:10:54.500,0,0,54,0,0,0,1,3,0,0,0,0,E5,8,0D,0A
7393,2026-05-21 11:10:54.706,0D,0,0,0,0,51,0,0,0,1,3,0,0,0,0,E7
7394,2026-05-21 11:10:54.915,8,0D,0A,0D,0,0,0,0,52,0,0,0,1,3,0,0
7395,2026-05-21 11:10:55.124,0,0,E5,8,0D,0A,0D,0,0,0,0,54,0,0,0,1
7396,2026-05-21 11:10:55.332,3,0,0,0,0,E3,8,0D,0A,0D,0,0,0,0,53,0
7397,2026-05-21 11:10:55.541,0,0,1,3,0,0,0,0,E3,8,0D,0A,0D,0,0,0
7398,2026-05-21 11:10:55.749,0,53,0,0,0,1,3,0,0,0,0,E5,8,0D,0A,0D
7399,2026-05-21 11:10:55.760,0,0,0,0,54,0,0,0,1,3,0,0,0,0,E7,8
7400,2026-05-21 11:10:55.966,0D,0A,0D,0,0,0,0,53,0,0,0,1,3,0,0,0
7401,2026-05-21 11:10:56.176,0,E3,8,0D,0A,0D,0,0,0,0,54,0,0,0,1,3
7402,2026-05-21 11:10:56.383,0,0,0,0,E7,8,0D,0A,0D,0,0,0,0,54,0,0
7403,2026-05-21 11:10:56.591,0,1,3,0,0,0,0,E5,8,0D,0A,0D,0,0,0,0
7404,2026-05-21 11:10:56.803,55,0,0,0,1,3,0,0,0,0,E5,8,0D,0A,0D,0
7405,2026-05-21 11:10:56.813,0,0,0,54,0,0,0,1,3,0,0,0,0,E3,8,0D
7406,2026-05-21 11:10:57.018,0A,0D,0,0,0,0,54,0,0,0,1,3,0,0,0,0
7407,2026-05-21 11:10:57.226,E3,8,0D,0A,0D,0,0,0,0,53,0,0,0,1,3,0
7408,2026-05-21 11:10:57.435,0,0,0,E5,8,0D,0A,0D,0,0,0,0,52,0,0,0
7409,2026-05-21 11:10:57.643,1,3,0,0,0,0,E5,8,0D,0A,0D,0,0,0,0,53
7410,2026-05-21 11:10:57.852,0,0,0,1,3,0,0,0,0,E5,8,0D,0A,0D,0,0
7411,2026-05-21 11:10:57.862,0,0,53,0,0,0,1,3,0,0,0,0,E5,8,0D,0A
7412,2026-05-21 11:10:58.069,0D,0,0,0,0,54,0,0,0,1,3,0,0,0,0,E5
7413,2026-05-21 11:10:58.278,8,0D,0A,0D,0,0,0,0,54,0,0,0,1,3,0,0
7414,2026-05-21 11:10:58.487,0,0,E5,8,0D,0A,0D,0,0,0,0,53,0,0,0,1
7415,2026-05-21 11:10:58.695,3,0,0,0,0,E5,8,0D,0A,0D,0,0,0,0,54,0
7416,2026-05-21 11:10:58.903,0,0,1,3,0,0,0,0,E5,8,0D,0A,0D,0,0,0
7417,2026-05-21 11:10:59.112,0,53,0,0,0,1,3,0,0,0,0,E5,8,0D,0A,0D
7418,2026-05-21 11:10:59.121,0,0,0,0,54,0,0,0,1,3,0,0,0,0,E5,8
7419,2026-05-21 11:10:59.329,0D,0A,0D,0,0,0,0,52,0,0,0,1,3,0,0,0
7420,2026-05-21 11:10:59.538,0,E5,8,0D,0A,0D,0,0,0,0,53,0,0,0,1,3
7421,2026-05-21 11:10:59.747,0,0,0,0,E5,8,0D,0A,0D,0,0,0,0,53,0,0
7422,2026-05-21 11:10:59.955,0,1,3,0,0,0,0,E5,8,0D,0A,0D,0,0,0,0
7423,2026-05-21 11:11:00.164,53,0,0,0,1,3,0,0,0,0,E3,8,0D,0A,0D,0
7424,2026-05-21 11:11:00.173,0,0,0,54,0,0,0,1,3,0,0,0,0,E5,8,0D
7425,2026-05-21 11:11:00.382,0A,0D,0,0,0,0,53,0,0,0,1,3,0,0,0,0
7426,2026-05-21 11:11:00.589,E5,8,0D,0A,0D,0,0,0,0,54,0,0,0,1,3,0
7427,2026-05-21 11:11:00.798,0,0,0,E3,8,0D,0A,0D,0,0,0,0,54,0,0,0
7428,2026-05-21 11:11:01.006,1,3,0,0,0,0,E5,8,0D,0A,0D,0,0,0,0,54
7429,2026-05-21 11:11:01.215,0,0,0,1,3,0,0,0,0,E7,8,0D,0A,0D,0,0
7430,2026-05-21 11:11:01.225,0,0,54,0,0,0,1,3,0,0,0,0,E3,8,0D,0A
7431,2026-05-21 11:11:01.432,0D,0,0,0,0,56,0,0,0,1,3,0,0,0,0,E5
7432,2026-05-21 11:11:01.641,8,0D,0A,0D,0,0,0,0,56,0,0,0,1,3,0,0
7433,2026-05-21 11:11:01.850,0,0,E5,8,0D,0A,0D,0,0,0,0,56,0,0,0,1
7434,2026-05-21 11:11:02.058,3,0,0,0,0,E5,8,0D,0A,0D,0,0,0,0,55,0
7435,2026-05-21 11:11:02.256,0,0,1,3,0,0,0,0,E5,8,0D,0A,0D,0,0,0
7436,2026-05-21 11:11:02.475,0,56,0,0,0,1,3,0,0,0,0,E5,8,0D,0A,0D
7437,2026-05-21 11:11:02.489,0,0,0,0,55,0,0,0,1,3,0,0,0,0,E5,8
7438,2026-05-21 11:11:02.692,0D,0A,0D,0,0,0,0,55,0,0,0,1,3,0,0,0
7439,2026-05-21 11:11:02.901,0,E5,8,0D,0A,0D,0,0,0,0,56,0,0,0,1,3
7440,2026-05-21 11:11:03.110,0,0,0,0,E3,8,0D,0A,0D,0,0,0,0,55,0,0
7441,2026-05-21 11:11:03.318,0,1,3,0,0,0,0,E5,8,0D,0A,0D,0,0,0,0
7442,2026-05-21 11:11:03.526,55,0,0,0,1,3,0,0,0,0,E5,8,0D,0A,0D,0
7443,2026-05-21 11:11:03.536,0,0,0,55,0,0,0,1,3,0,0,0,0,E3,8,0D
7444,2026-05-21 11:11:03.743,0A,0D,0,0,0,0,54,0,0,0,1,3,0,0,0,0
7445,2026-05-21 11:11:03.952,E5,8,0D,0A,0D,0,0,0,0,54,0,0,0,1,3,0
7446,2026-05-21 11:11:04.160,0,0,0,E5,8,0D,0A,0D,0,0,0,0,54,0,0,0
7447,2026-05-21 11:11:04.369,1,3,0,0,0,0,E5,8,0D,0A,0D,0,0,0,0,54
7448,2026-05-21 11:11:04.578,0,0,0,1,3,0,0,0,0,E5,8,0D,0A,0D,0,0
7449,2026-05-21 11:11:04.589,0,0,54,0,0,0,1,3,0,0,0,0,E3,8,0D,0A
7450,2026-05-21 11:11:04.795,0D,0,0,0,0,54,0,0,0,1,3,0,0,0,0,E5
7451,2026-05-21 11:11:05.004,8,0D,0A,0D,0,0,0,0,54,0,0,0,1,3,0,0
7452,2026-05-21 11:11:05.212,0,0,E5,8,0D,0A,0D,0,0,0,0,54,0,0,0,1
7453,2026-05-21 11:11:05.421,3,0,0,0,0,E1,8,0D,0A,0D,0,0,0,0,54,0
7454,2026-05-21 11:11:05.630,0,0,1,3,0,0,0,0,E5,8,0D,0A,0D,0,0,0
7455,2026-05-21 11:11:05.837,0,55,0,0,0,1,3,0,0,0,0,E5,8,0D,0A,0D
7456,2026-05-21 11:11:05.845,0,0,0,0,54,0,0,0,1,3,0,0,0,0,E5,8
7457,2026-05-21 11:11:06.055,0D,0A,0D,0,0,0,0,54,0,0,0,1,3,0,0,0
7458,2026-05-21 11:11:06.264,0,E5,8,0D,0A,0D,0,0,0,0,52,0,0,0,1,3
7459,2026-05-21 11:11:06.472,0,0,0,0,E5,8,0D,0A,0D,0,0,0,0,54,0,0
7460,2026-05-21 11:11:06.681,0,1,3,0,0,0,0,E5,8,0D,0A,0D,0,0,0,0
7461,2026-05-21 11:11:06.889,54,0,0,0,1,3,0,0,0,0,E5,8,0D,0A,0D,0
7462,2026-05-21 11:11:06.902,0,0,0,54,0,0,0,1,3,0,0,0,0,E5,8,0D
7463,2026-05-21 11:11:07.107,0A,0D,0,0,0,0,53,0,0,0,1,3,0,0,0,0
7464,2026-05-21 11:11:07.315,E5,8,0D,0A,0D,0,0,0,0,53,0,0,0,1,3,0
7465,2026-05-21 11:11:07.523,0,0,0,E5,8,0D,0A,0D,0,0,0,0,53,0,0,0
7466,2026-05-21 11:11:07.732,1,3,0,0,0,0,E5,8,0D,0A,0D,0,0,0,0,54
7467,2026-05-21 11:11:07.941,0,0,0,1,3,0,0,0,0,E5,8,0D,0A,0D,0,0
7468,2026-05-21 11:11:07.950,0,0,54,0,0,0,1,3,0,0,0,0,E3,8,0D,0A
7469,2026-05-21 11:11:08.158,0D,0,0,0,0,54,0,0,0,1,3,0,0,0,0,E5
7470,2026-05-21 11:11:08.366,8,0D,0A,0D,0,0,0,0,54,0,0,0,1,3,0,0
7471,2026-05-21 11:11:08.575,0,0,E3,8,0D,0A,0D,0,0,0,0,54,0,0,0,1
7472,2026-05-21 11:11:08.784,3,0,0,0,0,E3,8,0D,0A,0D,0,0,0,0,54,0
7473,2026-05-21 11:11:08.992,0,0,1,3,0,0,0,0,E5,8,0D,0A,0D,0,0,0
7474,2026-05-21 11:11:09.201,0,54,0,0,0,1,3,0,0,0,0,E5,8,0D,0A,0D
7475,2026-05-21 11:11:09.212,0,0,0,0,54,0,0,0,1,3,0,0,0,0,E7,8
7476,2026-05-21 11:11:09.419,0D,0A,0D,0,0,0,0,54,0,0,0,1,3,0,0,0
7477,2026-05-21 11:11:09.628,0,E5,8,0D,0A,0D,0,0,0,0,54,0,0,0,1,3
7478,2026-05-21 11:11:09.835,0,0,0,0,E5,8,0D,0A,0D,0,0,0,0,54,0,0
7479,2026-05-21 11:11:10.037,0,1,3,0,0,0,0,E7,8,0D,0A,0D,0,0,0,0
7480,2026-05-21 11:11:10.252,55,0,0,0,1,3,0,0,0,0,E3,8,0D,0A,0D,0
7481,2026-05-21 11:11:10.262,0,0,0,55,0,0,0,1,3,0,0,0,0,E5,8,0D
7482,2026-05-21 11:11:10.469,0A,0D,0,0,0,0,54,0,0,0,1,3,0,0,0,0
7483,2026-05-21 11:11:10.678,E3,8,0D,0A,0D,0,0,0,0,55,0,0,0,1,3,0
7484,2026-05-21 11:11:10.886,0,0,0,E5,8,0D,0A,0D,0,0,0,0,54,0,0,0
7485,2026-05-21 11:11:11.096,1,3,0,0,0,0,E5,8,0D,0A,0D,0,0,0,0,54
7486,2026-05-21 11:11:11.304,0,0,0,1,3,0,0,0,0,E5,8,0D,0A,0D,0,0
7487,2026-05-21 11:11:11.316,0,0,54,0,0,0,1,3,0,0,0,0,E3,8,0D,0A
7488,2026-05-21 11:11:11.521,0D,0,0,0,0,54,0,0,0,1,3,0,0,0,0,E3
7489,2026-05-21 11:11:11.729,8,0D,0A,0D,0,0,0,0,55,0,0,0,1,3,0,0
7490,2026-05-21 11:11:11.938,0,0,E5,8,0D,0A,0D,0,0,0,0,54,0,0,0,1
7491,2026-05-21 11:11:12.147,3,0,0,0,0,E5,8,0D,0A,0D,0,0,0,0,55,0
7492,2026-05-21 11:11:12.356,0,0,1,3,0,0,0,0,E3,8,0D,0A,0D,0,0,0
7493,2026-05-21 11:11:12.564,0,54,0,0,0,1,3,0,0,0,0,E5,8,0D,0A,0D
7494,2026-05-21 11:11:12.574,0,0,0,0,55,0,0,0,1,3,0,0,0,0,E3,8
7495,2026-05-21 11:11:12.780,0D,0A,0D,0,0,0,0,55,0,0,0,1,3,0,0,0
7496,2026-05-21 11:11:12.989,0,E3,8,0D,0A,0D,0,0,0,0,55,0,0,0,1,3
7497,2026-05-21 11:11:13.198,0,0,0,0,E5,8,0D,0A,0D,0,0,0,0,55,0,0
7498,2026-05-21 11:11:13.406,0,1,3,0,0,0,0,E5,8,0D,0A,0D,0,0,0,0
7499,2026-05-21 11:11:13.615,56,0,0,0,1,3,0,0,0,0,E5,8,0D,0A,0D,0
7500,2026-05-21 11:11:13.626,0,0,0,56,0,0,0,1,3,0,0,0,0,E5,8,0D
7501,2026-05-21 11:11:13.824,0A,0D,0,0,0,0,55,0,0,0,1,3,0,0,0,0
7502,2026-05-21 11:11:14.026,E5,8,0D,0A,0D,0,0,0,0,55,0,0,0,1,3,0
7503,2026-05-21 11:11:14.249,0,0,0,E5,8,0D,0A,0D,0,0,0,0,55,0,0,0
7504,2026-05-21 11:11:14.458,1,3,0,0,0,0,E5,8,0D,0A,0D,0,0,0,0,56
7505,2026-05-21 11:11:14.666,0,0,0,1,3,0,0,0,0,E5,8,0D,0A,0D,0,0
7506,2026-05-21 11:11:14.675,0,0,55,0,0,0,1,3,0,0,0,0,E3,8,0D,0A
7507,2026-05-21 11:11:14.884,0D,0,0,0,0,56,0,0,0,1,3,0,0,0,0,E3
7508,2026-05-21 11:11:15.091,8,0D,0A,0D,0,0,0,0,54,0,0,0,1,3,0,0
7509,2026-05-21 11:11:15.301,0,0,E5,8,0D,0A,0D,0,0,0,0,55,0,0,0,1
7510,2026-05-21 11:11:15.509,3,0,0,0,0,E5,8,0D,0A,0D,0,0,0,0,55,0
7511,2026-05-21 11:11:15.718,0,0,1,3,0,0,0,0,E5,8,0D,0A,0D,0,0,0
7512,2026-05-21 11:11:15.927,0,55,0,0,0,1,3,0,0,0,0,E5,8,0D,0A,0D
7513,2026-05-21 11:11:15.938,0,0,0,0,55,0,0,0,1,3,0,0,0,0,E3,8
7514,2026-05-21 11:11:16.144,0D,0A,0D,0,0,0,0,54,0,0,0,1,3,0,0,0
7515,2026-05-21 11:11:16.353,0,E3,8,0D,0A,0D,0,0,0,0,54,0,0,0,1,3
7516,2026-05-21 11:11:16.561,0,0,0,0,E5,8,0D,0A,0D,0,0,0,0,54,0,0
7517,2026-05-21 11:11:16.770,0,1,3,0,0,0,0,E3,8,0D,0A,0D,0,0,0,0
7518,2026-05-21 11:11:16.978,54,0,0,0,1,3,0,0,0,0,E5,8,0D,0A,0D,0
7519,2026-05-21 11:11:16.987,0,0,0,54,0,0,0,1,3,0,0,0,0,E5,8,0D
7520,2026-05-21 11:11:17.199,0A,0D,0,0,0,0,54,0,0,0,1,3,0,0,0,0
7521,2026-05-21 11:11:17.404,E5,8,0D,0A,0D,0,0,0,0,54,0,0,0,1,3,0
7522,2026-05-21 11:11:17.612,0,0,0,E5,8,0D,0A,0D,0,0,0,0,54,0,0,0
7523,2026-05-21 11:11:17.820,1,3,0,0,0,0,E5,8,0D,0A,0D,0,0,0,0,54
7524,2026-05-21 11:11:18.030,0,0,0,1,3,0,0,0,0,E7,8,0D,0A,0D,0,0
7525,2026-05-21 11:11:18.033,0,0,53,0,0,0,1,3,0,0,0,0,E5,8,0D,0A
7526,2026-05-21 11:11:18.247,0D,0,0,0,0,54,0,0,0,1,3,0,0,0,0,E3
7527,2026-05-21 11:11:18.455,8,0D,0A,0D,0,0,0,0,53,0,0,0,1,3,0,0
7528,2026-05-21 11:11:18.664,0,0,E3,8,0D,0A,0D,0,0,0,0,54,0,0,0,1
7529,2026-05-21 11:11:18.872,3,0,0,0,0,E3,8,0D,0A,0D,0,0,0,0,53,0
7530,2026-05-21 11:11:19.081,0,0,1,3,0,0,0,0,E5,8,0D,0A,0D,0,0,0
7531,2026-05-21 11:11:19.289,0,54,0,0,0,1,3,0,0,0,0,E5,8,0D,0A,0D
7532,2026-05-21 11:11:19.300,0,0,0,0,54,0,0,0,1,3,0,0,0,0,E7,8
7533,2026-05-21 11:11:19.506,0D,0A,0D,0,0,0,0,54,0,0,0,1,3,0,0,0
7534,2026-05-21 11:11:19.714,0,E5,8,0D,0A,0D,0,0,0,0,54,0,0,0,1,3
7535,2026-05-21 11:11:19.924,0,0,0,0,E5,8,0D,0A,0D,0,0,0,0,53,0,0
7536,2026-05-21 11:11:20.132,0,1,3,0,0,0,0,E3,8,0D,0A,0D,0,0,0,0
7537,2026-05-21 11:11:20.341,55,0,0,0,1,3,0,0,0,0,E3,8,0D,0A,0D,0
7538,2026-05-21 11:11:20.352,0,0,0,55,0,0,0,1,3,0,0,0,0,E3,8,0D
7539,2026-05-21 11:11:20.558,0A,0D,0,0,0,0,56,0,0,0,1,3,0,0,0,0
7540,2026-05-21 11:11:20.766,E5,8,0D,0A,0D,0,0,0,0,55,0,0,0,1,3,0
7541,2026-05-21 11:11:20.975,0,0,0,E3,8,0D,0A,0D,0,0,0,0,55,0,0,0
7542,2026-05-21 11:11:21.189,1,3,0,0,0,0,E3,8,0D,0A,0D,0,0,0,0,55
7543,2026-05-21 11:11:21.392,0,0,0,1,3,0,0,0,0,E5,8,0D,0A,0D,0,0
7544,2026-05-21 11:11:21.402,0,0,55,0,0,0,1,3,0,0,0,0,E5,8,0D,0A
7545,2026-05-21 11:11:21.610,0D,0,0,0,0,55,0,0,0,1,3,0,0,0,0,E5
7546,2026-05-21 11:11:21.819,8,0D,0A,0D,0,0,0,0,56,0,0,0,1,3,0,0
7547,2026-05-21 11:11:22.027,0,0,E5,8,0D,0A,0D,0,0,0,0,55,0,0,0,1
7548,2026-05-21 11:11:22.236,3,0,0,0,0,E3,8,0D,0A,0D,0,0,0,0,55,0
7549,2026-05-21 11:11:22.444,0,0,1,3,0,0,0,0,E5,8,0D,0A,0D,0,0,0
7550,2026-05-21 11:11:22.653,0,55,0,0,0,1,3,0,0,0,0,E5,8,0D,0A,0D
7551,2026-05-21 11:11:22.666,0,0,0,0,55,0,0,0,1,3,0,0,0,0,E5,8
7552,2026-05-21 11:11:22.870,0D,0A,0D,0,0,0,0,55,0,0,0,1,3,0,0,0
7553,2026-05-21 11:11:23.078,0,E5,8,0D,0A,0D,0,0,0,0,55,0,0,0,1,3
7554,2026-05-21 11:11:23.287,0,0,0,0,E3,8,0D,0A,0D,0,0,0,0,55,0,0
7555,2026-05-21 11:11:23.495,0,1,3,0,0,0,0,E3,8,0D,0A,0D,0,0,0,0
7556,2026-05-21 11:11:23.704,53,0,0,0,1,3,0,0,0,0,E5,8,0D,0A,0D,0
7557,2026-05-21 11:11:23.714,0,0,0,52,0,0,0,1,3,0,0,0,0,E5,8,0D
7558,2026-05-21 11:11:23.922,0A,0D,0,0,0,0,52,0,0,0,1,3,0,0,0,0
7559,2026-05-21 11:11:24.130,E5,8,0D,0A,0D,0,0,0,0,50,0,0,0,1,3,0
7560,2026-05-21 11:11:24.338,0,0,0,E5,8,0D,0A,0D,0,0,0,0,53,0,0,0
7561,2026-05-21 11:11:24.547,1,3,0,0,0,0,E5,8,0D,0A,0D,0,0,0,0,52
7562,2026-05-21 11:11:24.756,0,0,0,1,3,0,0,0,0,E5,8,0D,0A,0D,0,0
7563,2026-05-21 11:11:24.765,0,0,54,0,0,0,1,3,0,0,0,0,E3,8,0D,0A
7564,2026-05-21 11:11:24.973,0D,0,0,0,0,54,0,0,0,1,3,0,0,0,0,E5
7565,2026-05-21 11:11:25.182,8,0D,0A,0D,0,0,0,0,56,0,0,0,1,3,0,0
7566,2026-05-21 11:11:25.390,0,0,E3,8,0D,0A,0D,0,0,0,0,57,0,0,0,1
7567,2026-05-21 11:11:25.599,3,0,0,0,0,E5,8,0D,0A,0D,0,0,0,0,56,0
7568,2026-05-21 11:11:25.807,0,0,1,3,0,0,0,0,E3,8,0D,0A,0D,0,0,0
7569,2026-05-21 11:11:26.015,0,56,0,0,0,1,3,0,0,0,0,E5,8,0D,0A,0D
7570,2026-05-21 11:11:26.027,0,0,0,0,56,0,0,0,1,3,0,0,0,0,E5,8
7571,2026-05-21 11:11:26.233,0D,0A,0D,0,0,0,0,55,0,0,0,1,3,0,0,0
7572,2026-05-21 11:11:26.441,0,E3,8,0D,0A,0D,0,0,0,0,56,0,0,0,1,3
7573,2026-05-21 11:11:26.651,0,0,0,0,E5,8,0D,0A,0D,0,0,0,0,56,0,0
7574,2026-05-21 11:11:26.859,0,1,3,0,0,0,0,E5,8,0D,0A,0D,0,0,0,0
7575,2026-05-21 11:11:27.069,56,0,0,0,1,3,0,0,0,0,E5,8,0D,0A,0D,0
7576,2026-05-21 11:11:27.079,0,0,0,53,0,0,0,1,3,0,0,0,0,E5,8,0D
7577,2026-05-21 11:11:27.285,0A,0D,0,0,0,0,54,0,0,0,1,3,0,0,0,0
7578,2026-05-21 11:11:27.493,E5,8,0D,0A,0D,0,0,0,0,54,0,0,0,1,3,0
7579,2026-05-21 11:11:27.703,0,0,0,E5,8,0D,0A,0D,0,0,0,0,54,0,0,0
7580,2026-05-21 11:11:27.910,1,3,0,0,0,0,E3,8,0D,0A,0D,0,0,0,0,54
7581,2026-05-21 11:11:28.120,0,0,0,1,3,0,0,0,0,E3,8,0D,0A,0D,0,0
7582,2026-05-21 11:11:28.129,0,0,54,0,0,0,1,3,0,0,0,0,E5,8,0D,0A
7583,2026-05-21 11:11:28.336,0D,0,0,0,0,55,0,0,0,1,3,0,0,0,0,E5
7584,2026-05-21 11:11:28.545,8,0D,0A,0D,0,0,0,0,55,0,0,0,1,3,0,0
7585,2026-05-21 11:11:28.755,0,0,E5,8,0D,0A,0D,0,0,0,0,55,0,0,0,1
7586,2026-05-21 11:11:28.962,3,0,0,0,0,E3,8,0D,0A,0D,0,0,0,0,54,0
7587,2026-05-21 11:11:29.170,0,0,1,3,0,0,0,0,E5,8,0D,0A,0D,0,0,0
7588,2026-05-21 11:11:29.379,0,55,0,0,0,1,3,0,0,0,0,E5,8,0D,0A,0D
7589,2026-05-21 11:11:29.389,0,0,0,0,55,0,0,0,1,3,0,0,0,0,E3,8
7590,2026-05-21 11:11:29.596,0D,0A,0D,0,0,0,0,55,0,0,0,1,3,0,0,0
7591,2026-05-21 11:11:29.801,0,E5,8,0D,0A,0D,0,0,0,0,54,0,0,0,1,3
7592,2026-05-21 11:11:30.014,0,0,0,0,E5,8,0D,0A,0D,0,0,0,0,55,0,0
7593,2026-05-21 11:11:30.223,0,1,3,0,0,0,0,E7,8,0D,0A,0D,0,0,0,0
7594,2026-05-21 11:11:30.431,54,0,0,0,1,3,0,0,0,0,E5,8,0D,0A,0D,0
7595,2026-05-21 11:11:30.441,0,0,0,55,0,0,0,1,3,0,0,0,0,E5,8,0D
7596,2026-05-21 11:11:30.648,0A,0D,0,0,0,0,55,0,0,0,1,3,0,0,0,0
7597,2026-05-21 11:11:30.856,E5,8,0D,0A,0D,0,0,0,0,55,0,0,0,1,3,0
7598,2026-05-21 11:11:31.065,0,0,0,E5,8,0D,0A,0D,0,0,0,0,54,0,0,0
7599,2026-05-21 11:11:31.273,1,3,0,0,0,0,E3,8,0D,0A,0D,0,0,0,0,55
7600,2026-05-21 11:11:31.482,0,0,0,1,3,0,0,0,0,E3,8,0D,0A,0D,0,0
7601,2026-05-21 11:11:31.491,0,0,54,0,0,0,1,3,0,0,0,0,E3,8,0D,0A
7602,2026-05-21 11:11:31.699,0D,0,0,0,0,54,0,0,0,1,3,0,0,0,0,E3
7603,2026-05-21 11:11:31.908,8,0D,0A,0D,0,0,0,0,53,0,0,0,1,3,0,0
7604,2026-05-21 11:11:32.116,0,0,E5,8,0D,0A,0D,0,0,0,0,54,0,0,0,1
7605,2026-05-21 11:11:32.324,3,0,0,0,0,E3,8,0D,0A,0D,0,0,0,0,54,0
7606,2026-05-21 11:11:32.533,0,0,1,3,0,0,0,0,E5,8,0D,0A,0D,0,0,0
7607,2026-05-21 11:11:32.742,0,54,0,0,0,1,3,0,0,0,0,E5,8,0D,0A,0D
7608,2026-05-21 11:11:32.751,0,0,0,0,53,0,0,0,1,3,0,0,0,0,E5,8
7609,2026-05-21 11:11:32.959,0D,0A,0D,0,0,0,0,54,0,0,0,1,3,0,0,0
7610,2026-05-21 11:11:33.168,0,E5,8,0D,0A,0D,0,0,0,0,53,0,0,0,1,3
7611,2026-05-21 11:11:33.376,0,0,0,0,E5,8,0D,0A,0D,0,0,0,0,54,0,0
7612,2026-05-21 11:11:33.585,0,1,3,0,0,0,0,E5,8,0D,0A,0D,0,0,0,0
7613,2026-05-21 11:11:33.789,54,0,0,0,1,3,0,0,0,0,E5,8,0D,0A,0D,0
7614,2026-05-21 11:11:33.803,0,0,0,54,0,0,0,1,3,0,0,0,0,E5,8,0D
7615,2026-05-21 11:11:34.009,0A,0D,0,0,0,0,53,0,0,0,1,3,0,0,0,0
7616,2026-05-21 11:11:34.219,E5,8,0D,0A,0D,0,0,0,0,54,0,0,0,1,3,0
7617,2026-05-21 11:11:34.428,0,0,0,E5,8,0D,0A,0D,0,0,0,0,54,0,0,0
7618,2026-05-21 11:11:34.636,1,3,0,0,0,0,E5,8,0D,0A,0D,0,0,0,0,54
7619,2026-05-21 11:11:34.845,0,0,0,1,3,0,0,0,0,E5,8,0D,0A,0D,0,0
7620,2026-05-21 11:11:34.854,0,0,54,0,0,0,1,3,0,0,0,0,E5,8,0D,0A
7621,2026-05-21 11:11:35.062,0D,0,0,0,0,54,0,0,0,1,3,0,0,0,0,E5
7622,2026-05-21 11:11:35.271,8,0D,0A,0D,0,0,0,0,53,0,0,0,1,3,0,0
7623,2026-05-21 11:11:35.479,0,0,E5,8,0D,0A,0D,0,0,0,0,53,0,0,0,1
7624,2026-05-21 11:11:35.688,3,0,0,0,0,E3,8,0D,0A,0D,0,0,0,0,56,0
7625,2026-05-21 11:11:35.896,0,0,1,3,0,0,0,0,E3,8,0D,0A,0D,0,0,0
7626,2026-05-21 11:11:36.106,0,54,0,0,0,1,3,0,0,0,0,E5,8,0D,0A,0D
7627,2026-05-21 11:11:36.120,0,0,0,0,54,0,0,0,1,3,0,0,0,0,E3,8
7628,2026-05-21 11:11:36.321,0D,0A,0D,0,0,0,0,54,0,0,0,1,3,0,0,0
7629,2026-05-21 11:11:36.530,0,E5,8,0D,0A,0D,0,0,0,0,54,0,0,0,1,3
7630,2026-05-21 11:11:36.739,0,0,0,0,E5,8,0D,0A,0D,0,0,0,0,54,0,0
7631,2026-05-21 11:11:36.947,0,1,3,0,0,0,0,E5,8,0D,0A,0D,0,0,0,0
7632,2026-05-21 11:11:37.156,55,0,0,0,1,3,0,0,0,0,E5,8,0D,0A,0D,0
7633,2026-05-21 11:11:37.166,0,0,0,55,0,0,0,1,3,0,0,0,0,E5,8,0D
7634,2026-05-21 11:11:37.374,0A,0D,0,0,0,0,55,0,0,0,1,3,0,0,0,0
7635,2026-05-21 11:11:37.581,E5,8,0D,0A,0D,0,0,0,0,55,0,0,0,1,3,0
7636,2026-05-21 11:11:37.789,0,0,0,E5,8,0D,0A,0D,0,0,0,0,54,0,0,0
7637,2026-05-21 11:11:37.993,1,3,0,0,0,0,E3,8,0D,0A,0D,0,0,0,0,54
7638,2026-05-21 11:11:38.208,0,0,0,1,3,0,0,0,0,E3,8,0D,0A,0D,0,0
7639,2026-05-21 11:11:38.217,0,0,53,0,0,0,1,3,0,0,0,0,E5,8,0D,0A
7640,2026-05-21 11:11:38.425,0D,0,0,0,0,54,0,0,0,1,3,0,0,0,0,E3
7641,2026-05-21 11:11:38.634,8,0D,0A,0D,0,0,0,0,54,0,0,0,1,3,0,0
7642,2026-05-21 11:11:38.842,0,0,E5,8,0D,0A,0D,0,0,0,0,54,0,0,0,1
7643,2026-05-21 11:11:39.051,3,0,0,0,0,E5,8,0D,0A,0D,0,0,0,0,53,0
7644,2026-05-21 11:11:39.259,0,0,1,3,0,0,0,0,E5,8,0D,0A,0D,0,0,0
7645,2026-05-21 11:11:39.468,0,52,0,0,0,1,3,0,0,0,0,E5,8,0D,0A,0D
7646,2026-05-21 11:11:39.478,0,0,0,0,53,0,0,0,1,3,0,0,0,0,E5,8
7647,2026-05-21 11:11:39.685,0D,0A,0D,0,0,0,0,52,0,0,0,1,3,0,0,0
7648,2026-05-21 11:11:39.893,0,E7,8,0D,0A,0D,0,0,0,0,54,0,0,0,1,3
7649,2026-05-21 11:11:40.102,0,0,0,0,E7,8,0D,0A,0D,0,0,0,0,54,0,0
7650,2026-05-21 11:11:40.311,0,1,3,0,0,0,0,E5,8,0D,0A,0D,0,0,0,0
7651,2026-05-21 11:11:40.519,53,0,0,0,1,3,0,0,0,0,E3,8,0D,0A,0D,0
7652,2026-05-21 11:11:40.530,0,0,0,53,0,0,0,1,3,0,0,0,0,E5,8,0D
7653,2026-05-21 11:11:40.736,0A,0D,0,0,0,0,52,0,0,0,1,3,0,0,0,0
7654,2026-05-21 11:11:40.945,E3,8,0D,0A,0D,0,0,0,0,52,0,0,0,1,3,0
7655,2026-05-21 11:11:41.155,0,0,0,E5,8,0D,0A,0D,0,0,0,0,53,0,0,0
7656,2026-05-21 11:11:41.363,1,3,0,0,0,0,E5,8,0D,0A,0D,0,0,0,0,53
7657,2026-05-21 11:11:41.571,0,0,0,1,3,0,0,0,0,E5,8,0D,0A,0D,0,0
7658,2026-05-21 11:11:41.584,0,0,52,0,0,0,1,3,0,0,0,0,E5,8,0D,0A
7659,2026-05-21 11:11:41.780,0D,0,0,0,0,52,0,0,0,1,3,0,0,0,0,E5
7660,2026-05-21 11:11:41.995,8,0D,0A,0D,0,0,0,0,52,0,0,0,1,3,0,0
7661,2026-05-21 11:11:42.206,0,0,E5,8,0D,0A,0D,0,0,0,0,55,0,0,0,1
7662,2026-05-21 11:11:42.414,3,0,0,0,0,E5,8,0D,0A,0D,0,0,0,0,52,0
7663,2026-05-21 11:11:42.623,0,0,1,3,0,0,0,0,E5,8,0D,0A,0D,0,0,0
7664,2026-05-21 11:11:42.831,0,54,0,0,0,1,3,0,0,0,0,E5,8,0D,0A,0D
7665,2026-05-21 11:11:42.844,0,0,0,0,52,0,0,0,1,3,0,0,0,0,E5,8
7666,2026-05-21 11:11:43.049,0D,0A,0D,0,0,0,0,52,0,0,0,1,3,0,0,0
7667,2026-05-21 11:11:43.257,0,E5,8,0D,0A,0D,0,0,0,0,52,0,0,0,1,3
7668,2026-05-21 11:11:43.466,0,0,0,0,E5,8,0D,0A,0D,0,0,0,0,52,0,0
7669,2026-05-21 11:11:43.675,0,1,3,0,0,0,0,E5,8,0D,0A,0D,0,0,0,0
7670,2026-05-21 11:11:43.884,52,0,0,0,1,3,0,0,0,0,E5,8,0D,0A,0D,0
7671,2026-05-21 11:11:43.893,0,0,0,52,0,0,0,1,3,0,0,0,0,E5,8,0D
7672,2026-05-21 11:11:44.100,0A,0D,0,0,0,0,52,0,0,0,1,3,0,0,0,0
7673,2026-05-21 11:11:44.309,E5,8,0D,0A,0D,0,0,0,0,52,0,0,0,1,3,0
7674,2026-05-21 11:11:44.517,0,0,0,E3,8,0D,0A,0D,0,0,0,0,52,0,0,0
7675,2026-05-21 11:11:44.727,1,3,0,0,0,0,E5,8,0D,0A,0D,0,0,0,0,52
7676,2026-05-21 11:11:44.935,0,0,0,1,3,0,0,0,0,E3,8,0D,0A,0D,0,0
7677,2026-05-21 11:11:44.944,0,0,53,0,0,0,1,3,0,0,0,0,E5,8,0D,0A
7678,2026-05-21 11:11:45.151,0D,0,0,0,0,53,0,0,0,1,3,0,0,0,0,E5
7679,2026-05-21 11:11:45.361,8,0D,0A,0D,0,0,0,0,53,0,0,0,1,3,0,0
7680,2026-05-21 11:11:45.570,0,0,E5,8,0D,0A,0D,0,0,0,0,52,0,0,0,1
7681,2026-05-21 11:11:45.772,3,0,0,0,0,E3,8,0D,0A,0D,0,0,0,0,52,0
7682,2026-05-21 11:11:45.986,0,0,1,3,0,0,0,0,E5,8,0D,0A,0D,0,0,0
7683,2026-05-21 11:11:46.195,0,53,0,0,0,1,3,0,0,0,0,E5,8,0D,0A,0D
7684,2026-05-21 11:11:46.206,0,0,0,0,52,0,0,0,1,3,0,0,0,0,E5,8
7685,2026-05-21 11:11:46.413,0D,0A,0D,0,0,0,0,53,0,0,0,1,3,0,0,0
7686,2026-05-21 11:11:46.620,0,E5,8,0D,0A,0D,0,0,0,0,52,0,0,0,1,3
7687,2026-05-21 11:11:46.829,0,0,0,0,E3,8,0D,0A,0D,0,0,0,0,52,0,0
7688,2026-05-21 11:11:47.038,0,1,3,0,0,0,0,E5,8,0D,0A,0D,0,0,0,0
7689,2026-05-21 11:11:47.247,51,0,0,0,1,3,0,0,0,0,E5,8,0D,0A,0D,0
7690,2026-05-21 11:11:47.257,0,0,0,52,0,0,0,1,3,0,0,0,0,E5,8,0D
7691,2026-05-21 11:11:47.463,0A,0D,0,0,0,0,51,0,0,0,1,3,0,0,0,0
7692,2026-05-21 11:11:47.672,E5,8,0D,0A,0D,0,0,0,0,52,0,0,0,1,3,0
7693,2026-05-21 11:11:47.881,0,0,0,E5,8,0D,0A,0D,0,0,0,0,52,0,0,0
7694,2026-05-21 11:11:48.090,1,3,0,0,0,0,E5,8,0D,0A,0D,0,0,0,0,51
7695,2026-05-21 11:11:48.299,0,0,0,1,3,0,0,0,0,E5,8,0D,0A,0D,0,0
7696,2026-05-21 11:11:48.308,0,0,52,0,0,0,1,3,0,0,0,0,E5,8,0D,0A
7697,2026-05-21 11:11:48.515,0D,0,0,0,0,52,0,0,0,1,3,0,0,0,0,E5
7698,2026-05-21 11:11:48.724,8,0D,0A,0D,0,0,0,0,55,0,0,0,1,3,0,0
7699,2026-05-21 11:11:48.932,0,0,E5,8,0D,0A,0D,0,0,0,0,53,0,0,0,1
7700,2026-05-21 11:11:49.141,3,0,0,0,0,E3,8,0D,0A,0D,0,0,0,0,53,0
7701,2026-05-21 11:11:49.350,0,0,1,3,0,0,0,0,E3,8,0D,0A,0D,0,0,0
7702,2026-05-21 11:11:49.559,0,52,0,0,0,1,3,0,0,0,0,E5,8,0D,0A,0D
7703,2026-05-21 11:11:49.568,0,0,0,0,52,0,0,0,1,3,0,0,0,0,E3,8
7704,2026-05-21 11:11:49.762,0D,0A,0D,0,0,0,0,52,0,0,0,1,3,0,0,0
7705,2026-05-21 11:11:49.980,0,E5,8,0D,0A,0D,0,0,0,0,53,0,0,0,1,3
7706,2026-05-21 11:11:50.193,0,0,0,0,E5,8,0D,0A,0D,0,0,0,0,54,0,0
7707,2026-05-21 11:11:50.401,0,1,3,0,0,0,0,E7,8,0D,0A,0D,0,0,0,0
7708,2026-05-21 11:11:50.611,54,0,0,0,1,3,0,0,0,0,E5,8,0D,0A,0D,0
7709,2026-05-21 11:11:50.620,0,0,0,52,0,0,0,1,3,0,0,0,0,E5,8,0D
7710,2026-05-21 11:11:50.827,0A,0D,0,0,0,0,53,0,0,0,1,3,0,0,0,0
7711,2026-05-21 11:11:51.036,E5,8,0D,0A,0D,0,0,0,0,52,0,0,0,1,3,0
7712,2026-05-21 11:11:51.245,0,0,0,E5,8,0D,0A,0D,0,0,0,0,52,0,0,0
7713,2026-05-21 11:11:51.454,1,3,0,0,0,0,E3,8,0D,0A,0D,0,0,0,0,52
7714,2026-05-21 11:11:51.662,0,0,0,1,3,0,0,0,0,E5,8,0D,0A,0D,0,0
7715,2026-05-21 11:11:51.672,0,0,54,0,0,0,1,3,0,0,0,0,E5,8,0D,0A
7716,2026-05-21 11:11:51.879,0D,0,0,0,0,52,0,0,0,1,3,0,0,0,0,E5
7717,2026-05-21 11:11:52.088,8,0D,0A,0D,0,0,0,0,54,0,0,0,1,3,0,0
7718,2026-05-21 11:11:52.296,0,0,E3,8,0D,0A,0D,0,0,0,0,53,0,0,0,1
7719,2026-05-21 11:11:52.505,3,0,0,0,0,E5,8,0D,0A,0D,0,0,0,0,54,0
7720,2026-05-21 11:11:52.713,0,0,1,3,0,0,0,0,E5,8,0D,0A,0D,0,0,0
7721,2026-05-21 11:11:52.922,0,53,0,0,0,1,3,0,0,0,0,E5,8,0D,0A,0D
7722,2026-05-21 11:11:52.931,0,0,0,0,54,0,0,0,1,3,0,0,0,0,E5,8
7723,2026-05-21 11:11:53.140,0D,0A,0D,0,0,0,0,53,0,0,0,1,3,0,0,0
7724,2026-05-21 11:11:53.348,0,E5,8,0D,0A,0D,0,0,0,0,53,0,0,0,1,3
7725,2026-05-21 11:11:53.557,0,0,0,0,E5,8,0D,0A,0D,0,0,0,0,53,0,0
7726,2026-05-21 11:11:53.754,0,1,3,0,0,0,0,E3,8,0D,0A,0D,0,0,0,0
7727,2026-05-21 11:11:53.968,53,0,0,0,1,3,0,0,0,0,E5,8,0D,0A,0D,0
7728,2026-05-21 11:11:53.985,0,0,0,54,0,0,0,1,3,0,0,0,0,E5,8,0D
7729,2026-05-21 11:11:54.191,0A,0D,0,0,0,0,54,0,0,0,1,3,0,0,0,0
7730,2026-05-21 11:11:54.399,E5,8,0D,0A,0D,0,0,0,0,55,0,0,0,1,3,0
7731,2026-05-21 11:11:54.609,0,0,0,E5,8,0D,0A,0D,0,0,0,0,54,0,0,0
7732,2026-05-21 11:11:54.817,1,3,0,0,0,0,E5,8,0D,0A,0D,0,0,0,0,54
7733,2026-05-21 11:11:55.026,0,0,0,1,3,0,0,0,0,E5,8,0D,0A,0D,0,0
7734,2026-05-21 11:11:55.035,0,0,54,0,0,0,1,3,0,0,0,0,E5,8,0D,0A
7735,2026-05-21 11:11:55.243,0D,0,0,0,0,54,0,0,0,1,3,0,0,0,0,E5
7736,2026-05-21 11:11:55.452,8,0D,0A,0D,0,0,0,0,54,0,0,0,1,3,0,0
7737,2026-05-21 11:11:55.660,0,0,E3,8,0D,0A,0D,0,0,0,0,54,0,0,0,1
7738,2026-05-21 11:11:55.869,3,0,0,0,0,E5,8,0D,0A,0D,0,0,0,0,54,0
7739,2026-05-21 11:11:56.080,0,0,1,3,0,0,0,0,E5,8,0D,0A,0D,0,0,0
7740,2026-05-21 11:11:56.286,0,54,0,0,0,1,3,0,0,0,0,E5,8,0D,0A,0D
7741,2026-05-21 11:11:56.296,0,0,0,0,54,0,0,0,1,3,0,0,0,0,E5,8
7742,2026-05-21 11:11:56.504,0D,0A,0D,0,0,0,0,54,0,0,0,1,3,0,0,0
7743,2026-05-21 11:11:56.711,0,E5,8,0D,0A,0D,0,0,0,0,55,0,0,0,1,3
7744,2026-05-21 11:11:56.920,0,0,0,0,E5,8,0D,0A,0D,0,0,0,0,55,0,0
7745,2026-05-21 11:11:57.129,0,1,3,0,0,0,0,E3,8,0D,0A,0D,0,0,0,0
7746,2026-05-21 11:11:57.338,54,0,0,0,1,3,0,0,0,0,E5,8,0D,0A,0D,0
7747,2026-05-21 11:11:57.347,0,0,0,54,0,0,0,1,3,0,0,0,0,E5,8,0D
7748,2026-05-21 11:11:57.555,0A,0D,0,0,0,0,54,0,0,0,1,3,0,0,0,0
7749,2026-05-21 11:11:57.763,E5,8,0D,0A,0D,0,0,0,0,54,0,0,0,1,3,0
7750,2026-05-21 11:11:57.971,0,0,0,E5,8,0D,0A,0D,0,0,0,0,53,0,0,0
7751,2026-05-21 11:11:58.180,1,3,0,0,0,0,E3,8,0D,0A,0D,0,0,0,0,54
7752,2026-05-21 11:11:58.389,0,0,0,1,3,0,0,0,0,E5,8,0D,0A,0D,0,0
7753,2026-05-21 11:11:58.398,0,0,53,0,0,0,1,3,0,0,0,0,E5,8,0D,0A
7754,2026-05-21 11:11:58.606,0D,0,0,0,0,54,0,0,0,1,3,0,0,0,0,E5
7755,2026-05-21 11:11:58.815,8,0D,0A,0D,0,0,0,0,53,0,0,0,1,3,0,0
7756,2026-05-21 11:11:59.023,0,0,E5,8,0D,0A,0D,0,0,0,0,54,0,0,0,1
7757,2026-05-21 11:11:59.232,3,0,0,0,0,E3,8,0D,0A,0D,0,0,0,0,54,0
7758,2026-05-21 11:11:59.441,0,0,1,3,0,0,0,0,E5,8,0D,0A,0D,0,0,0
7759,2026-05-21 11:11:59.649,0,54,0,0,0,1,3,0,0,0,0,E3,8,0D,0A,0D
7760,2026-05-21 11:11:59.660,0,0,0,0,53,0,0,0,1,3,0,0,0,0,E5,8
7761,2026-05-21 11:11:59.866,0D,0A,0D,0,0,0,0,54,0,0,0,1,3,0,0,0
7762,2026-05-21 11:12:00.075,0,E3,8,0D,0A,0D,0,0,0,0,54,0,0,0,1,3
7763,2026-05-21 11:12:00.284,0,0,0,0,E5,8,0D,0A,0D,0,0,0,0,55,0,0
7764,2026-05-21 11:12:00.492,0,1,3,0,0,0,0,E3,8,0D,0A,0D,0,0,0,0
7765,2026-05-21 11:12:00.701,56,0,0,0,1,3,0,0,0,0,E5,8,0D,0A,0D,0
7766,2026-05-21 11:12:00.711,0,0,0,56,0,0,0,1,3,0,0,0,0,E5,8,0D
7767,2026-05-21 11:12:00.917,0A,0D,0,0,0,0,56,0,0,0,1,3,0,0,0,0
7768,2026-05-21 11:12:01.126,E3,8,0D,0A,0D,0,0,0,0,55,0,0,0,1,3,0
7769,2026-05-21 11:12:01.335,0,0,0,E5,8,0D,0A,0D,0,0,0,0,55,0,0,0
7770,2026-05-21 11:12:01.544,1,3,0,0,0,0,E3,8,0D,0A,0D,0,0,0,0,56
7771,2026-05-21 11:12:01.749,0,0,0,1,3,0,0,0,0,E3,8,0D,0A,0D,0,0
7772,2026-05-21 11:12:01.757,0,0,56,0,0,0,1,3,0,0,0,0,E5,8,0D,0A
7773,2026-05-21 11:12:01.961,0D,0,0,0,0,56,0,0,0,1,3,0,0,0,0,E5
7774,2026-05-21 11:12:02.178,8,0D,0A,0D,0,0,0,0,56,0,0,0,1,3,0,0
7775,2026-05-21 11:12:02.387,0,0,E3,8,0D,0A,0D,0,0,0,0,56,0,0,0,1
7776,2026-05-21 11:12:02.596,3,0,0,0,0,E5,8,0D,0A,0D,0,0,0,0,56,0
7777,2026-05-21 11:12:02.805,0,0,1,3,0,0,0,0,E3,8,0D,0A,0D,0,0,0
7778,2026-05-21 11:12:03.016,0,56,0,0,0,1,3,0,0,0,0,E5,8,0D,0A,0D
7779,2026-05-21 11:12:03.027,0,0,0,0,56,0,0,0,1,3,0,0,0,0,E5,8
7780,2026-05-21 11:12:03.230,0D,0A,0D,0,0,0,0,56,0,0,0,1,3,0,0,0
7781,2026-05-21 11:12:03.440,0,E5,8,0D,0A,0D,0,0,0,0,56,0,0,0,1,3
7782,2026-05-21 11:12:03.647,0,0,0,0,E3,8,0D,0A,0D,0,0,0,0,54,0,0
7783,2026-05-21 11:12:03.856,0,1,3,0,0,0,0,E5,8,0D,0A,0D,0,0,0,0
7784,2026-05-21 11:12:04.065,55,0,0,0,1,3,0,0,0,0,E5,8,0D,0A,0D,0
7785,2026-05-21 11:12:04.076,0,0,0,54,0,0,0,1,3,0,0,0,0,E5,8,0D
7786,2026-05-21 11:12:04.281,0A,0D,0,0,0,0,55,0,0,0,1,3,0,0,0,0
7787,2026-05-21 11:12:04.490,E5,8,0D,0A,0D,0,0,0,0,55,0,0,0,1,3,0
7788,2026-05-21 11:12:04.699,0,0,0,E3,8,0D,0A,0D,0,0,0,0,55,0,0,0
7789,2026-05-21 11:12:04.907,1,3,0,0,0,0,E5,8,0D,0A,0D,0,0,0,0,55
7790,2026-05-21 11:12:05.122,0,0,0,1,3,0,0,0,0,E5,8,0D,0A,0D,0,0
7791,2026-05-21 11:12:05.132,0,0,55,0,0,0,1,3,0,0,0,0,E3,8,0D,0A
7792,2026-05-21 11:12:05.333,0D,0,0,0,0,55,0,0,0,1,3,0,0,0,0,E3
7793,2026-05-21 11:12:05.541,8,0D,0A,0D,0,0,0,0,55,0,0,0,1,3,0,0
7794,2026-05-21 11:12:05.738,0,0,E1,8,0D,0A,0D,0,0,0,0,55,0,0,0,1
7795,2026-05-21 11:12:05.953,3,0,0,0,0,E5,8,0D,0A,0D,0,0,0,0,55,0
7796,2026-05-21 11:12:06.167,0,0,1,3,0,0,0,0,E5,8,0D,0A,0D,0,0,0
7797,2026-05-21 11:12:06.376,0,55,0,0,0,1,3,0,0,0,0,E5,8,0D,0A,0D
7798,2026-05-21 11:12:06.386,0,0,0,0,56,0,0,0,1,3,0,0,0,0,E5,8
7799,2026-05-21 11:12:06.592,0D,0A,0D,0,0,0,0,55,0,0,0,1,3,0,0,0
7800,2026-05-21 11:12:06.802,0,E5,8,0D,0A,0D,0,0,0,0,56,0,0,0,1,3
7801,2026-05-21 11:12:07.009,0,0,0,0,E5,8,0D,0A,0D,0,0,0,0,56,0,0
7802,2026-05-21 11:12:07.219,0,1,3,0,0,0,0,E5,8,0D,0A,0D,0,0,0,0
7803,2026-05-21 11:12:07.427,55,0,0,0,1,3,0,0,0,0,E5,8,0D,0A,0D,0
7804,2026-05-21 11:12:07.440,0,0,0,54,0,0,0,1,3,0,0,0,0,E5,8,0D
7805,2026-05-21 11:12:07.644,0A,0D,0,0,0,0,54,0,0,0,1,3,0,0,0,0
7806,2026-05-21 11:12:07.853,E5,8,0D,0A,0D,0,0,0,0,55,0,0,0,1,3,0
7807,2026-05-21 11:12:08.061,0,0,0,E5,8,0D,0A,0D,0,0,0,0,54,0,0,0
7808,2026-05-21 11:12:08.270,1,3,0,0,0,0,E5,8,0D,0A,0D,0,0,0,0,55
7809,2026-05-21 11:12:08.479,0,0,0,1,3,0,0,0,0,E5,8,0D,0A,0D,0,0
7810,2026-05-21 11:12:08.490,0,0,54,0,0,0,1,3,0,0,0,0,E5,8,0D,0A
7811,2026-05-21 11:12:08.696,0D,0,0,0,0,54,0,0,0,1,3,0,0,0,0,E5
7812,2026-05-21 11:12:08.904,8,0D,0A,0D,0,0,0,0,53,0,0,0,1,3,0,0
7813,2026-05-21 11:12:09.113,0,0,E5,8,0D,0A,0D,0,0,0,0,53,0,0,0,1
7814,2026-05-21 11:12:09.322,3,0,0,0,0,E7,8,0D,0A,0D,0,0,0,0,53,0
7815,2026-05-21 11:12:09.529,0,0,1,3,0,0,0,0,E5,8,0D,0A,0D,0,0,0
7816,2026-05-21 11:12:09.737,0,54,0,0,0,1,3,0,0,0,0,E5,8,0D,0A,0D
7817,2026-05-21 11:12:09.746,0,0,0,0,53,0,0,0,1,3,0,0,0,0,E3,8
7818,2026-05-21 11:12:09.950,0D,0A,0D,0,0,0,0,53,0,0,0,1,3,0,0,0
7819,2026-05-21 11:12:10.164,0,E3,8,0D,0A,0D,0,0,0,0,53,0,0,0,1,3
7820,2026-05-21 11:12:10.373,0,0,0,0,E7,8,0D,0A,0D,0,0,0,0,52,0,0
7821,2026-05-21 11:12:10.581,0,1,3,0,0,0,0,E3,8,0D,0A,0D,0,0,0,0
7822,2026-05-21 11:12:10.790,52,0,0,0,1,3,0,0,0,0,E5,8,0D,0A,0D,0
7823,2026-05-21 11:12:10.799,0,0,0,52,0,0,0,1,3,0,0,0,0,E3,8,0D
7824,2026-05-21 11:12:11.007,0A,0D,0,0,0,0,52,0,0,0,1,3,0,0,0,0
7825,2026-05-21 11:12:11.215,E3,8,0D,0A,0D,0,0,0,0,52,0,0,0,1,3,0
7826,2026-05-21 11:12:11.424,0,0,0,E5,8,0D,0A,0D,0,0,0,0,52,0,0,0
7827,2026-05-21 11:12:11.633,1,3,0,0,0,0,E3,8,0D,0A,0D,0,0,0,0,52
7828,2026-05-21 11:12:11.841,0,0,0,1,3,0,0,0,0,E5,8,0D,0A,0D,0,0
7829,2026-05-21 11:12:11.852,0,0,50,0,0,0,1,3,0,0,0,0,E3,8,0D,0A
7830,2026-05-21 11:12:12.058,0D,0,0,0,0,51,0,0,0,1,3,0,0,0,0,E3
7831,2026-05-21 11:12:12.267,8,0D,0A,0D,0,0,0,0,51,0,0,0,1,3,0,0
7832,2026-05-21 11:12:12.475,0,0,E5,8,0D,0A,0D,0,0,0,0,51,0,0,0,1
7833,2026-05-21 11:12:12.684,3,0,0,0,0,E3,8,0D,0A,0D,0,0,0,0,50,0
7834,2026-05-21 11:12:12.893,0,0,1,3,0,0,0,0,E5,8,0D,0A,0D,0,0,0
7835,2026-05-21 11:12:13.102,0,51,0,0,0,1,3,0,0,0,0,E3,8,0D,0A,0D
7836,2026-05-21 11:12:13.113,0,0,0,0,51,0,0,0,1,3,0,0,0,0,E5,8
7837,2026-05-21 11:12:13.319,0D,0A,0D,0,0,0,0,52,0,0,0,1,3,0,0,0
7838,2026-05-21 11:12:13.527,0,E7,8,0D,0A,0D,0,0,0,0,52,0,0,0,1,3
7839,2026-05-21 11:12:13.735,0,0,0,0,E3,8,0D,0A,0D,0,0,0,0,52,0,0
7840,2026-05-21 11:12:13.945,0,1,3,0,0,0,0,E5,8,0D,0A,0D,0,0,0,0
7841,2026-05-21 11:12:14.153,54,0,0,0,1,3,0,0,0,0,E5,8,0D,0A,0D,0
7842,2026-05-21 11:12:14.165,0,0,0,53,0,0,0,1,3,0,0,0,0,E5,8,0D
7843,2026-05-21 11:12:14.371,0A,0D,0,0,0,0,54,0,0,0,1,3,0,0,0,0
7844,2026-05-21 11:12:14.579,E5,8,0D,0A,0D,0,0,0,0,55,0,0,0,1,3,0
7845,2026-05-21 11:12:14.788,0,0,0,E5,8,0D,0A,0D,0,0,0,0,56,0,0,0
7846,2026-05-21 11:12:14.997,1,3,0,0,0,0,E5,8,0D,0A,0D,0,0,0,0,54
7847,2026-05-21 11:12:15.205,0,0,0,1,3,0,0,0,0,E5,8,0D,0A,0D,0,0
7848,2026-05-21 11:12:15.214,0,0,55,0,0,0,1,3,0,0,0,0,E5,8,0D,0A
7849,2026-05-21 11:12:15.422,0D,0,0,0,0,54,0,0,0,1,3,0,0,0,0,E5
7850,2026-05-21 11:12:15.631,8,0D,0A,0D,0,0,0,0,55,0,0,0,1,3,0,0
7851,2026-05-21 11:12:15.841,0,0,E5,8,0D,0A,0D,0,0,0,0,55,0,0,0,1
7852,2026-05-21 11:12:16.049,3,0,0,0,0,E5,8,0D,0A,0D,0,0,0,0,55,0
7853,2026-05-21 11:12:16.257,0,0,1,3,0,0,0,0,E5,8,0D,0A,0D,0,0,0
7854,2026-05-21 11:12:16.466,0,55,0,0,0,1,3,0,0,0,0,E5,8,0D,0A,0D
7855,2026-05-21 11:12:16.477,0,0,0,0,54,0,0,0,1,3,0,0,0,0,E5,8
7856,2026-05-21 11:12:16.683,0D,0A,0D,0,0,0,0,55,0,0,0,1,3,0,0,0
7857,2026-05-21 11:12:16.893,0,E5,8,0D,0A,0D,0,0,0,0,55,0,0,0,1,3
7858,2026-05-21 11:12:17.101,0,0,0,0,E5,8,0D,0A,0D,0,0,0,0,55,0,0
7859,2026-05-21 11:12:17.310,0,1,3,0,0,0,0,E5,8,0D,0A,0D,0,0,0,0
7860,2026-05-21 11:12:17.518,55,0,0,0,1,3,0,0,0,0,E3,8,0D,0A,0D,0
7861,2026-05-21 11:12:17.530,0,0,0,54,0,0,0,1,3,0,0,0,0,E5,8,0D
7862,2026-05-21 11:12:17.724,0A,0D,0,0,0,0,54,0,0,0,1,3,0,0,0,0
7863,2026-05-21 11:12:17.934,E5,8,0D,0A,0D,0,0,0,0,54,0,0,0,1,3,0
7864,2026-05-21 11:12:18.152,0,0,0,E5,8,0D,0A,0D,0,0,0,0,54,0,0,0
7865,2026-05-21 11:12:18.362,1,3,0,0,0,0,E5,8,0D,0A,0D,0,0,0,0,54
7866,2026-05-21 11:12:18.570,0,0,0,1,3,0,0,0,0,E3,8,0D,0A,0D,0,0
7867,2026-05-21 11:12:18.581,0,0,55,0,0,0,1,3,0,0,0,0,E3,8,0D,0A
7868,2026-05-21 11:12:18.787,0D,0,0,0,0,54,0,0,0,1,3,0,0,0,0,E5
7869,2026-05-21 11:12:18.996,8,0D,0A,0D,0,0,0,0,54,0,0,0,1,3,0,0
7870,2026-05-21 11:12:19.204,0,0,E5,8,0D,0A,0D,0,0,0,0,54,0,0,0,1
7871,2026-05-21 11:12:19.413,3,0,0,0,0,E5,8,0D,0A,0D,0,0,0,0,55,0
7872,2026-05-21 11:12:19.622,0,0,1,3,0,0,0,0,E5,8,0D,0A,0D,0,0,0
7873,2026-05-21 11:12:19.831,0,55,0,0,0,1,3,0,0,0,0,E3,8,0D,0A,0D
7874,2026-05-21 11:12:19.842,0,0,0,0,55,0,0,0,1,3,0,0,0,0,E7,8
7875,2026-05-21 11:12:20.048,0D,0A,0D,0,0,0,0,55,0,0,0,1,3,0,0,0
7876,2026-05-21 11:12:20.256,0,E5,8,0D,0A,0D,0,0,0,0,55,0,0,0,1,3
7877,2026-05-21 11:12:20.466,0,0,0,0,E5,8,0D,0A,0D,0,0,0,0,56,0,0
7878,2026-05-21 11:12:20.674,0,1,3,0,0,0,0,E5,8,0D,0A,0D,0,0,0,0
7879,2026-05-21 11:12:20.882,56,0,0,0,1,3,0,0,0,0,E5,8,0D,0A,0D,0
7880,2026-05-21 11:12:20.893,0,0,0,56,0,0,0,1,3,0,0,0,0,E5,8,0D
7881,2026-05-21 11:12:21.100,0A,0D,0,0,0,0,56,0,0,0,1,3,0,0,0,0
7882,2026-05-21 11:12:21.309,E5,8,0D,0A,0D,0,0,0,0,56,0,0,0,1,3,0
7883,2026-05-21 11:12:21.517,0,0,0,E7,8,0D,0A,0D,0,0,0,0,56,0,0,0
7884,2026-05-21 11:12:21.725,1,3,0,0,0,0,E5,8,0D,0A,0D,0,0,0,0,55
7885,2026-05-21 11:12:21.931,0,0,0,1,3,0,0,0,0,E5,8,0D,0A,0D,0,0
7886,2026-05-21 11:12:21.948,0,0,56,0,0,0,1,3,0,0,0,0,E5,8,0D,0A
7887,2026-05-21 11:12:22.152,0D,0,0,0,0,55,0,0,0,1,3,0,0,0,0,E3
7888,2026-05-21 11:12:22.360,8,0D,0A,0D,0,0,0,0,55,0,0,0,1,3,0,0
7889,2026-05-21 11:12:22.570,0,0,E5,8,0D,0A,0D,0,0,0,0,55,0,0,0,1
7890,2026-05-21 11:12:22.778,3,0,0,0,0,E5,8,0D,0A,0D,0,0,0,0,55,0
7891,2026-05-21 11:12:22.987,0,0,1,3,0,0,0,0,E5,8,0D,0A,0D,0,0,0
7892,2026-05-21 11:12:23.195,0,56,0,0,0,1,3,0,0,0,0,E5,8,0D,0A,0D
7893,2026-05-21 11:12:23.205,0,0,0,0,55,0,0,0,1,3,0,0,0,0,E5,8
7894,2026-05-21 11:12:23.413,0D,0A,0D,0,0,0,0,55,0,0,0,1,3,0,0,0
7895,2026-05-21 11:12:23.629,0,E5,8,0D,0A,0D,0,0,0,0,54,0,0,0,1,3
7896,2026-05-21 11:12:23.830,0,0,0,0,E5,8,0D,0A,0D,0,0,0,0,55,0,0
7897,2026-05-21 11:12:24.039,0,1,3,0,0,0,0,E5,8,0D,0A,0D,0,0,0,0
7898,2026-05-21 11:12:24.247,54,0,0,0,1,3,0,0,0,0,E5,8,0D,0A,0D,0
7899,2026-05-21 11:12:24.257,0,0,0,55,0,0,0,1,3,0,0,0,0,E3,8,0D
7900,2026-05-21 11:12:24.465,0A,0D,0,0,0,0,55,0,0,0,1,3,0,0,0,0
7901,2026-05-21 11:12:24.673,E5,8,0D,0A,0D,0,0,0,0,55,0,0,0,1,3,0
7902,2026-05-21 11:12:24.883,0,0,0,E5,8,0D,0A,0D,0,0,0,0,55,0,0,0
7903,2026-05-21 11:12:25.091,1,3,0,0,0,0,E3,8,0D,0A,0D,0,0,0,0,55
7904,2026-05-21 11:12:25.295,0,0,0,1,3,0,0,0,0,E5,8,0D,0A,0D,0,0
7905,2026-05-21 11:12:25.295,0,0,55,0,0,0,1,3,0,0,0,0,E5,8,0D,0A
7906,2026-05-21 11:12:25.517,0D,0,0,0,0,55,0,0,0,1,3,0,0,0,0,E5
7907,2026-05-21 11:12:25.726,8,0D,0A,0D,0,0,0,0,55,0,0,0,1,3,0,0
7908,2026-05-21 11:12:25.935,0,0,E7,8,0D,0A,0D,0,0,0,0,56,0,0,0,1
7909,2026-05-21 11:12:26.135,3,0,0,0,0,E3,8,0D,0A,0D,0,0,0,0,56,0
7910,2026-05-21 11:12:26.347,0,0,1,3,0,0,0,0,E5,8,0D,0A,0D,0,0,0
7911,2026-05-21 11:12:26.560,0,56,0,0,0,1,3,0,0,0,0,E5,8,0D,0A,0D
7912,2026-05-21 11:12:26.570,0,0,0,0,57,0,0,0,1,3,0,0,0,0,E5,8
7913,2026-05-21 11:12:26.777,0D,0A,0D,0,0,0,0,56,0,0,0,1,3,0,0,0
7914,2026-05-21 11:12:26.986,0,E5,8,0D,0A,0D,0,0,0,0,56,0,0,0,1,3
7915,2026-05-21 11:12:27.195,0,0,0,0,E5,8,0D,0A,0D,0,0,0,0,56,0,0
7916,2026-05-21 11:12:27.403,0,1,3,0,0,0,0,E5,8,0D,0A,0D,0,0,0,0
7917,2026-05-21 11:12:27.612,56,0,0,0,1,3,0,0,0,0,E3,8,0D,0A,0D,0
7918,2026-05-21 11:12:27.622,0,0,0,56,0,0,0,1,3,0,0,0,0,E5,8,0D
7919,2026-05-21 11:12:27.830,0A,0D,0,0,0,0,56,0,0,0,1,3,0,0,0,0
7920,2026-05-21 11:12:28.038,E5,8,0D,0A,0D,0,0,0,0,56,0,0,0,1,3,0
7921,2026-05-21 11:12:28.247,0,0,0,E5,8,0D,0A,0D,0,0,0,0,56,0,0,0
7922,2026-05-21 11:12:28.455,1,3,0,0,0,0,E5,8,0D,0A,0D,0,0,0,0,56
7923,2026-05-21 11:12:28.664,0,0,0,1,3,0,0,0,0,E5,8,0D,0A,0D,0,0
7924,2026-05-21 11:12:28.675,0,0,56,0,0,0,1,3,0,0,0,0,E5,8,0D,0A
7925,2026-05-21 11:12:28.880,0D,0,0,0,0,55,0,0,0,1,3,0,0,0,0,E5
7926,2026-05-21 11:12:29.090,8,0D,0A,0D,0,0,0,0,55,0,0,0,1,3,0,0
7927,2026-05-21 11:12:29.299,0,0,E3,8,0D,0A,0D,0,0,0,0,55,0,0,0,1
7928,2026-05-21 11:12:29.507,3,0,0,0,0,E5,8,0D,0A,0D,0,0,0,0,55,0
7929,2026-05-21 11:12:29.703,0,0,1,3,0,0,0,0,E3,8,0D,0A,0D,0,0,0
7930,2026-05-21 11:12:29.924,0,55,0,0,0,1,3,0,0,0,0,E5,8,0D,0A,0D
7931,2026-05-21 11:12:29.940,0,0,0,0,55,0,0,0,1,3,0,0,0,0,E5,8
7932,2026-05-21 11:12:30.141,0D,0A,0D,0,0,0,0,55,0,0,0,1,3,0,0,0
7933,2026-05-21 11:12:30.350,0,E5,8,0D,0A,0D,0,0,0,0,55,0,0,0,1,3
7934,2026-05-21 11:12:30.559,0,0,0,0,E5,8,0D,0A,0D,0,0,0,0,55,0,0
7935,2026-05-21 11:12:30.768,0,1,3,0,0,0,0,E5,8,0D,0A,0D,0,0,0,0
7936,2026-05-21 11:12:30.977,55,0,0,0,1,3,0,0,0,0,E5,8,0D,0A,0D,0
7937,2026-05-21 11:12:30.986,0,0,0,55,0,0,0,1,3,0,0,0,0,E5,8,0D
7938,2026-05-21 11:12:31.194,0A,0D,0,0,0,0,56,0,0,0,1,3,0,0,0,0
7939,2026-05-21 11:12:31.404,E3,8,0D,0A,0D,0,0,0,0,55,0,0,0,1,3,0
7940,2026-05-21 11:12:31.613,0,0,0,E3,8,0D,0A,0D,0,0,0,0,55,0,0,0
7941,2026-05-21 11:12:31.820,1,3,0,0,0,0,E5,8,0D,0A,0D,0,0,0,0,52
7942,2026-05-21 11:12:32.028,0,0,0,1,3,0,0,0,0,E5,8,0D,0A,0D,0,0
7943,2026-05-21 11:12:32.038,0,0,54,0,0,0,1,3,0,0,0,0,E5,8,0D,0A
7944,2026-05-21 11:12:32.246,0D,0,0,0,0,52,0,0,0,1,3,0,0,0,0,E5
7945,2026-05-21 11:12:32.454,8,0D,0A,0D,0,0,0,0,52,0,0,0,1,3,0,0
7946,2026-05-21 11:12:32.663,0,0,E3,8,0D,0A,0D,0,0,0,0,53,0,0,0,1
7947,2026-05-21 11:12:32.871,3,0,0,0,0,E5,8,0D,0A,0D,0,0,0,0,52,0
7948,2026-05-21 11:12:33.081,0,0,1,3,0,0,0,0,E3,8,0D,0A,0D,0,0,0
7949,2026-05-21 11:12:33.276,0,52,0,0,0,1,3,0,0,0,0,E5,8,0D,0A,0D
7950,2026-05-21 11:12:33.295,0,0,0,0,52,0,0,0,1,3,0,0,0,0,E5,8
7951,2026-05-21 11:12:33.507,0D,0A,0D,0,0,0,0,53,0,0,0,1,3,0,0,0
7952,2026-05-21 11:12:33.715,0,E5,8,0D,0A,0D,0,0,0,0,52,0,0,0,1,3
7953,2026-05-21 11:12:33.924,0,0,0,0,E5,8,0D,0A,0D,0,0,0,0,52,0,0
7954,2026-05-21 11:12:34.133,0,1,3,0,0,0,0,E5,8,0D,0A,0D,0,0,0,0
7955,2026-05-21 11:12:34.330,52,0,0,0,1,3,0,0,0,0,E5,8,0D,0A,0D,0
7956,2026-05-21 11:12:34.345,0,0,0,53,0,0,0,1,3,0,0,0,0,E3,8,0D
7957,2026-05-21 11:12:34.559,0A,0D,0,0,0,0,52,0,0,0,1,3,0,0,0,0
7958,2026-05-21 11:12:34.767,E3,8,0D,0A,0D,0,0,0,0,50,0,0,0,1,3,0
7959,2026-05-21 11:12:34.976,0,0,0,E5,8,0D,0A,0D,0,0,0,0,51,0,0,0
7960,2026-05-21 11:12:35.184,1,3,0,0,0,0,E5,8,0D,0A,0D,0,0,0,0,51
7961,2026-05-21 11:12:35.393,0,0,0,1,3,0,0,0,0,E5,8,0D,0A,0D,0,0
7962,2026-05-21 11:12:35.406,0,0,50,0,0,0,1,3,0,0,0,0,E3,8,0D,0A
7963,2026-05-21 11:12:35.616,0D,0,0,0,0,51,0,0,0,1,3,0,0,0,0,E3
7964,2026-05-21 11:12:35.819,8,0D,0A,0D,0,0,0,0,50,0,0,0,1,3,0,0
7965,2026-05-21 11:12:36.027,0,0,E5,8,0D,0A,0D,0,0,0,0,51,0,0,0,1
7966,2026-05-21 11:12:36.236,3,0,0,0,0,E5,8,0D,0A,0D,0,0,0,0,54,0
7967,2026-05-21 11:12:36.445,0,0,1,3,0,0,0,0,E5,8,0D,0A,0D,0,0,0
7968,2026-05-21 11:12:36.653,0,54,0,0,0,1,3,0,0,0,0,E5,8,0D,0A,0D
7969,2026-05-21 11:12:36.663,0,0,0,0,52,0,0,0,1,3,0,0,0,0,E5,8
7970,2026-05-21 11:12:36.872,0D,0A,0D,0,0,0,0,52,0,0,0,1,3,0,0,0
7971,2026-05-21 11:12:37.080,0,E3,8,0D,0A,0D,0,0,0,0,53,0,0,0,1,3
7972,2026-05-21 11:12:37.288,0,0,0,0,E5,8,0D,0A,0D,0,0,0,0,54,0,0
7973,2026-05-21 11:12:37.497,0,1,3,0,0,0,0,E5,8,0D,0A,0D,0,0,0,0
7974,2026-05-21 11:12:37.697,53,0,0,0,1,3,0,0,0,0,E7,8,0D,0A,0D,0
7975,2026-05-21 11:12:37.713,0,0,0,54,0,0,0,1,3,0,0,0,0,E5,8,0D
7976,2026-05-21 11:12:37.913,0A,0D,0,0,0,0,53,0,0,0,1,3,0,0,0,0
7977,2026-05-21 11:12:38.131,E5,8,0D,0A,0D,0,0,0,0,54,0,0,0,1,3,0
7978,2026-05-21 11:12:38.340,0,0,0,E3,8,0D,0A,0D,0,0,0,0,54,0,0,0
7979,2026-05-21 11:12:38.549,1,3,0,0,0,0,E5,8,0D,0A,0D,0,0,0,0,55
7980,2026-05-21 11:12:38.757,0,0,0,1,3,0,0,0,0,E3,8,0D,0A,0D,0,0
7981,2026-05-21 11:12:38.767,0,0,54,0,0,0,1,3,0,0,0,0,E5,8,0D,0A
7982,2026-05-21 11:12:38.975,0D,0,0,0,0,52,0,0,0,1,3,0,0,0,0,E3
7983,2026-05-21 11:12:39.183,8,0D,0A,0D,0,0,0,0,52,0,0,0,1,3,0,0
7984,2026-05-21 11:12:39.392,0,0,E3,8,0D,0A,0D,0,0,0,0,52,0,0,0,1
7985,2026-05-21 11:12:39.601,3,0,0,0,0,E3,8,0D,0A,0D,0,0,0,0,52,0
7986,2026-05-21 11:12:39.809,0,0,1,3,0,0,0,0,E3,8,0D,0A,0D,0,0,0
7987,2026-05-21 11:12:40.018,0,52,0,0,0,1,3,0,0,0,0,E5,8,0D,0A,0D
7988,2026-05-21 11:12:40.029,0,0,0,0,54,0,0,0,1,3,0,0,0,0,E7,8
7989,2026-05-21 11:12:40.235,0D,0A,0D,0,0,0,0,52,0,0,0,1,3,0,0,0
7990,2026-05-21 11:12:40.444,0,E3,8,0D,0A,0D,0,0,0,0,55,0,0,0,1,3
7991,2026-05-21 11:12:40.653,0,0,0,0,E5,8,0D,0A,0D,0,0,0,0,53,0,0
7992,2026-05-21 11:12:40.861,0,1,3,0,0,0,0,E3,8,0D,0A,0D,0,0,0,0
7993,2026-05-21 11:12:41.070,53,0,0,0,1,3,0,0,0,0,E5,8,0D,0A,0D,0
7994,2026-05-21 11:12:41.079,0,0,0,55,0,0,0,1,3,0,0,0,0,E5,8,0D
7995,2026-05-21 11:12:41.293,0A,0D,0,0,0,0,55,0,0,0,1,3,0,0,0,0
7996,2026-05-21 11:12:41.496,E3,8,0D,0A,0D,0,0,0,0,55,0,0,0,1,3,0
7997,2026-05-21 11:12:41.689,0,0,0,E3,8,0D,0A,0D,0,0,0,0,55,0,0,0
7998,2026-05-21 11:12:41.902,1,3,0,0,0,0,E5,8,0D,0A,0D,0,0,0,0,54
7999,2026-05-21 11:12:42.122,0,0,0,1,3,0,0,0,0,E5,8,0D,0A,0D,0,0
8000,2026-05-21 11:12:42.131,0,0,55,0,0,0,1,3,0,0,0,0,E5,8,0D,0A
8001,2026-05-21 11:12:42.339,0D,0,0,0,0,55,0,0,0,1,3,0,0,0,0,E5
8002,2026-05-21 11:12:42.548,8,0D,0A,0D,0,0,0,0,55,0,0,0,1,3,0,0
8003,2026-05-21 11:12:42.756,0,0,E5,8,0D,0A,0D,0,0,0,0,55,0,0,0,1
8004,2026-05-21 11:12:42.965,3,0,0,0,0,E5,8,0D,0A,0D,0,0,0,0,55,0
8005,2026-05-21 11:12:43.174,0,0,1,3,0,0,0,0,E5,8,0D,0A,0D,0,0,0
8006,2026-05-21 11:12:43.382,0,54,0,0,0,1,3,0,0,0,0,E5,8,0D,0A,0D
8007,2026-05-21 11:12:43.392,0,0,0,0,54,0,0,0,1,3,0,0,0,0,E5,8
8008,2026-05-21 11:12:43.599,0D,0A,0D,0,0,0,0,54,0,0,0,1,3,0,0,0
8009,2026-05-21 11:12:43.808,0,E5,8,0D,0A,0D,0,0,0,0,55,0,0,0,1,3
8010,2026-05-21 11:12:44.017,0,0,0,0,E5,8,0D,0A,0D,0,0,0,0,54,0,0
8011,2026-05-21 11:12:44.226,0,1,3,0,0,0,0,E5,8,0D,0A,0D,0,0,0,0
8012,2026-05-21 11:12:44.434,54,0,0,0,1,3,0,0,0,0,E5,8,0D,0A,0D,0
8013,2026-05-21 11:12:44.446,0,0,0,53,0,0,0,1,3,0,0,0,0,E5,8,0D
8014,2026-05-21 11:12:44.651,0A,0D,0,0,0,0,54,0,0,0,1,3,0,0,0,0
8015,2026-05-21 11:12:44.860,E3,8,0D,0A,0D,0,0,0,0,54,0,0,0,1,3,0
8016,2026-05-21 11:12:45.069,0,0,0,E5,8,0D,0A,0D,0,0,0,0,55,0,0,0
8017,2026-05-21 11:12:45.278,1,3,0,0,0,0,E3,8,0D,0A,0D,0,0,0,0,54
8018,2026-05-21 11:12:45.486,0,0,0,1,3,0,0,0,0,E5,8,0D,0A,0D,0,0
8019,2026-05-21 11:12:45.495,0,0,55,0,0,0,1,3,0,0,0,0,E5,8,0D,0A
8020,2026-05-21 11:12:45.702,0D,0,0,0,0,54,0,0,0,1,3,0,0,0,0,E5
8021,2026-05-21 11:12:45.906,8,0D,0A,0D,0,0,0,0,54,0,0,0,1,3,0,0
8022,2026-05-21 11:12:46.121,0,0,E5,8,0D,0A,0D,0,0,0,0,54,0,0,0,1
8023,2026-05-21 11:12:46.330,3,0,0,0,0,E5,8,0D,0A,0D,0,0,0,0,55,0
8024,2026-05-21 11:12:46.538,0,0,1,3,0,0,0,0,E5,8,0D,0A,0D,0,0,0
8025,2026-05-21 11:12:46.746,0,55,0,0,0,1,3,0,0,0,0,E3,8,0D,0A,0D
8026,2026-05-21 11:12:46.760,0,0,0,0,55,0,0,0,1,3,0,0,0,0,E5,8
8027,2026-05-21 11:12:46.964,0D,0A,0D,0,0,0,0,55,0,0,0,1,3,0,0,0
8028,2026-05-21 11:12:47.173,0,E5,8,0D,0A,0D,0,0,0,0,55,0,0,0,1,3
8029,2026-05-21 11:12:47.381,0,0,0,0,E3,8,0D,0A,0D,0,0,0,0,56,0,0
8030,2026-05-21 11:12:47.590,0,1,3,0,0,0,0,E9,8,0D,0A,0D,0,0,0,0
8031,2026-05-21 11:12:47.799,55,0,0,0,1,3,0,0,0,0,E5,8,0D,0A,0D,0
8032,2026-05-21 11:12:47.810,0,0,0,57,0,0,0,1,3,0,0,0,0,E3,8,0D
8033,2026-05-21 11:12:48.016,0A,0D,0,0,0,0,56,0,0,0,1,3,0,0,0,0
8034,2026-05-21 11:12:48.224,E3,8,0D,0A,0D,0,0,0,0,55,0,0,0,1,3,0
8035,2026-05-21 11:12:48.435,0,0,0,E5,8,0D,0A,0D,0,0,0,0,54,0,0,0
8036,2026-05-21 11:12:48.643,1,3,0,0,0,0,E7,8,0D,0A,0D,0,0,0,0,54
8037,2026-05-21 11:12:48.875,0,0,0,1,3,0,0,0,0,E5,8,0D,0A,0D,0,0
8038,2026-05-21 11:12:48.888,0,0,54,0,0,0,1,3,0,0,0,0,E7,8,0D,0A
8039,2026-05-21 11:12:49.068,0D,0,0,0,0,54,0,0,0,1,3,0,0,0,0,E5
8040,2026-05-21 11:12:49.277,8,0D,0A,0D,0,0,0,0,53,0,0,0,1,3,0,0
8041,2026-05-21 11:12:49.485,0,0,E5,8,0D,0A,0D,0,0,0,0,53,0,0,0,1
8042,2026-05-21 11:12:49.694,3,0,0,0,0,E5,8,0D,0A,0D,0,0,0,0,53,0
8043,2026-05-21 11:12:49.902,0,0,1,3,0,0,0,0,E5,8,0D,0A,0D,0,0,0
8044,2026-05-21 11:12:50.112,0,53,0,0,0,1,3,0,0,0,0,E5,8,0D,0A,0D
8045,2026-05-21 11:12:50.125,0,0,0,0,54,0,0,0,1,3,0,0,0,0,E5,8
8046,2026-05-21 11:12:50.329,0D,0A,0D,0,0,0,0,54,0,0,0,1,3,0,0,0
8047,2026-05-21 11:12:50.537,0,E5,8,0D,0A,0D,0,0,0,0,53,0,0,0,1,3
8048,2026-05-21 11:12:50.746,0,0,0,0,E3,8,0D,0A,0D,0,0,0,0,53,0,0
8049,2026-05-21 11:12:50.955,0,1,3,0,0,0,0,E5,8,0D,0A,0D,0,0,0,0
8050,2026-05-21 11:12:51.164,52,0,0,0,1,3,0,0,0,0,E5,8,0D,0A,0D,0
8051,2026-05-21 11:12:51.173,0,0,0,53,0,0,0,1,3,0,0,0,0,E5,8,0D
8052,2026-05-21 11:12:51.381,0A,0D,0,0,0,0,52,0,0,0,1,3,0,0,0,0
8053,2026-05-21 11:12:51.589,E5,8,0D,0A,0D,0,0,0,0,54,0,0,0,1,3,0
8054,2026-05-21 11:12:51.798,0,0,0,E5,8,0D,0A,0D,0,0,0,0,53,0,0,0
8055,2026-05-21 11:12:52.007,1,3,0,0,0,0,E5,8,0D,0A,0D,0,0,0,0,54
8056,2026-05-21 11:12:52.215,0,0,0,1,3,0,0,0,0,E5,8,0D,0A,0D,0,0
8057,2026-05-21 11:12:52.225,0,0,54,0,0,0,1,3,0,0,0,0,E3,8,0D,0A
8058,2026-05-21 11:12:52.433,0D,0,0,0,0,54,0,0,0,1,3,0,0,0,0,E5
8059,2026-05-21 11:12:52.642,8,0D,0A,0D,0,0,0,0,54,0,0,0,1,3,0,0
8060,2026-05-21 11:12:52.850,0,0,E3,8,0D,0A,0D,0,0,0,0,54,0,0,0,1
8061,2026-05-21 11:12:53.059,3,0,0,0,0,E3,8,0D,0A,0D,0,0,0,0,54,0
8062,2026-05-21 11:12:53.258,0,0,1,3,0,0,0,0,E5,8,0D,0A,0D,0,0,0
8063,2026-05-21 11:12:53.475,0,54,0,0,0,1,3,0,0,0,0,E5,8,0D,0A,0D
8064,2026-05-21 11:12:53.488,0,0,0,0,56,0,0,0,1,3,0,0,0,0,E3,8
8065,2026-05-21 11:12:53.693,0D,0A,0D,0,0,0,0,54,0,0,0,1,3,0,0,0
8066,2026-05-21 11:12:53.902,0,E5,8,0D,0A,0D,0,0,0,0,54,0,0,0,1,3
8067,2026-05-21 11:12:54.110,0,0,0,0,E5,8,0D,0A,0D,0,0,0,0,55,0,0
8068,2026-05-21 11:12:54.311,0,1,3,0,0,0,0,E5,8,0D,0A,0D,0,0,0,0
8069,2026-05-21 11:12:54.528,55,0,0,0,1,3,0,0,0,0,E5,8,0D,0A,0D,0
8070,2026-05-21 11:12:54.538,0,0,0,54,0,0,0,1,3,0,0,0,0,E5,8,0D
8071,2026-05-21 11:12:54.745,0A,0D,0,0,0,0,54,0,0,0,1,3,0,0,0,0
8072,2026-05-21 11:12:54.954,E5,8,0D,0A,0D,0,0,0,0,54,0,0,0,1,3,0
8073,2026-05-21 11:12:55.163,0,0,0,E3,8,0D,0A,0D,0,0,0,0,55,0,0,0
8074,2026-05-21 11:12:55.371,1,3,0,0,0,0,E5,8,0D,0A,0D,0,0,0,0,55
8075,2026-05-21 11:12:55.580,0,0,0,1,3,0,0,0,0,E5,8,0D,0A,0D,0,0
8076,2026-05-21 11:12:55.590,0,0,55,0,0,0,1,3,0,0,0,0,E5,8,0D,0A
8077,2026-05-21 11:12:55.797,0D,0,0,0,0,54,0,0,0,1,3,0,0,0,0,E3
8078,2026-05-21 11:12:56.006,8,0D,0A,0D,0,0,0,0,54,0,0,0,1,3,0,0
8079,2026-05-21 11:12:56.215,0,0,E5,8,0D,0A,0D,0,0,0,0,54,0,0,0,1
8080,2026-05-21 11:12:56.424,3,0,0,0,0,E5,8,0D,0A,0D,0,0,0,0,54,0
8081,2026-05-21 11:12:56.632,0,0,1,3,0,0,0,0,E5,8,0D,0A,0D,0,0,0
8082,2026-05-21 11:12:56.840,0,54,0,0,0,1,3,0,0,0,0,E5,8,0D,0A,0D
8083,2026-05-21 11:12:56.850,0,0,0,0,55,0,0,0,1,3,0,0,0,0,E5,8
8084,2026-05-21 11:12:57.058,0D,0A,0D,0,0,0,0,54,0,0,0,1,3,0,0,0
8085,2026-05-21 11:12:57.267,0,E5,8,0D,0A,0D,0,0,0,0,54,0,0,0,1,3
8086,2026-05-21 11:12:57.475,0,0,0,0,E3,8,0D,0A,0D,0,0,0,0,54,0,0
8087,2026-05-21 11:12:57.682,0,1,3,0,0,0,0,E5,8,0D,0A,0D,0,0,0,0
8088,2026-05-21 11:12:57.893,54,0,0,0,1,3,0,0,0,0,E5,8,0D,0A,0D,0
8089,2026-05-21 11:12:57.902,0,0,0,54,0,0,0,1,3,0,0,0,0,E5,8,0D
8090,2026-05-21 11:12:58.110,0A,0D,0,0,0,0,54,0,0,0,1,3,0,0,0,0
8091,2026-05-21 11:12:58.318,E5,8,0D,0A,0D,0,0,0,0,54,0,0,0,1,3,0
8092,2026-05-21 11:12:58.528,0,0,0,E5,8,0D,0A,0D,0,0,0,0,54,0,0,0
8093,2026-05-21 11:12:58.736,1,3,0,0,0,0,E5,8,0D,0A,0D,0,0,0,0,53
8094,2026-05-21 11:12:58.945,0,0,0,1,3,0,0,0,0,E5,8,0D,0A,0D,0,0
8095,2026-05-21 11:12:58.955,0,0,53,0,0,0,1,3,0,0,0,0,E3,8,0D,0A
8096,2026-05-21 11:12:59.162,0D,0,0,0,0,55,0,0,0,1,3,0,0,0,0,E5
8097,2026-05-21 11:12:59.370,8,0D,0A,0D,0,0,0,0,54,0,0,0,1,3,0,0
8098,2026-05-21 11:12:59.580,0,0,E5,8,0D,0A,0D,0,0,0,0,54,0,0,0,1
8099,2026-05-21 11:12:59.788,3,0,0,0,0,E5,8,0D,0A,0D,0,0,0,0,52,0
8100,2026-05-21 11:12:59.997,0,0,1,3,0,0,0,0,E5,8,0D,0A,0D,0,0,0
8101,2026-05-21 11:13:00.206,0,52,0,0,0,1,3,0,0,0,0,E5,8,0D,0A,0D
8102,2026-05-21 11:13:00.217,0,0,0,0,52,0,0,0,1,3,0,0,0,0,E3,8
8103,2026-05-21 11:13:00.423,0D,0A,0D,0,0,0,0,53,0,0,0,1,3,0,0,0
8104,2026-05-21 11:13:00.632,0,E5,8,0D,0A,0D,0,0,0,0,53,0,0,0,1,3
8105,2026-05-21 11:13:00.840,0,0,0,0,E5,8,0D,0A,0D,0,0,0,0,53,0,0
8106,2026-05-21 11:13:01.049,0,1,3,0,0,0,0,E5,8,0D,0A,0D,0,0,0,0
8107,2026-05-21 11:13:01.257,52,0,0,0,1,3,0,0,0,0,E5,8,0D,0A,0D,0
8108,2026-05-21 11:13:01.269,0,0,0,52,0,0,0,1,3,0,0,0,0,E5,8,0D
8109,2026-05-21 11:13:01.474,0A,0D,0,0,0,0,53,0,0,0,1,3,0,0,0,0
8110,2026-05-21 11:13:01.681,E5,8,0D,0A,0D,0,0,0,0,53,0,0,0,1,3,0
8111,2026-05-21 11:13:01.890,0,0,0,E5,8,0D,0A,0D,0,0,0,0,53,0,0,0
8112,2026-05-21 11:13:02.101,1,3,0,0,0,0,E5,8,0D,0A,0D,0,0,0,0,53
8113,2026-05-21 11:13:02.310,0,0,0,1,3,0,0,0,0,E5,8,0D,0A,0D,0,0
8114,2026-05-21 11:13:02.320,0,0,52,0,0,0,1,3,0,0,0,0,E5,8,0D,0A
8115,2026-05-21 11:13:02.527,0D,0,0,0,0,52,0,0,0,1,3,0,0,0,0,E5
8116,2026-05-21 11:13:02.736,8,0D,0A,0D,0,0,0,0,52,0,0,0,1,3,0,0
8117,2026-05-21 11:13:02.945,0,0,E5,8,0D,0A,0D,0,0,0,0,52,0,0,0,1
8118,2026-05-21 11:13:03.153,3,0,0,0,0,E3,8,0D,0A,0D,0,0,0,0,52,0
8119,2026-05-21 11:13:03.361,0,0,1,3,0,0,0,0,E5,8,0D,0A,0D,0,0,0
8120,2026-05-21 11:13:03.570,0,54,0,0,0,1,3,0,0,0,0,E5,8,0D,0A,0D
8121,2026-05-21 11:13:03.581,0,0,0,0,52,0,0,0,1,3,0,0,0,0,E5,8
8122,2026-05-21 11:13:03.788,0D,0A,0D,0,0,0,0,53,0,0,0,1,3,0,0,0
8123,2026-05-21 11:13:03.996,0,E5,8,0D,0A,0D,0,0,0,0,52,0,0,0,1,3
8124,2026-05-21 11:13:04.204,0,0,0,0,E5,8,0D,0A,0D,0,0,0,0,53,0,0
8125,2026-05-21 11:13:04.414,0,1,3,0,0,0,0,E5,8,0D,0A,0D,0,0,0,0
8126,2026-05-21 11:13:04.623,53,0,0,0,1,3,0,0,0,0,E5,8,0D,0A,0D,0
8127,2026-05-21 11:13:04.637,0,0,0,53,0,0,0,1,3,0,0,0,0,E5,8,0D
8128,2026-05-21 11:13:04.839,0A,0D,0,0,0,0,53,0,0,0,1,3,0,0,0,0
8129,2026-05-21 11:13:05.049,E3,8,0D,0A,0D,0,0,0,0,53,0,0,0,1,3,0
8130,2026-05-21 11:13:05.257,0,0,0,E5,8,0D,0A,0D,0,0,0,0,54,0,0,0
8131,2026-05-21 11:13:05.466,1,3,0,0,0,0,E5,8,0D,0A,0D,0,0,0,0,54
8132,2026-05-21 11:13:05.668,0,0,0,1,3,0,0,0,0,E3,8,0D,0A,0D,0,0
8133,2026-05-21 11:13:05.685,0,0,54,0,0,0,1,3,0,0,0,0,E5,8,0D,0A
8134,2026-05-21 11:13:05.887,0D,0,0,0,0,54,0,0,0,1,3,0,0,0,0,E5
8135,2026-05-21 11:13:06.100,8,0D,0A,0D,0,0,0,0,54,0,0,0,1,3,0,0
8136,2026-05-21 11:13:06.309,0,0,E5,8,0D,0A,0D,0,0,0,0,54,0,0,0,1
8137,2026-05-21 11:13:06.518,3,0,0,0,0,E5,8,0D,0A,0D,0,0,0,0,54,0
8138,2026-05-21 11:13:06.726,0,0,1,3,0,0,0,0,E5,8,0D,0A,0D,0,0,0
8139,2026-05-21 11:13:06.938,0,54,0,0,0,1,3,0,0,0,0,E5,8,0D,0A,0D
8140,2026-05-21 11:13:06.954,0,0,0,0,54,0,0,0,1,3,0,0,0,0,E5,8
8141,2026-05-21 11:13:07.151,0D,0A,0D,0,0,0,0,53,0,0,0,1,3,0,0,0
8142,2026-05-21 11:13:07.361,0,E5,8,0D,0A,0D,0,0,0,0,52,0,0,0,1,3
8143,2026-05-21 11:13:07.569,0,0,0,0,E5,8,0D,0A,0D,0,0,0,0,54,0,0
8144,2026-05-21 11:13:07.778,0,1,3,0,0,0,0,E5,8,0D,0A,0D,0,0,0,0
8145,2026-05-21 11:13:07.986,54,0,0,0,1,3,0,0,0,0,E3,8,0D,0A,0D,0
8146,2026-05-21 11:13:07.996,0,0,0,50,0,0,0,1,3,0,0,0,0,E5,8,0D
8147,2026-05-21 11:13:08.204,0A,0D,0,0,0,0,50,0,0,0,1,3,0,0,0,0
8148,2026-05-21 11:13:08.412,E3,8,0D,0A,0D,0,0,0,0,51,0,0,0,1,3,0
8149,2026-05-21 11:13:08.621,0,0,0,E3,8,0D,0A,0D,0,0,0,0,51,0,0,0
8150,2026-05-21 11:13:08.830,1,3,0,0,0,0,E5,8,0D,0A,0D,0,0,0,0,52
8151,2026-05-21 11:13:09.039,0,0,0,1,3,0,0,0,0,E3,8,0D,0A,0D,0,0
8152,2026-05-21 11:13:09.053,0,0,53,0,0,0,1,3,0,0,0,0,E3,8,0D,0A
8153,2026-05-21 11:13:09.256,0D,0,0,0,0,52,0,0,0,1,3,0,0,0,0,E5
8154,2026-05-21 11:13:09.465,8,0D,0A,0D,0,0,0,0,52,0,0,0,1,3,0,0
8155,2026-05-21 11:13:09.673,0,0,E5,8,0D,0A,0D,0,0,0,0,51,0,0,0,1
8156,2026-05-21 11:13:09.882,3,0,0,0,0,E5,8,0D,0A,0D,0,0,0,0,53,0
8157,2026-05-21 11:13:10.084,0,0,1,3,0,0,0,0,E3,8,0D,0A,0D,0,0,0
8158,2026-05-21 11:13:10.285,0,52,0,0,0,1,3,0,0,0,0,E5,8,0D,0A,0D
8159,2026-05-21 11:13:10.306,0,0,0,0,52,0,0,0,1,3,0,0,0,0,E3,8
8160,2026-05-21 11:13:10.517,0D,0A,0D,0,0,0,0,52,0,0,0,1,3,0,0,0
8161,2026-05-21 11:13:10.725,0,E5,8,0D,0A,0D,0,0,0,0,52,0,0,0,1,3
8162,2026-05-21 11:13:10.933,0,0,0,0,E5,8,0D,0A,0D,0,0,0,0,52,0,0
8163,2026-05-21 11:13:11.143,0,1,3,0,0,0,0,E5,8,0D,0A,0D,0,0,0,0
8164,2026-05-21 11:13:11.351,53,0,0,0,1,3,0,0,0,0,E3,8,0D,0A,0D,0
8165,2026-05-21 11:13:11.362,0,0,0,52,0,0,0,1,3,0,0,0,0,E3,8,0D
8166,2026-05-21 11:13:11.568,0A,0D,0,0,0,0,52,0,0,0,1,3,0,0,0,0
8167,2026-05-21 11:13:11.777,E5,8,0D,0A,0D,0,0,0,0,52,0,0,0,1,3,0
8168,2026-05-21 11:13:11.986,0,0,0,E5,8,0D,0A,0D,0,0,0,0,53,0,0,0
8169,2026-05-21 11:13:12.195,1,3,0,0,0,0,E5,8,0D,0A,0D,0,0,0,0,54
8170,2026-05-21 11:13:12.403,0,0,0,1,3,0,0,0,0,E5,8,0D,0A,0D,0,0
8171,2026-05-21 11:13:12.414,0,0,52,0,0,0,1,3,0,0,0,0,E5,8,0D,0A
8172,2026-05-21 11:13:12.620,0D,0,0,0,0,53,0,0,0,1,3,0,0,0,0,E5
8173,2026-05-21 11:13:12.829,8,0D,0A,0D,0,0,0,0,50,0,0,0,1,3,0,0
8174,2026-05-21 11:13:13.038,0,0,E5,8,0D,0A,0D,0,0,0,0,51,0,0,0,1
8175,2026-05-21 11:13:13.247,3,0,0,0,0,E7,8,0D,0A,0D,0,0,0,0,51,0
8176,2026-05-21 11:13:13.455,0,0,1,3,0,0,0,0,E5,8,0D,0A,0D,0,0,0
8177,2026-05-21 11:13:13.659,0,51,0,0,0,1,3,0,0,0,0,E3,8,0D,0A,0D
8178,2026-05-21 11:13:13.675,0,0,0,0,52,0,0,0,1,3,0,0,0,0,E5,8
8179,2026-05-21 11:13:13.879,0D,0A,0D,0,0,0,0,51,0,0,0,1,3,0,0,0
8180,2026-05-21 11:13:14.089,0,E5,8,0D,0A,0D,0,0,0,0,51,0,0,0,1,3
8181,2026-05-21 11:13:14.298,0,0,0,0,E5,8,0D,0A,0D,0,0,0,0,51,0,0
8182,2026-05-21 11:13:14.507,0,1,3,0,0,0,0,E3,8,0D,0A,0D,0,0,0,0
8183,2026-05-21 11:13:14.716,52,0,0,0,1,3,0,0,0,0,E5,8,0D,0A,0D,0
8184,2026-05-21 11:13:14.727,0,0,0,52,0,0,0,1,3,0,0,0,0,E5,8,0D
8185,2026-05-21 11:13:14.933,0A,0D,0,0,0,0,52,0,0,0,1,3,0,0,0,0
8186,2026-05-21 11:13:15.141,E5,8,0D,0A,0D,0,0,0,0,52,0,0,0,1,3,0
8187,2026-05-21 11:13:15.350,0,0,0,E5,8,0D,0A,0D,0,0,0,0,51,0,0,0
8188,2026-05-21 11:13:15.559,1,3,0,0,0,0,E5,8,0D,0A,0D,0,0,0,0,51
8189,2026-05-21 11:13:15.768,0,0,0,1,3,0,0,0,0,E5,8,0D,0A,0D,0,0
8190,2026-05-21 11:13:15.778,0,0,50,0,0,0,1,3,0,0,0,0,E5,8,0D,0A
8191,2026-05-21 11:13:15.985,0D,0,0,0,0,51,0,0,0,1,3,0,0,0,0,E3
8192,2026-05-21 11:13:16.194,8,0D,0A,0D,0,0,0,0,50,0,0,0,1,3,0,0
8193,2026-05-21 11:13:16.405,0,0,E5,8,0D,0A,0D,0,0,0,0,50,0,0,0,1
8194,2026-05-21 11:13:16.611,3,0,0,0,0,E5,8,0D,0A,0D,0,0,0,0,50,0
8195,2026-05-21 11:13:16.820,0,0,1,3,0,0,0,0,E5,8,0D,0A,0D,0,0,0
8196,2026-05-21 11:13:17.029,0,50,0,0,0,1,3,0,0,0,0,E5,8,0D,0A,0D
8197,2026-05-21 11:13:17.039,0,0,0,0,50,0,0,0,1,3,0,0,0,0,E5,8
8198,2026-05-21 11:13:17.246,0D,0A,0D,0,0,0,0,51,0,0,0,1,3,0,0,0
8199,2026-05-21 11:13:17.455,0,E5,8,0D,0A,0D,0,0,0,0,51,0,0,0,1,3
8200,2026-05-21 11:13:17.660,0,0,0,0,E5,8,0D,0A,0D,0,0,0,0,51,0,0
8201,2026-05-21 11:13:17.871,0,1,3,0,0,0,0,E7,8,0D,0A,0D,0,0,0,0
8202,2026-05-21 11:13:18.070,50,0,0,0,1,3,0,0,0,0,E5,8,0D,0A,0D,0
8203,2026-05-21 11:13:18.084,0,0,0,50,0,0,0,1,3,0,0,0,0,E3,8,0D
8204,2026-05-21 11:13:18.298,0A,0D,0,0,0,0,52,0,0,0,1,3,0,0,0,0
8205,2026-05-21 11:13:18.506,E3,8,0D,0A,0D,0,0,0,0,52,0,0,0,1,3,0
8206,2026-05-21 11:13:18.714,0,0,0,E5,8,0D,0A,0D,0,0,0,0,52,0,0,0
8207,2026-05-21 11:13:18.924,1,3,0,0,0,0,E5,8,0D,0A,0D,0,0,0,0,51
8208,2026-05-21 11:13:19.133,0,0,0,1,3,0,0,0,0,E5,8,0D,0A,0D,0,0
8209,2026-05-21 11:13:19.142,0,0,53,0,0,0,1,3,0,0,0,0,E5,8,0D,0A
8210,2026-05-21 11:13:19.350,0D,0,0,0,0,51,0,0,0,1,3,0,0,0,0,E3
8211,2026-05-21 11:13:19.559,8,0D,0A,0D,0,0,0,0,52,0,0,0,1,3,0,0
8212,2026-05-21 11:13:19.767,0,0,E3,8,0D,0A,0D,0,0,0,0,52,0,0,0,1
8213,2026-05-21 11:13:19.976,3,0,0,0,0,E3,8,0D,0A,0D,0,0,0,0,53,0
8214,2026-05-21 11:13:20.185,0,0,1,3,0,0,0,0,E5,8,0D,0A,0D,0,0,0
8215,2026-05-21 11:13:20.394,0,54,0,0,0,1,3,0,0,0,0,E7,8,0D,0A,0D
8216,2026-05-21 11:13:20.405,0,0,0,0,53,0,0,0,1,3,0,0,0,0,E5,8
8217,2026-05-21 11:13:20.611,0D,0A,0D,0,0,0,0,53,0,0,0,1,3,0,0,0
8218,2026-05-21 11:13:20.819,0,E5,8,0D,0A,0D,0,0,0,0,53,0,0,0,1,3
8219,2026-05-21 11:13:21.028,0,0,0,0,E5,8,0D,0A,0D,0,0,0,0,52,0,0
8220,2026-05-21 11:13:21.236,0,1,3,0,0,0,0,E5,8,0D,0A,0D,0,0,0,0
8221,2026-05-21 11:13:21.445,52,0,0,0,1,3,0,0,0,0,E5,8,0D,0A,0D,0
8222,2026-05-21 11:13:21.457,0,0,0,51,0,0,0,1,3,0,0,0,0,E5,8,0D
8223,2026-05-21 11:13:21.663,0A,0D,0,0,0,0,52,0,0,0,1,3,0,0,0,0
8224,2026-05-21 11:13:21.859,E5,8,0D,0A,0D,0,0,0,0,52,0,0,0,1,3,0
8225,2026-05-21 11:13:22.078,0,0,0,E5,8,0D,0A,0D,0,0,0,0,52,0,0,0
8226,2026-05-21 11:13:22.289,1,3,0,0,0,0,E5,8,0D,0A,0D,0,0,0,0,51
8227,2026-05-21 11:13:22.496,0,0,0,1,3,0,0,0,0,E3,8,0D,0A,0D,0,0
8228,2026-05-21 11:13:22.512,0,0,52,0,0,0,1,3,0,0,0,0,E5,8,0D,0A
8229,2026-05-21 11:13:22.714,0D,0,0,0,0,50,0,0,0,1,3,0,0,0,0,E5
8230,2026-05-21 11:13:22.923,8,0D,0A,0D,0,0,0,0,52,0,0,0,1,3,0,0
8231,2026-05-21 11:13:23.131,0,0,E5,8,0D,0A,0D,0,0,0,0,52,0,0,0,1
8232,2026-05-21 11:13:23.341,3,0,0,0,0,E5,8,0D,0A,0D,0,0,0,0,52,0
8233,2026-05-21 11:13:23.549,0,0,1,3,0,0,0,0,E3,8,0D,0A,0D,0,0,0
8234,2026-05-21 11:13:23.758,0,53,0,0,0,1,3,0,0,0,0,E5,8,0D,0A,0D
8235,2026-05-21 11:13:23.767,0,0,0,0,54,0,0,0,1,3,0,0,0,0,E5,8
8236,2026-05-21 11:13:23.974,0D,0A,0D,0,0,0,0,52,0,0,0,1,3,0,0,0
8237,2026-05-21 11:13:24.184,0,E5,8,0D,0A,0D,0,0,0,0,52,0,0,0,1,3
8238,2026-05-21 11:13:24.392,0,0,0,0,E3,8,0D,0A,0D,0,0,0,0,51,0,0
8239,2026-05-21 11:13:24.601,0,1,3,0,0,0,0,E5,8,0D,0A,0D,0,0,0,0
8240,2026-05-21 11:13:24.810,52,0,0,0,1,3,0,0,0,0,E5,8,0D,0A,0D,0
8241,2026-05-21 11:13:24.819,0,0,0,52,0,0,0,1,3,0,0,0,0,E3,8,0D
8242,2026-05-21 11:13:25.027,0A,0D,0,0,0,0,53,0,0,0,1,3,0,0,0,0
8243,2026-05-21 11:13:25.237,E5,8,0D,0A,0D,0,0,0,0,53,0,0,0,1,3,0
8244,2026-05-21 11:13:25.444,0,0,0,E5,8,0D,0A,0D,0,0,0,0,52,0,0,0
8245,2026-05-21 11:13:25.653,1,3,0,0,0,0,E5,8,0D,0A,0D,0,0,0,0,54
8246,2026-05-21 11:13:25.848,0,0,0,1,3,0,0,0,0,E3,8,0D,0A,0D,0,0
8247,2026-05-21 11:13:25.870,0,0,52,0,0,0,1,3,0,0,0,0,E5,8,0D,0A
8248,2026-05-21 11:13:26.068,0D,0,0,0,0,52,0,0,0,1,3,0,0,0,0,E5
8249,2026-05-21 11:13:26.287,8,0D,0A,0D,0,0,0,0,52,0,0,0,1,3,0,0
8250,2026-05-21 11:13:26.496,0,0,E5,8,0D,0A,0D,0,0,0,0,58,0,0,0,1
8251,2026-05-21 11:13:26.706,3,0,0,0,0,E5,8,0D,0A,0D,0,0,0,0,56,0
8252,2026-05-21 11:13:26.914,0,0,1,3,0,0,0,0,E5,8,0D,0A,0D,0,0,0
8253,2026-05-21 11:13:27.123,0,57,0,0,0,1,3,0,0,0,0,E5,8,0D,0A,0D
8254,2026-05-21 11:13:27.136,0,0,0,0,56,0,0,0,1,3,0,0,0,0,E5,8
8255,2026-05-21 11:13:27.340,0D,0A,0D,0,0,0,0,54,0,0,0,1,3,0,0,0
8256,2026-05-21 11:13:27.549,0,E5,8,0D,0A,0D,0,0,0,0,52,0,0,0,1,3
8257,2026-05-21 11:13:27.763,0,0,0,0,E5,8,0D,0A,0D,0,0,0,0,54,0,0
8258,2026-05-21 11:13:27.966,0,1,3,0,0,0,0,E5,8,0D,0A,0D,0,0,0,0
8259,2026-05-21 11:13:28.175,52,0,0,0,1,3,0,0,0,0,E3,8,0D,0A,0D,0
8260,2026-05-21 11:13:28.187,0,0,0,53,0,0,0,1,3,0,0,0,0,E5,8,0D
8261,2026-05-21 11:13:28.393,0A,0D,0,0,0,0,52,0,0,0,1,3,0,0,0,0
8262,2026-05-21 11:13:28.601,E5,8,0D,0A,0D,0,0,0,0,54,0,0,0,1,3,0
8263,2026-05-21 11:13:28.810,0,0,0,E3,8,0D,0A,0D,0,0,0,0,53,0,0,0
8264,2026-05-21 11:13:29.018,1,3,0,0,0,0,E5,8,0D,0A,0D,0,0,0,0,53
8265,2026-05-21 11:13:29.227,0,0,0,1,3,0,0,0,0,E3,8,0D,0A,0D,0,0
8266,2026-05-21 11:13:29.236,0,0,53,0,0,0,1,3,0,0,0,0,E5,8,0D,0A
8267,2026-05-21 11:13:29.445,0D,0,0,0,0,54,0,0,0,1,3,0,0,0,0,E5
8268,2026-05-21 11:13:29.654,8,0D,0A,0D,0,0,0,0,54,0,0,0,1,3,0,0
8269,2026-05-21 11:13:29.865,0,0,E5,8,0D,0A,0D,0,0,0,0,55,0,0,0,1
8270,2026-05-21 11:13:30.070,3,0,0,0,0,E3,8,0D,0A,0D,0,0,0,0,54,0
8271,2026-05-21 11:13:30.279,0,0,1,3,0,0,0,0,E5,8,0D,0A,0D,0,0,0
8272,2026-05-21 11:13:30.487,0,54,0,0,0,1,3,0,0,0,0,E3,8,0D,0A,0D
8273,2026-05-21 11:13:30.500,0,0,0,0,52,0,0,0,1,3,0,0,0,0,E5,8
8274,2026-05-21 11:13:30.705,0D,0A,0D,0,0,0,0,52,0,0,0,1,3,0,0,0
8275,2026-05-21 11:13:30.914,0,E5,8,0D,0A,0D,0,0,0,0,52,0,0,0,1,3
8276,2026-05-21 11:13:31.123,0,0,0,0,E5,8,0D,0A,0D,0,0,0,0,53,0,0
8277,2026-05-21 11:13:31.331,0,1,3,0,0,0,0,E3,8,0D,0A,0D,0,0,0,0
8278,2026-05-21 11:13:31.540,53,0,0,0,1,3,0,0,0,0,E5,8,0D,0A,0D,0
8279,2026-05-21 11:13:31.549,0,0,0,52,0,0,0,1,3,0,0,0,0,E5,8,0D
8280,2026-05-21 11:13:31.758,0A,0D,0,0,0,0,50,0,0,0,1,3,0,0,0,0
8281,2026-05-21 11:13:31.967,E5,8,0D,0A,0D,0,0,0,0,50,0,0,0,1,3,0
8282,2026-05-21 11:13:32.175,0,0,0,E5,8,0D,0A,0D,0,0,0,0,50,0,0,0
8283,2026-05-21 11:13:32.384,1,3,0,0,0,0,E3,8,0D,0A,0D,0,0,0,0,50
8284,2026-05-21 11:13:32.593,0,0,0,1,3,0,0,0,0,E3,8,0D,0A,0D,0,0
8285,2026-05-21 11:13:32.603,0,0,51,0,0,0,1,3,0,0,0,0,E5,8,0D,0A
8286,2026-05-21 11:13:32.811,0D,0,0,0,0,50,0,0,0,1,3,0,0,0,0,E5
8287,2026-05-21 11:13:33.018,8,0D,0A,0D,0,0,0,0,4E,0,0,0,1,3,0,0
8288,2026-05-21 11:13:33.227,0,0,E3,8,0D,0A,0D,0,0,0,0,4D,0,0,0,1
8289,2026-05-21 11:13:33.437,3,0,0,0,0,E5,8,0D,0A,0D,0,0,0,0,4D,0
8290,2026-05-21 11:13:33.644,0,0,1,3,0,0,0,0,E5,8,0D,0A,0D,0,0,0
8291,2026-05-21 11:13:33.853,0,4C,0,0,0,1,3,0,0,0,0,E3,8,0D,0A,0D
8292,2026-05-21 11:13:33.872,0,0,0,0,4E,0,0,0,1,3,0,0,0,0,E5,8
8293,2026-05-21 11:13:34.061,0D,0A,0D,0,0,0,0,4D,0,0,0,1,3,0,0,0
8294,2026-05-21 11:13:34.279,0,E5,8,0D,0A,0D,0,0,0,0,4E,0,0,0,1,3
8295,2026-05-21 11:13:34.488,0,0,0,0,E5,8,0D,0A,0D,0,0,0,0,4E,0,0
8296,2026-05-21 11:13:34.696,0,1,3,0,0,0,0,E5,8,0D,0A,0D,0,0,0,0
8297,2026-05-21 11:13:34.905,4F,0,0,0,1,3,0,0,0,0,E5,8,0D,0A,0D,0
8298,2026-05-21 11:13:34.915,0,0,0,4F,0,0,0,1,3,0,0,0,0,E5,8,0D
8299,2026-05-21 11:13:35.123,0A,0D,0,0,0,0,4F,0,0,0,1,3,0,0,0,0
8300,2026-05-21 11:13:35.331,E3,8,0D,0A,0D,0,0,0,0,4D,0,0,0,1,3,0
8301,2026-05-21 11:13:35.540,0,0,0,E3,8,0D,0A,0D,0,0,0,0,4D,0,0,0
8302,2026-05-21 11:13:35.749,1,3,0,0,0,0,E3,8,0D,0A,0D,0,0,0,0,4E
8303,2026-05-21 11:13:35.958,0,0,0,1,3,0,0,0,0,E5,8,0D,0A,0D,0,0
8304,2026-05-21 11:13:35.967,0,0,4F,0,0,0,1,3,0,0,0,0,E3,8,0D,0A
8305,2026-05-21 11:13:36.175,0D,0,0,0,0,50,0,0,0,1,3,0,0,0,0,E3
8306,2026-05-21 11:13:36.384,8,0D,0A,0D,0,0,0,0,50,0,0,0,1,3,0,0
8307,2026-05-21 11:13:36.592,0,0,E5,8,0D,0A,0D,0,0,0,0,50,0,0,0,1
8308,2026-05-21 11:13:36.801,3,0,0,0,0,E3,8,0D,0A,0D,0,0,0,0,4F,0
8309,2026-05-21 11:13:37.010,0,0,1,3,0,0,0,0,E5,8,0D,0A,0D,0,0,0
8310,2026-05-21 11:13:37.220,0,51,0,0,0,1,3,0,0,0,0,E5,8,0D,0A,0D
8311,2026-05-21 11:13:37.233,0,0,0,0,50,0,0,0,1,3,0,0,0,0,E3,8
8312,2026-05-21 11:13:37.436,0D,0A,0D,0,0,0,0,52,0,0,0,1,3,0,0,0
8313,2026-05-21 11:13:37.645,0,E7,8,0D,0A,0D,0,0,0,0,52,0,0,0,1,3
8314,2026-05-21 11:13:37.840,0,0,0,0,E5,8,0D,0A,0D,0,0,0,0,52,0,0
8315,2026-05-21 11:13:38.058,0,1,3,0,0,0,0,E3,8,0D,0A,0D,0,0,0,0
8316,2026-05-21 11:13:38.270,52,0,0,0,1,3,0,0,0,0,E5,8,0D,0A,0D,0
8317,2026-05-21 11:13:38.279,0,0,0,51,0,0,0,1,3,0,0,0,0,E5,8,0D
8318,2026-05-21 11:13:38.487,0A,0D,0,0,0,0,50,0,0,0,1,3,0,0,0,0
8319,2026-05-21 11:13:38.696,E5,8,0D,0A,0D,0,0,0,0,50,0,0,0,1,3,0
8320,2026-05-21 11:13:38.905,0,0,0,E5,8,0D,0A,0D,0,0,0,0,50,0,0,0
8321,2026-05-21 11:13:39.114,1,3,0,0,0,0,E5,8,0D,0A,0D,0,0,0,0,50
8322,2026-05-21 11:13:39.322,0,0,0,1,3,0,0,0,0,E3,8,0D,0A,0D,0,0
8323,2026-05-21 11:13:39.333,0,0,50,0,0,0,1,3,0,0,0,0,E5,8,0D,0A
8324,2026-05-21 11:13:39.539,0D,0,0,0,0,4F,0,0,0,1,3,0,0,0,0,E3
8325,2026-05-21 11:13:39.748,8,0D,0A,0D,0,0,0,0,4F,0,0,0,1,3,0,0
8326,2026-05-21 11:13:39.957,0,0,E5,8,0D,0A,0D,0,0,0,0,50,0,0,0,1
8327,2026-05-21 11:13:40.167,3,0,0,0,0,E5,8,0D,0A,0D,0,0,0,0,4E,0
8328,2026-05-21 11:13:40.375,0,0,1,3,0,0,0,0,E5,8,0D,0A,0D,0,0,0
8329,2026-05-21 11:13:40.583,0,4F,0,0,0,1,3,0,0,0,0,E5,8,0D,0A,0D
8330,2026-05-21 11:13:40.595,0,0,0,0,4E,0,0,0,1,3,0,0,0,0,E5,8
8331,2026-05-21 11:13:40.806,0D,0A,0D,0,0,0,0,4F,0,0,0,1,3,0,0,0
8332,2026-05-21 11:13:41.008,0,E5,8,0D,0A,0D,0,0,0,0,4E,0,0,0,1,3
8333,2026-05-21 11:13:41.217,0,0,0,0,E5,8,0D,0A,0D,0,0,0,0,4F,0,0
8334,2026-05-21 11:13:41.426,0,1,3,0,0,0,0,E5,8,0D,0A,0D,0,0,0,0
8335,2026-05-21 11:13:41.634,4E,0,0,0,1,3,0,0,0,0,E5,8,0D,0A,0D,0
8336,2026-05-21 11:13:41.645,0,0,0,50,0,0,0,1,3,0,0,0,0,E5,8,0D
8337,2026-05-21 11:13:41.844,0A,0D,0,0,0,0,4F,0,0,0,1,3,0,0,0,0
8338,2026-05-21 11:13:42.060,E5,8,0D,0A,0D,0,0,0,0,50,0,0,0,1,3,0
8339,2026-05-21 11:13:42.270,0,0,0,E5,8,0D,0A,0D,0,0,0,0,50,0,0,0
8340,2026-05-21 11:13:42.478,1,3,0,0,0,0,E5,8,0D,0A,0D,0,0,0,0,51
8341,2026-05-21 11:13:42.687,0,0,0,1,3,0,0,0,0,E5,8,0D,0A,0D,0,0
8342,2026-05-21 11:13:42.696,0,0,51,0,0,0,1,3,0,0,0,0,E5,8,0D,0A
8343,2026-05-21 11:13:42.906,0D,0,0,0,0,51,0,0,0,1,3,0,0,0,0,E5
8344,2026-05-21 11:13:43.112,8,0D,0A,0D,0,0,0,0,51,0,0,0,1,3,0,0
8345,2026-05-21 11:13:43.322,0,0,E5,8,0D,0A,0D,0,0,0,0,50,0,0,0,1
8346,2026-05-21 11:13:43.530,3,0,0,0,0,E3,8,0D,0A,0D,0,0,0,0,52,0
8347,2026-05-21 11:13:43.738,0,0,1,3,0,0,0,0,E5,8,0D,0A,0D,0,0,0
8348,2026-05-21 11:13:43.947,0,50,0,0,0,1,3,0,0,0,0,E5,8,0D,0A,0D
8349,2026-05-21 11:13:43.958,0,0,0,0,50,0,0,0,1,3,0,0,0,0,E5,8
8350,2026-05-21 11:13:44.164,0D,0A,0D,0,0,0,0,50,0,0,0,1,3,0,0,0
8351,2026-05-21 11:13:44.373,0,E5,8,0D,0A,0D,0,0,0,0,52,0,0,0,1,3
8352,2026-05-21 11:13:44.582,0,0,0,0,E5,8,0D,0A,0D,0,0,0,0,50,0,0
8353,2026-05-21 11:13:44.791,0,1,3,0,0,0,0,E5,8,0D,0A,0D,0,0,0,0
8354,2026-05-21 11:13:44.999,50,0,0,0,1,3,0,0,0,0,E5,8,0D,0A,0D,0
8355,2026-05-21 11:13:45.011,0,0,0,50,0,0,0,1,3,0,0,0,0,E5,8,0D
8356,2026-05-21 11:13:45.216,0A,0D,0,0,0,0,52,0,0,0,1,3,0,0,0,0
8357,2026-05-21 11:13:45.425,E3,8,0D,0A,0D,0,0,0,0,52,0,0,0,1,3,0
8358,2026-05-21 11:13:45.634,0,0,0,E5,8,0D,0A,0D,0,0,0,0,51,0,0,0
8359,2026-05-21 11:13:45.841,1,3,0,0,0,0,E5,8,0D,0A,0D,0,0,0,0,50
8360,2026-05-21 11:13:46.043,0,0,0,1,3,0,0,0,0,E3,8,0D,0A,0D,0,0
8361,2026-05-21 11:13:46.061,0,0,50,0,0,0,1,3,0,0,0,0,E3,8,0D,0A
8362,2026-05-21 11:13:46.268,0D,0,0,0,0,50,0,0,0,1,3,0,0,0,0,E5
8363,2026-05-21 11:13:46.476,8,0D,0A,0D,0,0,0,0,50,0,0,0,1,3,0,0
8364,2026-05-21 11:13:46.685,0,0,E5,8,0D,0A,0D,0,0,0,0,50,0,0,0,1
8365,2026-05-21 11:13:46.894,3,0,0,0,0,E7,8,0D,0A,0D,0,0,0,0,50,0
8366,2026-05-21 11:13:47.102,0,0,1,3,0,0,0,0,E3,8,0D,0A,0D,0,0,0
8367,2026-05-21 11:13:47.311,0,52,0,0,0,1,3,0,0,0,0,E5,8,0D,0A,0D
8368,2026-05-21 11:13:47.322,0,0,0,0,54,0,0,0,1,3,0,0,0,0,E3,8
8369,2026-05-21 11:13:47.529,0D,0A,0D,0,0,0,0,54,0,0,0,1,3,0,0,0
8370,2026-05-21 11:13:47.738,0,E5,8,0D,0A,0D,0,0,0,0,54,0,0,0,1,3
8371,2026-05-21 11:13:47.947,0,0,0,0,E5,8,0D,0A,0D,0,0,0,0,52,0,0
8372,2026-05-21 11:13:48.155,0,1,3,0,0,0,0,E5,8,0D,0A,0D,0,0,0,0
8373,2026-05-21 11:13:48.385,53,0,0,0,1,3,0,0,0,0,E3,8,0D,0A,0D,0
8374,2026-05-21 11:13:48.395,0,0,0,50,0,0,0,1,3,0,0,0,0,E5,8,0D
8375,2026-05-21 11:13:48.580,0A,0D,0,0,0,0,52,0,0,0,1,3,0,0,0,0
8376,2026-05-21 11:13:48.790,E3,8,0D,0A,0D,0,0,0,0,52,0,0,0,1,3,0
8377,2026-05-21 11:13:48.998,0,0,0,E5,8,0D,0A,0D,0,0,0,0,52,0,0,0
8378,2026-05-21 11:13:49.206,1,3,0,0,0,0,E7,8,0D,0A,0D,0,0,0,0,52
8379,2026-05-21 11:13:49.415,0,0,0,1,3,0,0,0,0,E3,8,0D,0A,0D,0,0
8380,2026-05-21 11:13:49.426,0,0,53,0,0,0,1,3,0,0,0,0,E3,8,0D,0A
8381,2026-05-21 11:13:49.632,0D,0,0,0,0,52,0,0,0,1,3,0,0,0,0,E5
8382,2026-05-21 11:13:49.839,8,0D,0A,0D,0,0,0,0,53,0,0,0,1,3,0,0
8383,2026-05-21 11:13:50.051,0,0,E3,8,0D,0A,0D,0,0,0,0,52,0,0,0,1
8384,2026-05-21 11:13:50.259,3,0,0,0,0,E3,8,0D,0A,0D,0,0,0,0,54,0
8385,2026-05-21 11:13:50.467,0,0,1,3,0,0,0,0,E5,8,0D,0A,0D,0,0,0
8386,2026-05-21 11:13:50.675,0,53,0,0,0,1,3,0,0,0,0,E5,8,0D,0A,0D
8387,2026-05-21 11:13:50.689,0,0,0,0,54,0,0,0,1,3,0,0,0,0,E5,8
8388,2026-05-21 11:13:50.893,0D,0A,0D,0,0,0,0,51,0,0,0,1,3,0,0,0
8389,2026-05-21 11:13:51.102,0,E5,8,0D,0A,0D,0,0,0,0,54,0,0,0,1,3
8390,2026-05-21 11:13:51.310,0,0,0,0,E5,8,0D,0A,0D,0,0,0,0,56,0,0
8391,2026-05-21 11:13:51.519,0,1,3,0,0,0,0,E5,8,0D,0A,0D,0,0,0,0
8392,2026-05-21 11:13:51.728,55,0,0,0,1,3,0,0,0,0,E5,8,0D,0A,0D,0
8393,2026-05-21 11:13:51.737,0,0,0,56,0,0,0,1,3,0,0,0,0,E5,8,0D
8394,2026-05-21 11:13:51.945,0A,0D,0,0,0,0,55,0,0,0,1,3,0,0,0,0
8395,2026-05-21 11:13:52.154,E5,8,0D,0A,0D,0,0,0,0,54,0,0,0,1,3,0
8396,2026-05-21 11:13:52.362,0,0,0,E5,8,0D,0A,0D,0,0,0,0,54,0,0,0
8397,2026-05-21 11:13:52.571,1,3,0,0,0,0,E5,8,0D,0A,0D,0,0,0,0,56
8398,2026-05-21 11:13:52.780,0,0,0,1,3,0,0,0,0,E5,8,0D,0A,0D,0,0
8399,2026-05-21 11:13:52.793,0,0,54,0,0,0,1,3,0,0,0,0,E5,8,0D,0A
8400,2026-05-21 11:13:52.997,0D,0,0,0,0,53,0,0,0,1,3,0,0,0,0,E5
8401,2026-05-21 11:13:53.206,8,0D,0A,0D,0,0,0,0,52,0,0,0,1,3,0,0
8402,2026-05-21 11:13:53.415,0,0,E7,8,0D,0A,0D,0,0,0,0,52,0,0,0,1
8403,2026-05-21 11:13:53.623,3,0,0,0,0,E5,8,0D,0A,0D,0,0,0,0,53,0
8404,2026-05-21 11:13:53.831,0,0,1,3,0,0,0,0,E3,8,0D,0A,0D,0,0,0
8405,2026-05-21 11:13:54.031,0,52,0,0,0,1,3,0,0,0,0,E7,8,0D,0A,0D
8406,2026-05-21 11:13:54.050,0,0,0,0,54,0,0,0,1,3,0,0,0,0,E5,8
8407,2026-05-21 11:13:54.258,0D,0A,0D,0,0,0,0,52,0,0,0,1,3,0,0,0
8408,2026-05-21 11:13:54.466,0,E3,8,0D,0A,0D,0,0,0,0,52,0,0,0,1,3
8409,2026-05-21 11:13:54.675,0,0,0,0,E5,8,0D,0A,0D,0,0,0,0,51,0,0
8410,2026-05-21 11:13:54.883,0,1,3,0,0,0,0,E5,8,0D,0A,0D,0,0,0,0
8411,2026-05-21 11:13:55.092,51,0,0,0,1,3,0,0,0,0,E5,8,0D,0A,0D,0
8412,2026-05-21 11:13:55.101,0,0,0,50,0,0,0,1,3,0,0,0,0,E3,8,0D
8413,2026-05-21 11:13:55.309,0A,0D,0,0,0,0,50,0,0,0,1,3,0,0,0,0
8414,2026-05-21 11:13:55.518,E7,8,0D,0A,0D,0,0,0,0,4E,0,0,0,1,3,0
8415,2026-05-21 11:13:55.727,0,0,0,E3,8,0D,0A,0D,0,0,0,0,4F,0,0,0
8416,2026-05-21 11:13:55.936,1,3,0,0,0,0,E5,8,0D,0A,0D,0,0,0,0,50
8417,2026-05-21 11:13:56.144,0,0,0,1,3,0,0,0,0,E3,8,0D,0A,0D,0,0
8418,2026-05-21 11:13:56.154,0,0,50,0,0,0,1,3,0,0,0,0,E3,8,0D,0A
8419,2026-05-21 11:13:56.361,0D,0,0,0,0,50,0,0,0,1,3,0,0,0,0,E5
8420,2026-05-21 11:13:56.570,8,0D,0A,0D,0,0,0,0,4F,0,0,0,1,3,0,0
8421,2026-05-21 11:13:56.780,0,0,E5,8,0D,0A,0D,0,0,0,0,50,0,0,0,1
8422,2026-05-21 11:13:56.988,3,0,0,0,0,E5,8,0D,0A,0D,0,0,0,0,4F,0
8423,2026-05-21 11:13:57.196,0,0,1,3,0,0,0,0,E5,8,0D,0A,0D,0,0,0
8424,2026-05-21 11:13:57.406,0,50,0,0,0,1,3,0,0,0,0,E3,8,0D,0A,0D
8425,2026-05-21 11:13:57.415,0,0,0,0,50,0,0,0,1,3,0,0,0,0,E7,8
8426,2026-05-21 11:13:57.623,0D,0A,0D,0,0,0,0,51,0,0,0,1,3,0,0,0
8427,2026-05-21 11:13:57.819,0,E5,8,0D,0A,0D,0,0,0,0,52,0,0,0,1,3
8428,2026-05-21 11:13:58.037,0,0,0,0,E3,8,0D,0A,0D,0,0,0,0,50,0,0
8429,2026-05-21 11:13:58.249,0,1,3,0,0,0,0,E5,8,0D,0A,0D,0,0,0,0
8430,2026-05-21 11:13:58.458,4F,0,0,0,1,3,0,0,0,0,E3,8,0D,0A,0D,0
8431,2026-05-21 11:13:58.468,0,0,0,4F,0,0,0,1,3,0,0,0,0,E5,8,0D
8432,2026-05-21 11:13:58.675,0A,0D,0,0,0,0,4E,0,0,0,1,3,0,0,0,0
8433,2026-05-21 11:13:58.884,E5,8,0D,0A,0D,0,0,0,0,4E,0,0,0,1,3,0
8434,2026-05-21 11:13:59.092,0,0,0,E3,8,0D,0A,0D,0,0,0,0,50,0,0,0
8435,2026-05-21 11:13:59.301,1,3,0,0,0,0,E5,8,0D,0A,0D,0,0,0,0,50
8436,2026-05-21 11:13:59.509,0,0,0,1,3,0,0,0,0,E5,8,0D,0A,0D,0,0
8437,2026-05-21 11:13:59.520,0,0,51,0,0,0,1,3,0,0,0,0,E3,8,0D,0A
8438,2026-05-21 11:13:59.726,0D,0,0,0,0,52,0,0,0,1,3,0,0,0,0,E7
8439,2026-05-21 11:13:59.936,8,0D,0A,0D,0,0,0,0,50,0,0,0,1,3,0,0
8440,2026-05-21 11:14:00.144,0,0,E3,8,0D,0A,0D,0,0,0,0,51,0,0,0,1
8441,2026-05-21 11:14:00.353,3,0,0,0,0,E5,8,0D,0A,0D,0,0,0,0,51,0
8442,2026-05-21 11:14:00.561,0,0,1,3,0,0,0,0,E5,8,0D,0A,0D,0,0,0
8443,2026-05-21 11:14:00.771,0,51,0,0,0,1,3,0,0,0,0,E3,8,0D,0A,0D
8444,2026-05-21 11:14:00.782,0,0,0,0,51,0,0,0,1,3,0,0,0,0,E3,8
8445,2026-05-21 11:14:00.987,0D,0A,0D,0,0,0,0,50,0,0,0,1,3,0,0,0
8446,2026-05-21 11:14:01.197,0,E5,8,0D,0A,0D,0,0,0,0,4F,0,0,0,1,3
8447,2026-05-21 11:14:01.405,0,0,0,0,E5,8,0D,0A,0D,0,0,0,0,4E,0,0
8448,2026-05-21 11:14:01.614,0,1,3,0,0,0,0,E5,8,0D,0A,0D,0,0,0,0
8449,2026-05-21 11:14:01.811,50,0,0,0,1,3,0,0,0,0,E5,8,0D,0A,0D,0
8450,2026-05-21 11:14:01.833,0,0,0,4F,0,0,0,1,3,0,0,0,0,E5,8,0D
8451,2026-05-21 11:14:02.032,0A,0D,0,0,0,0,50,0,0,0,1,3,0,0,0,0
8452,2026-05-21 11:14:02.249,E5,8,0D,0A,0D,0,0,0,0,4F,0,0,0,1,3,0
8453,2026-05-21 11:14:02.457,0,0,0,E5,8,0D,0A,0D,0,0,0,0,4F,0,0,0
8454,2026-05-21 11:14:02.666,1,3,0,0,0,0,E3,8,0D,0A,0D,0,0,0,0,4F
8455,2026-05-21 11:14:02.875,0,0,0,1,3,0,0,0,0,E5,8,0D,0A,0D,0,0
8456,2026-05-21 11:14:02.891,0,0,50,0,0,0,1,3,0,0,0,0,E3,8,0D,0A
8457,2026-05-21 11:14:03.092,0D,0,0,0,0,50,0,0,0,1,3,0,0,0,0,E5
8458,2026-05-21 11:14:03.300,8,0D,0A,0D,0,0,0,0,52,0,0,0,1,3,0,0
8459,2026-05-21 11:14:03.513,0,0,E5,8,0D,0A,0D,0,0,0,0,52,0,0,0,1
8460,2026-05-21 11:14:03.717,3,0,0,0,0,E5,8,0D,0A,0D,0,0,0,0,52,0
8461,2026-05-21 11:14:03.927,0,0,1,3,0,0,0,0,E3,8,0D,0A,0D,0,0,0
8462,2026-05-21 11:14:04.135,0,52,0,0,0,1,3,0,0,0,0,E5,8,0D,0A,0D
8463,2026-05-21 11:14:04.145,0,0,0,0,52,0,0,0,1,3,0,0,0,0,E5,8
8464,2026-05-21 11:14:04.352,0D,0A,0D,0,0,0,0,55,0,0,0,1,3,0,0,0
8465,2026-05-21 11:14:04.561,0,E5,8,0D,0A,0D,0,0,0,0,52,0,0,0,1,3
8466,2026-05-21 11:14:04.769,0,0,0,0,E5,8,0D,0A,0D,0,0,0,0,50,0,0
8467,2026-05-21 11:14:04.982,0,1,3,0,0,0,0,E5,8,0D,0A,0D,0,0,0,0
8468,2026-05-21 11:14:05.187,51,0,0,0,1,3,0,0,0,0,E3,8,0D,0A,0D,0
8469,2026-05-21 11:14:05.198,0,0,0,51,0,0,0,1,3,0,0,0,0,E5,8,0D
8470,2026-05-21 11:14:05.405,0A,0D,0,0,0,0,50,0,0,0,1,3,0,0,0,0
8471,2026-05-21 11:14:05.613,E3,8,0D,0A,0D,0,0,0,0,51,0,0,0,1,3,0
8472,2026-05-21 11:14:05.811,0,0,0,E3,8,0D,0A,0D,0,0,0,0,51,0,0,0
8473,2026-05-21 11:14:06.029,1,3,0,0,0,0,E5,8,0D,0A,0D,0,0,0,0,50
8474,2026-05-21 11:14:06.239,0,0,0,1,3,0,0,0,0,E5,8,0D,0A,0D,0,0
8475,2026-05-21 11:14:06.250,0,0,4F,0,0,0,1,3,0,0,0,0,E5,8,0D,0A
8476,2026-05-21 11:14:06.457,0D,0,0,0,0,50,0,0,0,1,3,0,0,0,0,E5
8477,2026-05-21 11:14:06.666,8,0D,0A,0D,0,0,0,0,50,0,0,0,1,3,0,0
8478,2026-05-21 11:14:06.877,0,0,E5,8,0D,0A,0D,0,0,0,0,50,0,0,0,1
8479,2026-05-21 11:14:07.099,3,0,0,0,0,E5,8,0D,0A,0D,0,0,0,0,50,0
8480,2026-05-21 11:14:07.294,0,0,1,3,0,0,0,0,E5,8,0D,0A,0D,0,0,0
8481,2026-05-21 11:14:07.511,0,51,0,0,0,1,3,0,0,0,0,E5,8,0D,0A,0D
8482,2026-05-21 11:14:07.522,0,0,0,0,51,0,0,0,1,3,0,0,0,0,E3,8
8483,2026-05-21 11:14:07.717,0D,0A,0D,0,0,0,0,51,0,0,0,1,3,0,0,0
8484,2026-05-21 11:14:07.926,0,E5,8,0D,0A,0D,0,0,0,0,50,0,0,0,1,3
8485,2026-05-21 11:14:08.134,0,0,0,0,E5,8,0D,0A,0D,0,0,0,0,51,0,0
8486,2026-05-21 11:14:08.343,0,1,3,0,0,0,0,E5,8,0D,0A,0D,0,0,0,0
8487,2026-05-21 11:14:08.551,51,0,0,0,1,3,0,0,0,0,E3,8,0D,0A,0D,0
8488,2026-05-21 11:14:08.561,0,0,0,52,0,0,0,1,3,0,0,0,0,E5,8,0D
8489,2026-05-21 11:14:08.770,0A,0D,0,0,0,0,52,0,0,0,1,3,0,0,0,0
8490,2026-05-21 11:14:08.978,E5,8,0D,0A,0D,0,0,0,0,52,0,0,0,1,3,0
8491,2026-05-21 11:14:09.187,0,0,0,E5,8,0D,0A,0D,0,0,0,0,51,0,0,0
8492,2026-05-21 11:14:09.385,1,3,0,0,0,0,E5,8,0D,0A,0D,0,0,0,0,51
8493,2026-05-21 11:14:09.604,0,0,0,1,3,0,0,0,0,E5,8,0D,0A,0D,0,0
8494,2026-05-21 11:14:09.615,0,0,51,0,0,0,1,3,0,0,0,0,E3,8,0D,0A
8495,2026-05-21 11:14:09.822,0D,0,0,0,0,52,0,0,0,1,3,0,0,0,0,E5
8496,2026-05-21 11:14:10.030,8,0D,0A,0D,0,0,0,0,52,0,0,0,1,3,0,0
8497,2026-05-21 11:14:10.239,0,0,E5,8,0D,0A,0D,0,0,0,0,52,0,0,0,1
8498,2026-05-21 11:14:10.448,3,0,0,0,0,E5,8,0D,0A,0D,0,0,0,0,52,0
8499,2026-05-21 11:14:10.656,0,0,1,3,0,0,0,0,E3,8,0D,0A,0D,0,0,0
8500,2026-05-21 11:14:10.865,0,52,0,0,0,1,3,0,0,0,0,E3,8,0D,0A,0D
8501,2026-05-21 11:14:10.877,0,0,0,0,52,0,0,0,1,3,0,0,0,0,E5,8
8502,2026-05-21 11:14:11.091,0D,0A,0D,0,0,0,0,52,0,0,0,1,3,0,0,0
8503,2026-05-21 11:14:11.291,0,E5,8,0D,0A,0D,0,0,0,0,53,0,0,0,1,3
8504,2026-05-21 11:14:11.500,0,0,0,0,E5,8,0D,0A,0D,0,0,0,0,52,0,0
8505,2026-05-21 11:14:11.709,0,1,3,0,0,0,0,E5,8,0D,0A,0D,0,0,0,0
8506,2026-05-21 11:14:11.917,52,0,0,0,1,3,0,0,0,0,E5,8,0D,0A,0D,0
8507,2026-05-21 11:14:11.930,0,0,0,51,0,0,0,1,3,0,0,0,0,E3,8,0D
8508,2026-05-21 11:14:12.134,0A,0D,0,0,0,0,52,0,0,0,1,3,0,0,0,0
8509,2026-05-21 11:14:12.343,E3,8,0D,0A,0D,0,0,0,0,52,0,0,0,1,3,0
8510,2026-05-21 11:14:12.552,0,0,0,E5,8,0D,0A,0D,0,0,0,0,54,0,0,0
8511,2026-05-21 11:14:12.760,1,3,0,0,0,0,E5,8,0D,0A,0D,0,0,0,0,53
8512,2026-05-21 11:14:12.970,0,0,0,1,3,0,0,0,0,E3,8,0D,0A,0D,0,0
8513,2026-05-21 11:14:12.979,0,0,53,0,0,0,1,3,0,0,0,0,E3,8,0D,0A
8514,2026-05-21 11:14:13.187,0D,0,0,0,0,52,0,0,0,1,3,0,0,0,0,E5
8515,2026-05-21 11:14:13.396,8,0D,0A,0D,0,0,0,0,53,0,0,0,1,3,0,0
8516,2026-05-21 11:14:13.605,0,0,E3,8,0D,0A,0D,0,0,0,0,52,0,0,0,1
8517,2026-05-21 11:14:13.812,3,0,0,0,0,E5,8,0D,0A,0D,0,0,0,0,52,0
8518,2026-05-21 11:14:14.022,0,0,1,3,0,0,0,0,E5,8,0D,0A,0D,0,0,0
8519,2026-05-21 11:14:14.230,0,51,0,0,0,1,3,0,0,0,0,E5,8,0D,0A,0D
8520,2026-05-21 11:14:14.240,0,0,0,0,52,0,0,0,1,3,0,0,0,0,E5,8
8521,2026-05-21 11:14:14.448,0D,0A,0D,0,0,0,0,52,0,0,0,1,3,0,0,0
8522,2026-05-21 11:14:14.656,0,E5,8,0D,0A,0D,0,0,0,0,52,0,0,0,1,3
8523,2026-05-21 11:14:14.865,0,0,0,0,E5,8,0D,0A,0D,0,0,0,0,52,0,0
8524,2026-05-21 11:14:15.073,0,1,3,0,0,0,0,E5,8,0D,0A,0D,0,0,0,0
8525,2026-05-21 11:14:15.284,52,0,0,0,1,3,0,0,0,0,E5,8,0D,0A,0D,0
8526,2026-05-21 11:14:15.306,0,0,0,51,0,0,0,1,3,0,0,0,0,E5,8,0D
8527,2026-05-21 11:14:15.500,0A,0D,0,0,0,0,51,0,0,0,1,3,0,0,0,0
8528,2026-05-21 11:14:15.708,E7,8,0D,0A,0D,0,0,0,0,55,0,0,0,1,3,0
8529,2026-05-21 11:14:15.918,0,0,0,E5,8,0D,0A,0D,0,0,0,0,54,0,0,0
8530,2026-05-21 11:14:16.127,1,3,0,0,0,0,E3,8,0D,0A,0D,0,0,0,0,54
8531,2026-05-21 11:14:16.339,0,0,0,1,3,0,0,0,0,E5,8,0D,0A,0D,0,0
8532,2026-05-21 11:14:16.351,0,0,54,0,0,0,1,3,0,0,0,0,E5,8,0D,0A
8533,2026-05-21 11:14:16.552,0D,0,0,0,0,54,0,0,0,1,3,0,0,0,0,E5
8534,2026-05-21 11:14:16.760,8,0D,0A,0D,0,0,0,0,54,0,0,0,1,3,0,0
8535,2026-05-21 11:14:16.970,0,0,E3,8,0D,0A,0D,0,0,0,0,54,0,0,0,1
8536,2026-05-21 11:14:17.178,3,0,0,0,0,E5,8,0D,0A,0D,0,0,0,0,54,0
8537,2026-05-21 11:14:17.387,0,0,1,3,0,0,0,0,E3,8,0D,0A,0D,0,0,0
8538,2026-05-21 11:14:17.595,0,54,0,0,0,1,3,0,0,0,0,E5,8,0D,0A,0D
8539,2026-05-21 11:14:17.606,0,0,0,0,54,0,0,0,1,3,0,0,0,0,E5,8
8540,2026-05-21 11:14:17.810,0D,0A,0D,0,0,0,0,53,0,0,0,1,3,0,0,0
8541,2026-05-21 11:14:18.009,0,E5,8,0D,0A,0D,0,0,0,0,52,0,0,0,1,3
8542,2026-05-21 11:14:18.230,0,0,0,0,E5,8,0D,0A,0D,0,0,0,0,50,0,0
8543,2026-05-21 11:14:18.441,0,1,3,0,0,0,0,E3,8,0D,0A,0D,0,0,0,0
8544,2026-05-21 11:14:18.648,50,0,0,0,1,3,0,0,0,0,E5,8,0D,0A,0D,0
8545,2026-05-21 11:14:18.658,0,0,0,52,0,0,0,1,3,0,0,0,0,E5,8,0D
8546,2026-05-21 11:14:18.865,0A,0D,0,0,0,0,50,0,0,0,1,3,0,0,0,0
8547,2026-05-21 11:14:19.074,E5,8,0D,0A,0D,0,0,0,0,50,0,0,0,1,3,0
8548,2026-05-21 11:14:19.283,0,0,0,E5,8,0D,0A,0D,0,0,0,0,50,0,0,0
8549,2026-05-21 11:14:19.498,1,3,0,0,0,0,E7,8,0D,0A,0D,0,0,0,0,54
8550,2026-05-21 11:14:19.700,0,0,0,1,3,0,0,0,0,E3,8,0D,0A,0D,0,0
8551,2026-05-21 11:14:19.710,0,0,55,0,0,0,1,3,0,0,0,0,E3,8,0D,0A
8552,2026-05-21 11:14:19.917,0D,0,0,0,0,55,0,0,0,1,3,0,0,0,0,E5
8553,2026-05-21 11:14:20.126,8,0D,0A,0D,0,0,0,0,55,0,0,0,1,3,0,0
8554,2026-05-21 11:14:20.335,0,0,E5,8,0D,0A,0D,0,0,0,0,54,0,0,0,1
8555,2026-05-21 11:14:20.543,3,0,0,0,0,E5,8,0D,0A,0D,0,0,0,0,52,0
8556,2026-05-21 11:14:20.751,0,0,1,3,0,0,0,0,E5,8,0D,0A,0D,0,0,0
8557,2026-05-21 11:14:20.961,0,52,0,0,0,1,3,0,0,0,0,E5,8,0D,0A,0D
8558,2026-05-21 11:14:20.971,0,0,0,0,52,0,0,0,1,3,0,0,0,0,E3,8
8559,2026-05-21 11:14:21.223,0D,0A,0D,0,0,0,0,54,0,0,0,1,3,0,0,0
8560,2026-05-21 11:14:21.419,0,E5,8,0D,0A,0D,0,0,0,0,55,0,0,0,1,3
8561,2026-05-21 11:14:21.596,0,0,0,0,E5,8,0D,0A,0D,0,0,0,0,52,0,0
8562,2026-05-21 11:14:21.803,0,1,3,0,0,0,0,E5,8,0D,0A,0D,0,0,0,0
8563,2026-05-21 11:14:22.015,52,0,0,0,1,3,0,0,0,0,E3,8,0D,0A,0D,0
8564,2026-05-21 11:14:22.037,0,0,0,52,0,0,0,1,3,0,0,0,0,E5,8,0D
8565,2026-05-21 11:14:22.230,0A,0D,0,0,0,0,52,0,0,0,1,3,0,0,0,0
8566,2026-05-21 11:14:22.438,E3,8,0D,0A,0D,0,0,0,0,52,0,0,0,1,3,0
8567,2026-05-21 11:14:22.647,0,0,0,E5,8,0D,0A,0D,0,0,0,0,52,0,0,0
8568,2026-05-21 11:14:22.856,1,3,0,0,0,0,E5,8,0D,0A,0D,0,0,0,0,52
8569,2026-05-21 11:14:23.065,0,0,0,1,3,0,0,0,0,E5,8,0D,0A,0D,0,0
8570,2026-05-21 11:14:23.074,0,0,52,0,0,0,1,3,0,0,0,0,E5,8,0D,0A
8571,2026-05-21 11:14:23.282,0D,0,0,0,0,52,0,0,0,1,3,0,0,0,0,E5
8572,2026-05-21 11:14:23.490,8,0D,0A,0D,0,0,0,0,52,0,0,0,1,3,0,0
8573,2026-05-21 11:14:23.700,0,0,E5,8,0D,0A,0D,0,0,0,0,52,0,0,0,1
8574,2026-05-21 11:14:23.908,3,0,0,0,0,E5,8,0D,0A,0D,0,0,0,0,51,0
8575,2026-05-21 11:14:24.117,0,0,1,3,0,0,0,0,E5,8,0D,0A,0D,0,0,0
8576,2026-05-21 11:14:24.325,0,50,0,0,0,1,3,0,0,0,0,E7,8,0D,0A,0D
8577,2026-05-21 11:14:24.337,0,0,0,0,50,0,0,0,1,3,0,0,0,0,E5,8
8578,2026-05-21 11:14:24.543,0D,0A,0D,0,0,0,0,50,0,0,0,1,3,0,0,0
8579,2026-05-21 11:14:24.751,0,E5,8,0D,0A,0D,0,0,0,0,52,0,0,0,1,3
8580,2026-05-21 11:14:24.960,0,0,0,0,E5,8,0D,0A,0D,0,0,0,0,52,0,0
8581,2026-05-21 11:14:25.169,0,1,3,0,0,0,0,E7,8,0D,0A,0D,0,0,0,0
8582,2026-05-21 11:14:25.377,52,0,0,0,1,3,0,0,0,0,E5,8,0D,0A,0D,0
8583,2026-05-21 11:14:25.387,0,0,0,52,0,0,0,1,3,0,0,0,0,E5,8,0D
8584,2026-05-21 11:14:25.594,0A,0D,0,0,0,0,52,0,0,0,1,3,0,0,0,0
8585,2026-05-21 11:14:25.802,E5,8,0D,0A,0D,0,0,0,0,54,0,0,0,1,3,0
8586,2026-05-21 11:14:25.998,0,0,0,E5,8,0D,0A,0D,0,0,0,0,55,0,0,0
8587,2026-05-21 11:14:26.220,1,3,0,0,0,0,E5,8,0D,0A,0D,0,0,0,0,56
8588,2026-05-21 11:14:26.429,0,0,0,1,3,0,0,0,0,E5,8,0D,0A,0D,0,0
8589,2026-05-21 11:14:26.439,0,0,56,0,0,0,1,3,0,0,0,0,E5,8,0D,0A
8590,2026-05-21 11:14:26.647,0D,0,0,0,0,54,0,0,0,1,3,0,0,0,0,E5
8591,2026-05-21 11:14:26.855,8,0D,0A,0D,0,0,0,0,53,0,0,0,1,3,0,0
8592,2026-05-21 11:14:27.063,0,0,E5,8,0D,0A,0D,0,0,0,0,55,0,0,0,1
8593,2026-05-21 11:14:27.273,3,0,0,0,0,E5,8,0D,0A,0D,0,0,0,0,52,0
8594,2026-05-21 11:14:27.481,0,0,1,3,0,0,0,0,E5,8,0D,0A,0D,0,0,0
8595,2026-05-21 11:14:27.690,0,55,0,0,0,1,3,0,0,0,0,E3,8,0D,0A,0D
8596,2026-05-21 11:14:27.700,0,0,0,0,55,0,0,0,1,3,0,0,0,0,E5,8
8597,2026-05-21 11:14:27.907,0D,0A,0D,0,0,0,0,55,0,0,0,1,3,0,0,0
8598,2026-05-21 11:14:28.115,0,E5,8,0D,0A,0D,0,0,0,0,55,0,0,0,1,3
8599,2026-05-21 11:14:28.324,0,0,0,0,E5,8,0D,0A,0D,0,0,0,0,55,0,0
8600,2026-05-21 11:14:28.533,0,1,3,0,0,0,0,E5,8,0D,0A,0D,0,0,0,0
8601,2026-05-21 11:14:28.741,55,0,0,0,1,3,0,0,0,0,E5,8,0D,0A,0D,0
8602,2026-05-21 11:14:28.752,0,0,0,55,0,0,0,1,3,0,0,0,0,E5,8,0D
8603,2026-05-21 11:14:28.959,0A,0D,0,0,0,0,55,0,0,0,1,3,0,0,0,0
8604,2026-05-21 11:14:29.167,E5,8,0D,0A,0D,0,0,0,0,55,0,0,0,1,3,0
8605,2026-05-21 11:14:29.377,0,0,0,E5,8,0D,0A,0D,0,0,0,0,54,0,0,0
8606,2026-05-21 11:14:29.585,1,3,0,0,0,0,E3,8,0D,0A,0D,0,0,0,0,54
8607,2026-05-21 11:14:29.789,0,0,0,1,3,0,0,0,0,E5,8,0D,0A,0D,0,0
8608,2026-05-21 11:14:29.798,0,0,53,0,0,0,1,3,0,0,0,0,E5,8,0D,0A
8609,2026-05-21 11:14:30.009,0D,0,0,0,0,54,0,0,0,1,3,0,0,0,0,E5
8610,2026-05-21 11:14:30.219,8,0D,0A,0D,0,0,0,0,55,0,0,0,1,3,0,0
8611,2026-05-21 11:14:30.428,0,0,E5,8,0D,0A,0D,0,0,0,0,55,0,0,0,1
8612,2026-05-21 11:14:30.637,3,0,0,0,0,E3,8,0D,0A,0D,0,0,0,0,55,0
8613,2026-05-21 11:14:30.846,0,0,1,3,0,0,0,0,E5,8,0D,0A,0D,0,0,0
8614,2026-05-21 11:14:31.054,0,55,0,0,0,1,3,0,0,0,0,E5,8,0D,0A,0D
8615,2026-05-21 11:14:31.064,0,0,0,0,55,0,0,0,1,3,0,0,0,0,E7,8
8616,2026-05-21 11:14:31.271,0D,0A,0D,0,0,0,0,55,0,0,0,1,3,0,0,0
8617,2026-05-21 11:14:31.480,0,E5,8,0D,0A,0D,0,0,0,0,54,0,0,0,1,3
8618,2026-05-21 11:14:31.689,0,0,0,0,E5,8,0D,0A,0D,0,0,0,0,54,0,0
8619,2026-05-21 11:14:31.898,0,1,3,0,0,0,0,E5,8,0D,0A,0D,0,0,0,0
8620,2026-05-21 11:14:32.106,53,0,0,0,1,3,0,0,0,0,E5,8,0D,0A,0D,0
8621,2026-05-21 11:14:32.116,0,0,0,54,0,0,0,1,3,0,0,0,0,E3,8,0D
8622,2026-05-21 11:14:32.324,0A,0D,0,0,0,0,54,0,0,0,1,3,0,0,0,0
8623,2026-05-21 11:14:32.535,E3,8,0D,0A,0D,0,0,0,0,55,0,0,0,1,3,0
8624,2026-05-21 11:14:32.741,0,0,0,E5,8,0D,0A,0D,0,0,0,0,57,0,0,0
8625,2026-05-21 11:14:32.949,1,3,0,0,0,0,E5,8,0D,0A,0D,0,0,0,0,55
8626,2026-05-21 11:14:33.158,0,0,0,1,3,0,0,0,0,E5,8,0D,0A,0D,0,0
8627,2026-05-21 11:14:33.168,0,0,55,0,0,0,1,3,0,0,0,0,E5,8,0D,0A
8628,2026-05-21 11:14:33.376,0D,0,0,0,0,54,0,0,0,1,3,0,0,0,0,E5
8629,2026-05-21 11:14:33.584,8,0D,0A,0D,0,0,0,0,53,0,0,0,1,3,0,0
8630,2026-05-21 11:14:33.793,0,0,E5,8,0D,0A,0D,0,0,0,0,54,0,0,0,1
8631,2026-05-21 11:14:33.994,3,0,0,0,0,E5,8,0D,0A,0D,0,0,0,0,54,0
8632,2026-05-21 11:14:34.210,0,0,1,3,0,0,0,0,E5,8,0D,0A,0D,0,0,0
8633,2026-05-21 11:14:34.419,0,54,0,0,0,1,3,0,0,0,0,E5,8,0D,0A,0D
8634,2026-05-21 11:14:34.432,0,0,0,0,55,0,0,0,1,3,0,0,0,0,E5,8
8635,2026-05-21 11:14:34.637,0D,0A,0D,0,0,0,0,55,0,0,0,1,3,0,0,0
8636,2026-05-21 11:14:34.845,0,E5,8,0D,0A,0D,0,0,0,0,54,0,0,0,1,3
8637,2026-05-21 11:14:35.054,0,0,0,0,E5,8,0D,0A,0D,0,0,0,0,54,0,0
8638,2026-05-21 11:14:35.263,0,1,3,0,0,0,0,E5,8,0D,0A,0D,0,0,0,0
8639,2026-05-21 11:14:35.471,53,0,0,0,1,3,0,0,0,0,E5,8,0D,0A,0D,0
8640,2026-05-21 11:14:35.481,0,0,0,53,0,0,0,1,3,0,0,0,0,E5,8,0D
8641,2026-05-21 11:14:35.689,0A,0D,0,0,0,0,52,0,0,0,1,3,0,0,0,0
8642,2026-05-21 11:14:35.897,E5,8,0D,0A,0D,0,0,0,0,51,0,0,0,1,3,0
8643,2026-05-21 11:14:36.106,0,0,0,E5,8,0D,0A,0D,0,0,0,0,51,0,0,0
8644,2026-05-21 11:14:36.315,1,3,0,0,0,0,E3,8,0D,0A,0D,0,0,0,0,4F
8645,2026-05-21 11:14:36.524,0,0,0,1,3,0,0,0,0,E5,8,0D,0A,0D,0,0
8646,2026-05-21 11:14:36.537,0,0,4D,0,0,0,1,3,0,0,0,0,E5,8,0D,0A
8647,2026-05-21 11:14:36.741,0D,0,0,0,0,4C,0,0,0,1,3,0,0,0,0,E3
8648,2026-05-21 11:14:36.950,8,0D,0A,0D,0,0,0,0,4D,0,0,0,1,3,0,0
8649,2026-05-21 11:14:37.158,0,0,E3,8,0D,0A,0D,0,0,0,0,4D,0,0,0,1
8650,2026-05-21 11:14:37.367,3,0,0,0,0,E5,8,0D,0A,0D,0,0,0,0,4F,0
8651,2026-05-21 11:14:37.575,0,0,1,3,0,0,0,0,E5,8,0D,0A,0D,0,0,0
8652,2026-05-21 11:14:37.776,0,50,0,0,0,1,3,0,0,0,0,E5,8,0D,0A,0D
8653,2026-05-21 11:14:37.796,0,0,0,0,53,0,0,0,1,3,0,0,0,0,E5,8
8654,2026-05-21 11:14:37.997,0D,0A,0D,0,0,0,0,54,0,0,0,1,3,0,0,0
8655,2026-05-21 11:14:38.211,0,E5,8,0D,0A,0D,0,0,0,0,53,0,0,0,1,3
8656,2026-05-21 11:14:38.419,0,0,0,0,E5,8,0D,0A,0D,0,0,0,0,52,0,0
8657,2026-05-21 11:14:38.627,0,1,3,0,0,0,0,E3,8,0D,0A,0D,0,0,0,0
8658,2026-05-21 11:14:38.837,52,0,0,0,1,3,0,0,0,0,E5,8,0D,0A,0D,0
8659,2026-05-21 11:14:38.846,0,0,0,53,0,0,0,1,3,0,0,0,0,E3,8,0D
8660,2026-05-21 11:14:39.054,0A,0D,0,0,0,0,55,0,0,0,1,3,0,0,0,0
8661,2026-05-21 11:14:39.262,E5,8,0D,0A,0D,0,0,0,0,55,0,0,0,1,3,0
8662,2026-05-21 11:14:39.471,0,0,0,E5,8,0D,0A,0D,0,0,0,0,55,0,0,0
8663,2026-05-21 11:14:39.679,1,3,0,0,0,0,E5,8,0D,0A,0D,0,0,0,0,54
8664,2026-05-21 11:14:39.888,0,0,0,1,3,0,0,0,0,E5,8,0D,0A,0D,0,0
8665,2026-05-21 11:14:39.897,0,0,52,0,0,0,1,3,0,0,0,0,E5,8,0D,0A
8666,2026-05-21 11:14:40.106,0D,0,0,0,0,53,0,0,0,1,3,0,0,0,0,E5
8667,2026-05-21 11:14:40.315,8,0D,0A,0D,0,0,0,0,53,0,0,0,1,3,0,0
8668,2026-05-21 11:14:40.523,0,0,E5,8,0D,0A,0D,0,0,0,0,53,0,0,0,1
8669,2026-05-21 11:14:40.732,3,0,0,0,0,E5,8,0D,0A,0D,0,0,0,0,54,0
8670,2026-05-21 11:14:40.940,0,0,1,3,0,0,0,0,E5,8,0D,0A,0D,0,0,0
8671,2026-05-21 11:14:41.148,0,54,0,0,0,1,3,0,0,0,0,E5,8,0D,0A,0D
8672,2026-05-21 11:14:41.159,0,0,0,0,55,0,0,0,1,3,0,0,0,0,E5,8
8673,2026-05-21 11:14:41.366,0D,0A,0D,0,0,0,0,54,0,0,0,1,3,0,0,0
8674,2026-05-21 11:14:41.574,0,E3,8,0D,0A,0D,0,0,0,0,52,0,0,0,1,3
8675,2026-05-21 11:14:41.773,0,0,0,0,E5,8,0D,0A,0D,0,0,0,0,52,0,0
8676,2026-05-21 11:14:41.990,0,1,3,0,0,0,0,E5,8,0D,0A,0D,0,0,0,0
8677,2026-05-21 11:14:42.201,53,0,0,0,1,3,0,0,0,0,E5,8,0D,0A,0D,0
8678,2026-05-21 11:14:42.211,0,0,0,53,0,0,0,1,3,0,0,0,0,E5,8,0D
8679,2026-05-21 11:14:42.418,0A,0D,0,0,0,0,52,0,0,0,1,3,0,0,0,0
8680,2026-05-21 11:14:42.627,E5,8,0D,0A,0D,0,0,0,0,51,0,0,0,1,3,0
8681,2026-05-21 11:14:42.836,0,0,0,E5,8,0D,0A,0D,0,0,0,0,51,0,0,0
8682,2026-05-21 11:14:43.045,1,3,0,0,0,0,E3,8,0D,0A,0D,0,0,0,0,51
8683,2026-05-21 11:14:43.253,0,0,0,1,3,0,0,0,0,E3,8,0D,0A,0D,0,0
8684,2026-05-21 11:14:43.263,0,0,52,0,0,0,1,3,0,0,0,0,E5,8,0D,0A
8685,2026-05-21 11:14:43.471,0D,0,0,0,0,52,0,0,0,1,3,0,0,0,0,E3
8686,2026-05-21 11:14:43.679,8,0D,0A,0D,0,0,0,0,52,0,0,0,1,3,0,0
8687,2026-05-21 11:14:43.888,0,0,E5,8,0D,0A,0D,0,0,0,0,52,0,0,0,1
8688,2026-05-21 11:14:44.096,3,0,0,0,0,E5,8,0D,0A,0D,0,0,0,0,50,0
8689,2026-05-21 11:14:44.305,0,0,1,3,0,0,0,0,E5,8,0D,0A,0D,0,0,0
8690,2026-05-21 11:14:44.514,0,50,0,0,0,1,3,0,0,0,0,E5,8,0D,0A,0D
8691,2026-05-21 11:14:44.524,0,0,0,0,50,0,0,0,1,3,0,0,0,0,E5,8
8692,2026-05-21 11:14:44.731,0D,0A,0D,0,0,0,0,50,0,0,0,1,3,0,0,0
8693,2026-05-21 11:14:44.939,0,E5,8,0D,0A,0D,0,0,0,0,52,0,0,0,1,3
8694,2026-05-21 11:14:45.149,0,0,0,0,E5,8,0D,0A,0D,0,0,0,0,52,0,0
8695,2026-05-21 11:14:45.357,0,1,3,0,0,0,0,E5,8,0D,0A,0D,0,0,0,0
8696,2026-05-21 11:14:45.566,52,0,0,0,1,3,0,0,0,0,E5,8,0D,0A,0D,0
8697,2026-05-21 11:14:45.576,0,0,0,52,0,0,0,1,3,0,0,0,0,E5,8,0D
8698,2026-05-21 11:14:45.776,0A,0D,0,0,0,0,52,0,0,0,1,3,0,0,0,0
8699,2026-05-21 11:14:45.988,E7,8,0D,0A,0D,0,0,0,0,52,0,0,0,1,3,0
8700,2026-05-21 11:14:46.201,0,0,0,E5,8,0D,0A,0D,0,0,0,0,50,0,0,0
8701,2026-05-21 11:14:46.409,1,3,0,0,0,0,E5,8,0D,0A,0D,0,0,0,0,51
8702,2026-05-21 11:14:46.618,0,0,0,1,3,0,0,0,0,E5,8,0D,0A,0D,0,0
8703,2026-05-21 11:14:46.628,0,0,51,0,0,0,1,3,0,0,0,0,E5,8,0D,0A
8704,2026-05-21 11:14:46.835,0D,0,0,0,0,50,0,0,0,1,3,0,0,0,0,E5
8705,2026-05-21 11:14:47.043,8,0D,0A,0D,0,0,0,0,50,0,0,0,1,3,0,0
8706,2026-05-21 11:14:47.253,0,0,E5,8,0D,0A,0D,0,0,0,0,50,0,0,0,1
8707,2026-05-21 11:14:47.461,3,0,0,0,0,E5,8,0D,0A,0D,0,0,0,0,50,0
8708,2026-05-21 11:14:47.670,0,0,1,3,0,0,0,0,E5,8,0D,0A,0D,0,0,0
8709,2026-05-21 11:14:47.879,0,50,0,0,0,1,3,0,0,0,0,E5,8,0D,0A,0D
8710,2026-05-21 11:14:47.889,0,0,0,0,50,0,0,0,1,3,0,0,0,0,E5,8
8711,2026-05-21 11:14:48.097,0D,0A,0D,0,0,0,0,50,0,0,0,1,3,0,0,0
8712,2026-05-21 11:14:48.305,0,E5,8,0D,0A,0D,0,0,0,0,50,0,0,0,1,3
8713,2026-05-21 11:14:48.513,0,0,0,0,E5,8,0D,0A,0D,0,0,0,0,50,0,0
8714,2026-05-21 11:14:48.722,0,1,3,0,0,0,0,E5,8,0D,0A,0D,0,0,0,0
8715,2026-05-21 11:14:48.931,50,0,0,0,1,3,0,0,0,0,E5,8,0D,0A,0D,0
8716,2026-05-21 11:14:48.940,0,0,0,50,0,0,0,1,3,0,0,0,0,E5,8,0D
8717,2026-05-21 11:14:49.147,0A,0D,0,0,0,0,4F,0,0,0,1,3,0,0,0,0
8718,2026-05-21 11:14:49.357,E5,8,0D,0A,0D,0,0,0,0,4F,0,0,0,1,3,0
8719,2026-05-21 11:14:49.566,0,0,0,E5,8,0D,0A,0D,0,0,0,0,50,0,0,0
8720,2026-05-21 11:14:49.768,1,3,0,0,0,0,E5,8,0D,0A,0D,0,0,0,0,52
8721,2026-05-21 11:14:49.970,0,0,0,1,3,0,0,0,0,E3,8,0D,0A,0D,0,0
8722,2026-05-21 11:14:49.997,0,0,4F,0,0,0,1,3,0,0,0,0,E5,8,0D,0A
8723,2026-05-21 11:14:50.200,0D,0,0,0,0,50,0,0,0,1,3,0,0,0,0,E7
8724,2026-05-21 11:14:50.408,8,0D,0A,0D,0,0,0,0,50,0,0,0,1,3,0,0
8725,2026-05-21 11:14:50.617,0,0,E5,8,0D,0A,0D,0,0,0,0,50,0,0,0,1
8726,2026-05-21 11:14:50.831,3,0,0,0,0,E5,8,0D,0A,0D,0,0,0,0,50,0
8727,2026-05-21 11:14:51.034,0,0,1,3,0,0,0,0,E5,8,0D,0A,0D,0,0,0
8728,2026-05-21 11:14:51.243,0,4F,0,0,0,1,3,0,0,0,0,E3,8,0D,0A,0D
8729,2026-05-21 11:14:51.254,0,0,0,0,4E,0,0,0,1,3,0,0,0,0,E5,8
8730,2026-05-21 11:14:51.461,0D,0A,0D,0,0,0,0,50,0,0,0,1,3,0,0,0
8731,2026-05-21 11:14:51.669,0,E3,8,0D,0A,0D,0,0,0,0,51,0,0,0,1,3
8732,2026-05-21 11:14:51.878,0,0,0,0,E5,8,0D,0A,0D,0,0,0,0,51,0,0
8733,2026-05-21 11:14:52.086,0,1,3,0,0,0,0,E3,8,0D,0A,0D,0,0,0,0
8734,2026-05-21 11:14:52.295,52,0,0,0,1,3,0,0,0,0,E5,8,0D,0A,0D,0
8735,2026-05-21 11:14:52.312,0,0,0,52,0,0,0,1,3,0,0,0,0,E5,8,0D
8736,2026-05-21 11:14:52.512,0A,0D,0,0,0,0,52,0,0,0,1,3,0,0,0,0
8737,2026-05-21 11:14:52.721,E3,8,0D,0A,0D,0,0,0,0,52,0,0,0,1,3,0
8738,2026-05-21 11:14:52.938,0,0,0,E5,8,0D,0A,0D,0,0,0,0,50,0,0,0
8739,2026-05-21 11:14:53.138,1,3,0,0,0,0,E3,8,0D,0A,0D,0,0,0,0,4F
8740,2026-05-21 11:14:53.347,0,0,0,1,3,0,0,0,0,E5,8,0D,0A,0D,0,0
8741,2026-05-21 11:14:53.362,0,0,4F,0,0,0,1,3,0,0,0,0,E5,8,0D,0A
8742,2026-05-21 11:14:53.565,0D,0,0,0,0,50,0,0,0,1,3,0,0,0,0,E5
8743,2026-05-21 11:14:53.770,8,0D,0A,0D,0,0,0,0,50,0,0,0,1,3,0,0
8744,2026-05-21 11:14:53.981,0,0,E5,8,0D,0A,0D,0,0,0,0,51,0,0,0,1
8745,2026-05-21 11:14:54.190,3,0,0,0,0,E5,8,0D,0A,0D,0,0,0,0,50,0
8746,2026-05-21 11:14:54.400,0,0,1,3,0,0,0,0,E5,8,0D,0A,0D,0,0,0
8747,2026-05-21 11:14:54.608,0,51,0,0,0,1,3,0,0,0,0,E3,8,0D,0A,0D
8748,2026-05-21 11:14:54.620,0,0,0,0,51,0,0,0,1,3,0,0,0,0,E3,8
8749,2026-05-21 11:14:54.825,0D,0A,0D,0,0,0,0,51,0,0,0,1,3,0,0,0
8750,2026-05-21 11:14:55.040,0,E5,8,0D,0A,0D,0,0,0,0,51,0,0,0,1,3
8751,2026-05-21 11:14:55.242,0,0,0,0,E5,8,0D,0A,0D,0,0,0,0,51,0,0
8752,2026-05-21 11:14:55.452,0,1,3,0,0,0,0,E5,8,0D,0A,0D,0,0,0,0
8753,2026-05-21 11:14:55.660,54,0,0,0,1,3,0,0,0,0,E5,8,0D,0A,0D,0
8754,2026-05-21 11:14:55.675,0,0,0,50,0,0,0,1,3,0,0,0,0,E5,8,0D
8755,2026-05-21 11:14:55.878,0A,0D,0,0,0,0,51,0,0,0,1,3,0,0,0,0
8756,2026-05-21 11:14:56.086,E7,8,0D,0A,0D,0,0,0,0,4F,0,0,0,1,3,0
8757,2026-05-21 11:14:56.294,0,0,0,E7,8,0D,0A,0D,0,0,0,0,4F,0,0,0
8758,2026-05-21 11:14:56.503,1,3,0,0,0,0,E5,8,0D,0A,0D,0,0,0,0,50
8759,2026-05-21 11:14:56.712,0,0,0,1,3,0,0,0,0,E3,8,0D,0A,0D,0,0
8760,2026-05-21 11:14:56.725,0,0,50,0,0,0,1,3,0,0,0,0,E5,8,0D,0A
8761,2026-05-21 11:14:56.929,0D,0,0,0,0,52,0,0,0,1,3,0,0,0,0,E5
8762,2026-05-21 11:14:57.140,8,0D,0A,0D,0,0,0,0,52,0,0,0,1,3,0,0
8763,2026-05-21 11:14:57.346,0,0,E5,8,0D,0A,0D,0,0,0,0,52,0,0,0,1
8764,2026-05-21 11:14:57.556,3,0,0,0,0,E5,8,0D,0A,0D,0,0,0,0,51,0
8765,2026-05-21 11:14:57.755,0,0,1,3,0,0,0,0,E7,8,0D,0A,0D,0,0,0
8766,2026-05-21 11:14:57.973,0,50,0,0,0,1,3,0,0,0,0,E3,8,0D,0A,0D
8767,2026-05-21 11:14:57.980,0,0,0,0,51,0,0,0,1,3,0,0,0,0,E3,8
8768,2026-05-21 11:14:58.190,0D,0A,0D,0,0,0,0,50,0,0,0,1,3,0,0,0
8769,2026-05-21 11:14:58.398,0,E5,8,0D,0A,0D,0,0,0,0,51,0,0,0,1,3
8770,2026-05-21 11:14:58.607,0,0,0,0,E5,8,0D,0A,0D,0,0,0,0,50,0,0
8771,2026-05-21 11:14:58.815,0,1,3,0,0,0,0,E5,8,0D,0A,0D,0,0,0,0
8772,2026-05-21 11:14:59.024,52,0,0,0,1,3,0,0,0,0,E5,8,0D,0A,0D,0
8773,2026-05-21 11:14:59.034,0,0,0,50,0,0,0,1,3,0,0,0,0,E5,8,0D
8774,2026-05-21 11:14:59.242,0A,0D,0,0,0,0,52,0,0,0,1,3,0,0,0,0
8775,2026-05-21 11:14:59.450,E5,8,0D,0A,0D,0,0,0,0,51,0,0,0,1,3,0
8776,2026-05-21 11:14:59.660,0,0,0,E5,8,0D,0A,0D,0,0,0,0,52,0,0,0
8777,2026-05-21 11:14:59.868,1,3,0,0,0,0,E5,8,0D,0A,0D,0,0,0,0,51
8778,2026-05-21 11:15:00.077,0,0,0,1,3,0,0,0,0,E5,8,0D,0A,0D,0,0
8779,2026-05-21 11:15:00.086,0,0,52,0,0,0,1,3,0,0,0,0,E5,8,0D,0A
8780,2026-05-21 11:15:00.294,0D,0,0,0,0,50,0,0,0,1,3,0,0,0,0,E3
8781,2026-05-21 11:15:00.502,8,0D,0A,0D,0,0,0,0,52,0,0,0,1,3,0,0
8782,2026-05-21 11:15:00.711,0,0,E5,8,0D,0A,0D,0,0,0,0,51,0,0,0,1
8783,2026-05-21 11:15:00.920,3,0,0,0,0,E5,8,0D,0A,0D,0,0,0,0,52,0
8784,2026-05-21 11:15:01.128,0,0,1,3,0,0,0,0,E5,8,0D,0A,0D,0,0,0
8785,2026-05-21 11:15:01.338,0,50,0,0,0,1,3,0,0,0,0,E3,8,0D,0A,0D
8786,2026-05-21 11:15:01.347,0,0,0,0,50,0,0,0,1,3,0,0,0,0,E5,8
8787,2026-05-21 11:15:01.555,0D,0A,0D,0,0,0,0,50,0,0,0,1,3,0,0,0
8788,2026-05-21 11:15:01.762,0,E5,8,0D,0A,0D,0,0,0,0,50,0,0,0,1,3
8789,2026-05-21 11:15:01.969,0,0,0,0,E3,8,0D,0A,0D,0,0,0,0,53,0,0
8790,2026-05-21 11:15:02.181,0,1,3,0,0,0,0,E5,8,0D,0A,0D,0,0,0,0
8791,2026-05-21 11:15:02.389,51,0,0,0,1,3,0,0,0,0,E5,8,0D,0A,0D,0
8792,2026-05-21 11:15:02.400,0,0,0,51,0,0,0,1,3,0,0,0,0,E5,8,0D
8793,2026-05-21 11:15:02.607,0A,0D,0,0,0,0,51,0,0,0,1,3,0,0,0,0
8794,2026-05-21 11:15:02.815,E5,8,0D,0A,0D,0,0,0,0,51,0,0,0,1,3,0
8795,2026-05-21 11:15:03.024,0,0,0,E3,8,0D,0A,0D,0,0,0,0,51,0,0,0
8796,2026-05-21 11:15:03.242,1,3,0,0,0,0,E5,8,0D,0A,0D,0,0,0,0,52
8797,2026-05-21 11:15:03.441,0,0,0,1,3,0,0,0,0,E5,8,0D,0A,0D,0,0
8798,2026-05-21 11:15:03.451,0,0,52,0,0,0,1,3,0,0,0,0,E5,8,0D,0A
8799,2026-05-21 11:15:03.658,0D,0,0,0,0,52,0,0,0,1,3,0,0,0,0,E5
8800,2026-05-21 11:15:03.867,8,0D,0A,0D,0,0,0,0,51,0,0,0,1,3,0,0
8801,2026-05-21 11:15:04.078,0,0,E5,8,0D,0A,0D,0,0,0,0,50,0,0,0,1
8802,2026-05-21 11:15:04.285,3,0,0,0,0,E5,8,0D,0A,0D,0,0,0,0,4F,0
8803,2026-05-21 11:15:04.493,0,0,1,3,0,0,0,0,E5,8,0D,0A,0D,0,0,0
8804,2026-05-21 11:15:04.702,0,4F,0,0,0,1,3,0,0,0,0,E5,8,0D,0A,0D
8805,2026-05-21 11:15:04.712,0,0,0,0,50,0,0,0,1,3,0,0,0,0,E5,8
8806,2026-05-21 11:15:04.919,0D,0A,0D,0,0,0,0,52,0,0,0,1,3,0,0,0
8807,2026-05-21 11:15:05.128,0,E5,8,0D,0A,0D,0,0,0,0,50,0,0,0,1,3
8808,2026-05-21 11:15:05.338,0,0,0,0,E5,8,0D,0A,0D,0,0,0,0,51,0,0
8809,2026-05-21 11:15:05.562,0,1,3,0,0,0,0,E5,8,0D,0A,0D,0,0,0,0
8810,2026-05-21 11:15:05.748,50,0,0,0,1,3,0,0,0,0,E5,8,0D,0A,0D,0
8811,2026-05-21 11:15:05.765,0,0,0,52,0,0,0,1,3,0,0,0,0,E3,8,0D
8812,2026-05-21 11:15:05.966,0A,0D,0,0,0,0,51,0,0,0,1,3,0,0,0,0
8813,2026-05-21 11:15:06.180,E5,8,0D,0A,0D,0,0,0,0,52,0,0,0,1,3,0
8814,2026-05-21 11:15:06.388,0,0,0,E5,8,0D,0A,0D,0,0,0,0,52,0,0,0
8815,2026-05-21 11:15:06.598,1,3,0,0,0,0,E5,8,0D,0A,0D,0,0,0,0,56
8816,2026-05-21 11:15:06.806,0,0,0,1,3,0,0,0,0,E3,8,0D,0A,0D,0,0
8817,2026-05-21 11:15:06.815,0,0,56,0,0,0,1,3,0,0,0,0,E5,8,0D,0A
8818,2026-05-21 11:15:07.023,0D,0,0,0,0,56,0,0,0,1,3,0,0,0,0,E5
8819,2026-05-21 11:15:07.232,8,0D,0A,0D,0,0,0,0,56,0,0,0,1,3,0,0
8820,2026-05-21 11:15:07.440,0,0,E5,8,0D,0A,0D,0,0,0,0,56,0,0,0,1
8821,2026-05-21 11:15:07.649,3,0,0,0,0,E5,8,0D,0A,0D,0,0,0,0,56,0
8822,2026-05-21 11:15:07.857,0,0,1,3,0,0,0,0,E5,8,0D,0A,0D,0,0,0
8823,2026-05-21 11:15:08.066,0,56,0,0,0,1,3,0,0,0,0,E5,8,0D,0A,0D
8824,2026-05-21 11:15:08.076,0,0,0,0,58,0,0,0,1,3,0,0,0,0,E5,8
8825,2026-05-21 11:15:08.284,0D,0A,0D,0,0,0,0,57,0,0,0,1,3,0,0,0
8826,2026-05-21 11:15:08.492,0,E3,8,0D,0A,0D,0,0,0,0,59,0,0,0,1,3
8827,2026-05-21 11:15:08.701,0,0,0,0,E5,8,0D,0A,0D,0,0,0,0,57,0,0
8828,2026-05-21 11:15:08.909,0,1,3,0,0,0,0,E5,8,0D,0A,0D,0,0,0,0
8829,2026-05-21 11:15:09.118,56,0,0,0,1,3,0,0,0,0,E3,8,0D,0A,0D,0
8830,2026-05-21 11:15:09.128,0,0,0,55,0,0,0,1,3,0,0,0,0,E5,8,0D
8831,2026-05-21 11:15:09.330,0A,0D,0,0,0,0,55,0,0,0,1,3,0,0,0,0
8832,2026-05-21 11:15:09.542,E7,8,0D,0A,0D,0,0,0,0,55,0,0,0,1,3,0
8833,2026-05-21 11:15:09.753,0,0,0,E3,8,0D,0A,0D,0,0,0,0,56,0,0,0
8834,2026-05-21 11:15:09.961,1,3,0,0,0,0,E5,8,0D,0A,0D,0,0,0,0,55
8835,2026-05-21 11:15:10.169,0,0,0,1,3,0,0,0,0,E5,8,0D,0A,0D,0,0
8836,2026-05-21 11:15:10.181,0,0,55,0,0,0,1,3,0,0,0,0,E5,8,0D,0A
8837,2026-05-21 11:15:10.388,0D,0,0,0,0,54,0,0,0,1,3,0,0,0,0,E3
8838,2026-05-21 11:15:10.597,8,0D,0A,0D,0,0,0,0,54,0,0,0,1,3,0,0
8839,2026-05-21 11:15:10.805,0,0,E5,8,0D,0A,0D,0,0,0,0,54,0,0,0,1
8840,2026-05-21 11:15:11.013,3,0,0,0,0,E3,8,0D,0A,0D,0,0,0,0,54,0
8841,2026-05-21 11:15:11.222,0,0,1,3,0,0,0,0,E3,8,0D,0A,0D,0,0,0
8842,2026-05-21 11:15:11.431,0,54,0,0,0,1,3,0,0,0,0,E5,8,0D,0A,0D
8843,2026-05-21 11:15:11.443,0,0,0,0,54,0,0,0,1,3,0,0,0,0,E3,8
8844,2026-05-21 11:15:11.647,0D,0A,0D,0,0,0,0,52,0,0,0,1,3,0,0,0
8845,2026-05-21 11:15:11.857,0,E5,8,0D,0A,0D,0,0,0,0,52,0,0,0,1,3
8846,2026-05-21 11:15:12.066,0,0,0,0,E3,8,0D,0A,0D,0,0,0,0,50,0,0
8847,2026-05-21 11:15:12.275,0,1,3,0,0,0,0,E5,8,0D,0A,0D,0,0,0,0
8848,2026-05-21 11:15:12.483,51,0,0,0,1,3,0,0,0,0,E5,8,0D,0A,0D,0
8849,2026-05-21 11:15:12.492,0,0,0,50,0,0,0,1,3,0,0,0,0,E5,8,0D
8850,2026-05-21 11:15:12.701,0A,0D,0,0,0,0,52,0,0,0,1,3,0,0,0,0
8851,2026-05-21 11:15:12.909,E5,8,0D,0A,0D,0,0,0,0,51,0,0,0,1,3,0
8852,2026-05-21 11:15:13.118,0,0,0,E5,8,0D,0A,0D,0,0,0,0,52,0,0,0
8853,2026-05-21 11:15:13.326,1,3,0,0,0,0,E3,8,0D,0A,0D,0,0,0,0,52
8854,2026-05-21 11:15:13.538,0,0,0,1,3,0,0,0,0,E5,8,0D,0A,0D,0,0
8855,2026-05-21 11:15:13.548,0,0,52,0,0,0,1,3,0,0,0,0,E5,8,0D,0A
8856,2026-05-21 11:15:13.756,0D,0,0,0,0,53,0,0,0,1,3,0,0,0,0,E5
8857,2026-05-21 11:15:13.961,8,0D,0A,0D,0,0,0,0,52,0,0,0,1,3,0,0
8858,2026-05-21 11:15:14.169,0,0,E5,8,0D,0A,0D,0,0,0,0,54,0,0,0,1
8859,2026-05-21 11:15:14.379,3,0,0,0,0,E3,8,0D,0A,0D,0,0,0,0,54,0
8860,2026-05-21 11:15:14.589,0,0,1,3,0,0,0,0,E5,8,0D,0A,0D,0,0,0
8861,2026-05-21 11:15:14.797,0,56,0,0,0,1,3,0,0,0,0,E5,8,0D,0A,0D
8862,2026-05-21 11:15:14.811,0,0,0,0,54,0,0,0,1,3,0,0,0,0,E5,8
8863,2026-05-21 11:15:15.014,0D,0A,0D,0,0,0,0,53,0,0,0,1,3,0,0,0
8864,2026-05-21 11:15:15.222,0,E5,8,0D,0A,0D,0,0,0,0,53,0,0,0,1,3
8865,2026-05-21 11:15:15.431,0,0,0,0,E5,8,0D,0A,0D,0,0,0,0,53,0,0
8866,2026-05-21 11:15:15.639,0,1,3,0,0,0,0,E5,8,0D,0A,0D,0,0,0,0
8867,2026-05-21 11:15:15.848,53,0,0,0,1,3,0,0,0,0,E5,8,0D,0A,0D,0
8868,2026-05-21 11:15:15.858,0,0,0,53,0,0,0,1,3,0,0,0,0,E3,8,0D
8869,2026-05-21 11:15:16.066,0A,0D,0,0,0,0,52,0,0,0,1,3,0,0,0,0
8870,2026-05-21 11:15:16.273,E5,8,0D,0A,0D,0,0,0,0,52,0,0,0,1,3,0
8871,2026-05-21 11:15:16.482,0,0,0,E3,8,0D,0A,0D,0,0,0,0,52,0,0,0
8872,2026-05-21 11:15:16.691,1,3,0,0,0,0,E5,8,0D,0A,0D,0,0,0,0,51
8873,2026-05-21 11:15:16.899,0,0,0,1,3,0,0,0,0,E5,8,0D,0A,0D,0,0
8874,2026-05-21 11:15:16.908,0,0,52,0,0,0,1,3,0,0,0,0,E5,8,0D,0A
8875,2026-05-21 11:15:17.118,0D,0,0,0,0,52,0,0,0,1,3,0,0,0,0,E5
8876,2026-05-21 11:15:17.333,8,0D,0A,0D,0,0,0,0,52,0,0,0,1,3,0,0
8877,2026-05-21 11:15:17.534,0,0,E3,8,0D,0A,0D,0,0,0,0,52,0,0,0,1
8878,2026-05-21 11:15:17.737,3,0,0,0,0,E5,8,0D,0A,0D,0,0,0,0,52,0
8879,2026-05-21 11:15:17.946,0,0,1,3,0,0,0,0,E3,8,0D,0A,0D,0,0,0
8880,2026-05-21 11:15:18.160,0,51,0,0,0,1,3,0,0,0,0,E5,8,0D,0A,0D
8881,2026-05-21 11:15:18.169,0,0,0,0,52,0,0,0,1,3,0,0,0,0,E7,8
8882,2026-05-21 11:15:18.380,0D,0A,0D,0,0,0,0,52,0,0,0,1,3,0,0,0
8883,2026-05-21 11:15:18.585,0,E5,8,0D,0A,0D,0,0,0,0,52,0,0,0,1,3
8884,2026-05-21 11:15:18.795,0,0,0,0,E5,8,0D,0A,0D,0,0,0,0,52,0,0
8885,2026-05-21 11:15:19.003,0,1,3,0,0,0,0,E3,8,0D,0A,0D,0,0,0,0
8886,2026-05-21 11:15:19.212,52,0,0,0,1,3,0,0,0,0,E5,8,0D,0A,0D,0
8887,2026-05-21 11:15:19.222,0,0,0,52,0,0,0,1,3,0,0,0,0,E5,8,0D
8888,2026-05-21 11:15:19.429,0A,0D,0,0,0,0,52,0,0,0,1,3,0,0,0,0
8889,2026-05-21 11:15:19.638,E5,8,0D,0A,0D,0,0,0,0,52,0,0,0,1,3,0
8890,2026-05-21 11:15:19.847,0,0,0,E5,8,0D,0A,0D,0,0,0,0,52,0,0,0
8891,2026-05-21 11:15:20.055,1,3,0,0,0,0,E5,8,0D,0A,0D,0,0,0,0,54
8892,2026-05-21 11:15:20.263,0,0,0,1,3,0,0,0,0,E5,8,0D,0A,0D,0,0
8893,2026-05-21 11:15:20.276,0,0,54,0,0,0,1,3,0,0,0,0,E3,8,0D,0A
8894,2026-05-21 11:15:20.481,0D,0,0,0,0,53,0,0,0,1,3,0,0,0,0,E5
8895,2026-05-21 11:15:20.690,8,0D,0A,0D,0,0,0,0,52,0,0,0,1,3,0,0
8896,2026-05-21 11:15:20.898,0,0,E5,8,0D,0A,0D,0,0,0,0,52,0,0,0,1
8897,2026-05-21 11:15:21.107,3,0,0,0,0,E5,8,0D,0A,0D,0,0,0,0,52,0
8898,2026-05-21 11:15:21.316,0,0,1,3,0,0,0,0,E3,8,0D,0A,0D,0,0,0
8899,2026-05-21 11:15:21.525,0,53,0,0,0,1,3,0,0,0,0,E5,8,0D,0A,0D
8900,2026-05-21 11:15:21.543,0,0,0,0,54,0,0,0,1,3,0,0,0,0,E5,8
8901,2026-05-21 11:15:21.742,0D,0A,0D,0,0,0,0,52,0,0,0,1,3,0,0,0
8902,2026-05-21 11:15:21.944,0,E3,8,0D,0A,0D,0,0,0,0,52,0,0,0,1,3
8903,2026-05-21 11:15:22.160,0,0,0,0,E5,8,0D,0A,0D,0,0,0,0,52,0,0
8904,2026-05-21 11:15:22.369,0,1,3,0,0,0,0,E3,8,0D,0A,0D,0,0,0,0
8905,2026-05-21 11:15:22.577,52,0,0,0,1,3,0,0,0,0,E5,8,0D,0A,0D,0
8906,2026-05-21 11:15:22.588,0,0,0,52,0,0,0,1,3,0,0,0,0,E5,8,0D
8907,2026-05-21 11:15:22.802,0A,0D,0,0,0,0,52,0,0,0,1,3,0,0,0,0
8908,2026-05-21 11:15:23.004,E5,8,0D,0A,0D,0,0,0,0,52,0,0,0,1,3,0
8909,2026-05-21 11:15:23.211,0,0,0,E5,8,0D,0A,0D,0,0,0,0,52,0,0,0
8910,2026-05-21 11:15:23.420,1,3,0,0,0,0,E5,8,0D,0A,0D,0,0,0,0,52
8911,2026-05-21 11:15:23.629,0,0,0,1,3,0,0,0,0,E5,8,0D,0A,0D,0,0
8912,2026-05-21 11:15:23.638,0,0,52,0,0,0,1,3,0,0,0,0,E7,8,0D,0A
8913,2026-05-21 11:15:23.846,0D,0,0,0,0,52,0,0,0,1,3,0,0,0,0,E5
8914,2026-05-21 11:15:24.055,8,0D,0A,0D,0,0,0,0,55,0,0,0,1,3,0,0
8915,2026-05-21 11:15:24.263,0,0,E3,8,0D,0A,0D,0,0,0,0,55,0,0,0,1
8916,2026-05-21 11:15:24.472,3,0,0,0,0,E5,8,0D,0A,0D,0,0,0,0,55,0
8917,2026-05-21 11:15:24.681,0,0,1,3,0,0,0,0,E5,8,0D,0A,0D,0,0,0
8918,2026-05-21 11:15:24.889,0,54,0,0,0,1,3,0,0,0,0,E3,8,0D,0A,0D
8919,2026-05-21 11:15:24.900,0,0,0,0,55,0,0,0,1,3,0,0,0,0,E3,8
8920,2026-05-21 11:15:25.107,0D,0A,0D,0,0,0,0,57,0,0,0,1,3,0,0,0
8921,2026-05-21 11:15:25.315,0,E5,8,0D,0A,0D,0,0,0,0,56,0,0,0,1,3
8922,2026-05-21 11:15:25.524,0,0,0,0,E3,8,0D,0A,0D,0,0,0,0,55,0,0
8923,2026-05-21 11:15:25.727,0,1,3,0,0,0,0,E7,8,0D,0A,0D,0,0,0,0
8924,2026-05-21 11:15:25.938,55,0,0,0,1,3,0,0,0,0,E5,8,0D,0A,0D,0
8925,2026-05-21 11:15:25.955,0,0,0,54,0,0,0,1,3,0,0,0,0,E3,8,0D
8926,2026-05-21 11:15:26.159,0A,0D,0,0,0,0,55,0,0,0,1,3,0,0,0,0
8927,2026-05-21 11:15:26.367,E5,8,0D,0A,0D,0,0,0,0,56,0,0,0,1,3,0
8928,2026-05-21 11:15:26.611,0,0,0,E3,8,0D,0A,0D,0,0,0,0,56,0,0,0
8929,2026-05-21 11:15:26.785,1,3,0,0,0,0,E5,8,0D,0A,0D,0,0,0,0,55
8930,2026-05-21 11:15:26.994,0,0,0,1,3,0,0,0,0,E5,8,0D,0A,0D,0,0
8931,2026-05-21 11:15:27.005,0,0,55,0,0,0,1,3,0,0,0,0,E5,8,0D,0A
8932,2026-05-21 11:15:27.211,0D,0,0,0,0,56,0,0,0,1,3,0,0,0,0,E5
8933,2026-05-21 11:15:27.419,8,0D,0A,0D,0,0,0,0,56,0,0,0,1,3,0,0
8934,2026-05-21 11:15:27.628,0,0,E5,8,0D,0A,0D,0,0,0,0,56,0,0,0,1
8935,2026-05-21 11:15:27.837,3,0,0,0,0,E5,8,0D,0A,0D,0,0,0,0,56,0
8936,2026-05-21 11:15:28.046,0,0,1,3,0,0,0,0,E5,8,0D,0A,0D,0,0,0
8937,2026-05-21 11:15:28.254,0,56,0,0,0,1,3,0,0,0,0,E5,8,0D,0A,0D
8938,2026-05-21 11:15:28.265,0,0,0,0,56,0,0,0,1,3,0,0,0,0,E5,8
8939,2026-05-21 11:15:28.472,0D,0A,0D,0,0,0,0,57,0,0,0,1,3,0,0,0
8940,2026-05-21 11:15:28.680,0,E5,8,0D,0A,0D,0,0,0,0,56,0,0,0,1,3
8941,2026-05-21 11:15:28.888,0,0,0,0,E5,8,0D,0A,0D,0,0,0,0,56,0,0
8942,2026-05-21 11:15:29.097,0,1,3,0,0,0,0,E5,8,0D,0A,0D,0,0,0,0
8943,2026-05-21 11:15:29.307,56,0,0,0,1,3,0,0,0,0,E5,8,0D,0A,0D,0
8944,2026-05-21 11:15:29.320,0,0,0,56,0,0,0,1,3,0,0,0,0,E3,8,0D
8945,2026-05-21 11:15:29.524,0A,0D,0,0,0,0,55,0,0,0,1,3,0,0,0,0
8946,2026-05-21 11:15:29.733,E5,8,0D,0A,0D,0,0,0,0,55,0,0,0,1,3,0
8947,2026-05-21 11:15:29.927,0,0,0,E5,8,0D,0A,0D,0,0,0,0,54,0,0,0
8948,2026-05-21 11:15:30.149,1,3,0,0,0,0,E5,8,0D,0A,0D,0,0,0,0,54
8949,2026-05-21 11:15:30.358,0,0,0,1,3,0,0,0,0,E3,8,0D,0A,0D,0,0
8950,2026-05-21 11:15:30.369,0,0,54,0,0,0,1,3,0,0,0,0,E3,8,0D,0A
8951,2026-05-21 11:15:30.575,0D,0,0,0,0,54,0,0,0,1,3,0,0,0,0,E3
8952,2026-05-21 11:15:30.784,8,0D,0A,0D,0,0,0,0,54,0,0,0,1,3,0,0
8953,2026-05-21 11:15:30.993,0,0,E5,8,0D,0A,0D,0,0,0,0,54,0,0,0,1
8954,2026-05-21 11:15:31.201,3,0,0,0,0,E5,8,0D,0A,0D,0,0,0,0,54,0
8955,2026-05-21 11:15:31.413,0,0,1,3,0,0,0,0,E3,8,0D,0A,0D,0,0,0
8956,2026-05-21 11:15:31.619,0,55,0,0,0,1,3,0,0,0,0,E5,8,0D,0A,0D
8957,2026-05-21 11:15:31.630,0,0,0,0,54,0,0,0,1,3,0,0,0,0,E5,8
8958,2026-05-21 11:15:31.837,0D,0A,0D,0,0,0,0,54,0,0,0,1,3,0,0,0
8959,2026-05-21 11:15:32.045,0,E3,8,0D,0A,0D,0,0,0,0,53,0,0,0,1,3
8960,2026-05-21 11:15:32.253,0,0,0,0,E5,8,0D,0A,0D,0,0,0,0,55,0,0
8961,2026-05-21 11:15:32.462,0,1,3,0,0,0,0,E5,8,0D,0A,0D,0,0,0,0
8962,2026-05-21 11:15:32.673,54,0,0,0,1,3,0,0,0,0,E5,8,0D,0A,0D,0
8963,2026-05-21 11:15:32.686,0,0,0,56,0,0,0,1,3,0,0,0,0,E5,8,0D
8964,2026-05-21 11:15:32.889,0A,0D,0,0,0,0,56,0,0,0,1,3,0,0,0,0
8965,2026-05-21 11:15:33.097,E5,8,0D,0A,0D,0,0,0,0,56,0,0,0,1,3,0
8966,2026-05-21 11:15:33.306,0,0,0,E3,8,0D,0A,0D,0,0,0,0,55,0,0,0
8967,2026-05-21 11:15:33.514,1,3,0,0,0,0,E3,8,0D,0A,0D,0,0,0,0,56
8968,2026-05-21 11:15:33.718,0,0,0,1,3,0,0,0,0,E5,8,0D,0A,0D,0,0
8969,2026-05-21 11:15:33.738,0,0,56,0,0,0,1,3,0,0,0,0,E5,8,0D,0A
8970,2026-05-21 11:15:33.935,0D,0,0,0,0,56,0,0,0,1,3,0,0,0,0,E3
8971,2026-05-21 11:15:34.152,8,0D,0A,0D,0,0,0,0,56,0,0,0,1,3,0,0
8972,2026-05-21 11:15:34.357,0,0,E7,8,0D,0A,0D,0,0,0,0,57,0,0,0,1
8973,2026-05-21 11:15:34.566,3,0,0,0,0,E5,8,0D,0A,0D,0,0,0,0,56,0
8974,2026-05-21 11:15:34.775,0,0,1,3,0,0,0,0,E5,8,0D,0A,0D,0,0,0
8975,2026-05-21 11:15:34.984,0,56,0,0,0,1,3,0,0,0,0,E5,8,0D,0A,0D
8976,2026-05-21 11:15:34.994,0,0,0,0,56,0,0,0,1,3,0,0,0,0,E5,8
8977,2026-05-21 11:15:35.201,0D,0A,0D,0,0,0,0,56,0,0,0,1,3,0,0,0
8978,2026-05-21 11:15:35.410,0,E5,8,0D,0A,0D,0,0,0,0,56,0,0,0,1,3
8979,2026-05-21 11:15:35.618,0,0,0,0,E5,8,0D,0A,0D,0,0,0,0,56,0,0
8980,2026-05-21 11:15:35.830,0,1,3,0,0,0,0,E5,8,0D,0A,0D,0,0,0,0
8981,2026-05-21 11:15:36.035,56,0,0,0,1,3,0,0,0,0,E5,8,0D,0A,0D,0
8982,2026-05-21 11:15:36.047,0,0,0,56,0,0,0,1,3,0,0,0,0,E3,8,0D
8983,2026-05-21 11:15:36.254,0A,0D,0,0,0,0,56,0,0,0,1,3,0,0,0,0
8984,2026-05-21 11:15:36.464,E3,8,0D,0A,0D,0,0,0,0,56,0,0,0,1,3,0
8985,2026-05-21 11:15:36.670,0,0,0,E5,8,0D,0A,0D,0,0,0,0,56,0,0,0
8986,2026-05-21 11:15:36.879,1,3,0,0,0,0,E3,8,0D,0A,0D,0,0,0,0,56
8987,2026-05-21 11:15:37.088,0,0,0,1,3,0,0,0,0,E5,8,0D,0A,0D,0,0
8988,2026-05-21 11:15:37.100,0,0,56,0,0,0,1,3,0,0,0,0,E5,8,0D,0A
8989,2026-05-21 11:15:37.305,0D,0,0,0,0,56,0,0,0,1,3,0,0,0,0,E5
8990,2026-05-21 11:15:37.514,8,0D,0A,0D,0,0,0,0,56,0,0,0,1,3,0,0
8991,2026-05-21 11:15:37.722,0,0,E5,8,0D,0A,0D,0,0,0,0,56,0,0,0,1
8992,2026-05-21 11:15:37.931,3,0,0,0,0,E5,8,0D,0A,0D,0,0,0,0,56,0
8993,2026-05-21 11:15:38.140,0,0,1,3,0,0,0,0,E3,8,0D,0A,0D,0,0,0
8994,2026-05-21 11:15:38.348,0,56,0,0,0,1,3,0,0,0,0,E5,8,0D,0A,0D
8995,2026-05-21 11:15:38.358,0,0,0,0,56,0,0,0,1,3,0,0,0,0,E3,8
8996,2026-05-21 11:15:38.565,0D,0A,0D,0,0,0,0,56,0,0,0,1,3,0,0,0
8997,2026-05-21 11:15:38.775,0,E5,8,0D,0A,0D,0,0,0,0,56,0,0,0,1,3
8998,2026-05-21 11:15:39.000,0,0,0,0,E5,8,0D,0A,0D,0,0,0,0,56,0,0
8999,2026-05-21 11:15:39.191,0,1,3,0,0,0,0,E5,8,0D,0A,0D,0,0,0,0
9000,2026-05-21 11:15:39.400,56,0,0,0,1,3,0,0,0,0,E3,8,0D,0A,0D,0
9001,2026-05-21 11:15:39.412,0,0,0,56,0,0,0,1,3,0,0,0,0,E5,8,0D
9002,2026-05-21 11:15:39.617,0A,0D,0,0,0,0,56,0,0,0,1,3,0,0,0,0
9003,2026-05-21 11:15:39.828,E7,8,0D,0A,0D,0,0,0,0,55,0,0,0,1,3,0
9004,2026-05-21 11:15:40.035,0,0,0,E5,8,0D,0A,0D,0,0,0,0,55,0,0,0
9005,2026-05-21 11:15:40.243,1,3,0,0,0,0,E5,8,0D,0A,0D,0,0,0,0,55
9006,2026-05-21 11:15:40.452,0,0,0,1,3,0,0,0,0,E5,8,0D,0A,0D,0,0
9007,2026-05-21 11:15:40.463,0,0,56,0,0,0,1,3,0,0,0,0,E3,8,0D,0A
9008,2026-05-21 11:15:40.669,0D,0,0,0,0,56,0,0,0,1,3,0,0,0,0,E5
9009,2026-05-21 11:15:40.878,8,0D,0A,0D,0,0,0,0,56,0,0,0,1,3,0,0
9010,2026-05-21 11:15:41.086,0,0,E7,8,0D,0A,0D,0,0,0,0,56,0,0,0,1
9011,2026-05-21 11:15:41.296,3,0,0,0,0,E5,8,0D,0A,0D,0,0,0,0,56,0
9012,2026-05-21 11:15:41.505,0,0,1,3,0,0,0,0,E5,8,0D,0A,0D,0,0,0
9013,2026-05-21 11:15:41.712,0,56,0,0,0,1,3,0,0,0,0,E5,8,0D,0A,0D
9014,2026-05-21 11:15:41.723,0,0,0,0,56,0,0,0,1,3,0,0,0,0,E5,8
9015,2026-05-21 11:15:41.930,0D,0A,0D,0,0,0,0,56,0,0,0,1,3,0,0,0
9016,2026-05-21 11:15:42.139,0,E3,8,0D,0A,0D,0,0,0,0,56,0,0,0,1,3
9017,2026-05-21 11:15:42.348,0,0,0,0,E3,8,0D,0A,0D,0,0,0,0,56,0,0
9018,2026-05-21 11:15:42.556,0,1,3,0,0,0,0,E5,8,0D,0A,0D,0,0,0,0
9019,2026-05-21 11:15:42.766,56,0,0,0,1,3,0,0,0,0,E3,8,0D,0A,0D,0
9020,2026-05-21 11:15:42.788,0,0,0,57,0,0,0,1,3,0,0,0,0,E5,8,0D
9021,2026-05-21 11:15:42.982,0A,0D,0,0,0,0,56,0,0,0,1,3,0,0,0,0
9022,2026-05-21 11:15:43.191,E3,8,0D,0A,0D,0,0,0,0,56,0,0,0,1,3,0
9023,2026-05-21 11:15:43.400,0,0,0,E5,8,0D,0A,0D,0,0,0,0,56,0,0,0
9024,2026-05-21 11:15:43.608,1,3,0,0,0,0,E5,8,0D,0A,0D,0,0,0,0,55
9025,2026-05-21 11:15:43.817,0,0,0,1,3,0,0,0,0,E5,8,0D,0A,0D,0,0
9026,2026-05-21 11:15:43.827,0,0,56,0,0,0,1,3,0,0,0,0,E5,8,0D,0A
9027,2026-05-21 11:15:44.038,0D,0,0,0,0,56,0,0,0,1,3,0,0,0,0,E5
9028,2026-05-21 11:15:44.243,8,0D,0A,0D,0,0,0,0,56,0,0,0,1,3,0,0
9029,2026-05-21 11:15:44.452,0,0,E3,8,0D,0A,0D,0,0,0,0,55,0,0,0,1
9030,2026-05-21 11:15:44.660,3,0,0,0,0,E3,8,0D,0A,0D,0,0,0,0,55,0
9031,2026-05-21 11:15:44.869,0,0,1,3,0,0,0,0,E5,8,0D,0A,0D,0,0,0
9032,2026-05-21 11:15:45.078,0,55,0,0,0,1,3,0,0,0,0,E3,8,0D,0A,0D
9033,2026-05-21 11:15:45.089,0,0,0,0,55,0,0,0,1,3,0,0,0,0,E5,8
9034,2026-05-21 11:15:45.295,0D,0A,0D,0,0,0,0,54,0,0,0,1,3,0,0,0
9035,2026-05-21 11:15:45.504,0,E5,8,0D,0A,0D,0,0,0,0,55,0,0,0,1,3
9036,2026-05-21 11:15:45.711,0,0,0,0,E5,8,0D,0A,0D,0,0,0,0,55,0,0
9037,2026-05-21 11:15:45.921,0,1,3,0,0,0,0,E3,8,0D,0A,0D,0,0,0,0
9038,2026-05-21 11:15:46.130,55,0,0,0,1,3,0,0,0,0,E5,8,0D,0A,0D,0
9039,2026-05-21 11:15:46.147,0,0,0,55,0,0,0,1,3,0,0,0,0,E5,8,0D
9040,2026-05-21 11:15:46.347,0A,0D,0,0,0,0,54,0,0,0,1,3,0,0,0,0
9041,2026-05-21 11:15:46.556,E5,8,0D,0A,0D,0,0,0,0,55,0,0,0,1,3,0
9042,2026-05-21 11:15:46.764,0,0,0,E5,8,0D,0A,0D,0,0,0,0,54,0,0,0
9043,2026-05-21 11:15:46.973,1,3,0,0,0,0,E5,8,0D,0A,0D,0,0,0,0,55
9044,2026-05-21 11:15:47.181,0,0,0,1,3,0,0,0,0,E5,8,0D,0A,0D,0,0
9045,2026-05-21 11:15:47.194,0,0,54,0,0,0,1,3,0,0,0,0,E3,8,0D,0A
9046,2026-05-21 11:15:47.399,0D,0,0,0,0,55,0,0,0,1,3,0,0,0,0,E3
9047,2026-05-21 11:15:47.607,8,0D,0A,0D,0,0,0,0,54,0,0,0,1,3,0,0
9048,2026-05-21 11:15:47.816,0,0,E5,8,0D,0A,0D,0,0,0,0,55,0,0,0,1
9049,2026-05-21 11:15:48.025,3,0,0,0,0,F2,8,0D,0A,0D,0,0,0,0,55,0
9050,2026-05-21 11:15:48.236,0,0,1,3,0,0,0,0,E7,8,0D,0A,0D,0,0,0
9051,2026-05-21 11:15:48.443,0,54,0,0,0,1,3,0,0,0,0,E3,8,0D,0A,0D
9052,2026-05-21 11:15:48.457,0,0,0,0,54,0,0,0,1,3,0,0,0,0,E5,8
9053,2026-05-21 11:15:48.660,0D,0A,0D,0,0,0,0,52,0,0,0,1,3,0,0,0
9054,2026-05-21 11:15:48.877,0,E5,8,0D,0A,0D,0,0,0,0,52,0,0,0,1,3
9055,2026-05-21 11:15:49.077,0,0,0,0,E5,8,0D,0A,0D,0,0,0,0,52,0,0
9056,2026-05-21 11:15:49.286,0,1,3,0,0,0,0,E3,8,0D,0A,0D,0,0,0,0
9057,2026-05-21 11:15:49.494,52,0,0,0,1,3,0,0,0,0,E3,8,0D,0A,0D,0
9058,2026-05-21 11:15:49.505,0,0,0,53,0,0,0,1,3,0,0,0,0,E3,8,0D
9059,2026-05-21 11:15:49.704,0A,0D,0,0,0,0,54,0,0,0,1,3,0,0,0,0
9060,2026-05-21 11:15:49.919,E5,8,0D,0A,0D,0,0,0,0,53,0,0,0,1,3,0
9061,2026-05-21 11:15:50.133,0,0,0,E5,8,0D,0A,0D,0,0,0,0,53,0,0,0
9062,2026-05-21 11:15:50.339,1,3,0,0,0,0,E5,8,0D,0A,0D,0,0,0,0,54
9063,2026-05-21 11:15:50.547,0,0,0,1,3,0,0,0,0,E5,8,0D,0A,0D,0,0
9064,2026-05-21 11:15:50.559,0,0,54,0,0,0,1,3,0,0,0,0,E5,8,0D,0A
9065,2026-05-21 11:15:50.764,0D,0,0,0,0,54,0,0,0,1,3,0,0,0,0,E5
9066,2026-05-21 11:15:50.972,8,0D,0A,0D,0,0,0,0,54,0,0,0,1,3,0,0
9067,2026-05-21 11:15:51.181,0,0,E3,8,0D,0A,0D,0,0,0,0,54,0,0,0,1
9068,2026-05-21 11:15:51.391,3,0,0,0,0,E5,8,0D,0A,0D,0,0,0,0,54,0
9069,2026-05-21 11:15:51.599,0,0,1,3,0,0,0,0,E3,8,0D,0A,0D,0,0,0
9070,2026-05-21 11:15:51.808,0,54,0,0,0,1,3,0,0,0,0,E5,8,0D,0A,0D
9071,2026-05-21 11:15:51.818,0,0,0,0,53,0,0,0,1,3,0,0,0,0,E5,8
9072,2026-05-21 11:15:52.025,0D,0A,0D,0,0,0,0,53,0,0,0,1,3,0,0,0
9073,2026-05-21 11:15:52.234,0,E5,8,0D,0A,0D,0,0,0,0,54,0,0,0,1,3
9074,2026-05-21 11:15:52.442,0,0,0,0,E5,8,0D,0A,0D,0,0,0,0,54,0,0
9075,2026-05-21 11:15:52.651,0,1,3,0,0,0,0,E5,8,0D,0A,0D,0,0,0,0
9076,2026-05-21 11:15:52.860,54,0,0,0,1,3,0,0,0,0,E3,8,0D,0A,0D,0
9077,2026-05-21 11:15:52.870,0,0,0,54,0,0,0,1,3,0,0,0,0,E3,8,0D
9078,2026-05-21 11:15:53.077,0A,0D,0,0,0,0,55,0,0,0,1,3,0,0,0,0
9079,2026-05-21 11:15:53.286,E5,8,0D,0A,0D,0,0,0,0,56,0,0,0,1,3,0
9080,2026-05-21 11:15:53.495,0,0,0,E5,8,0D,0A,0D,0,0,0,0,56,0,0,0
9081,2026-05-21 11:15:53.690,1,3,0,0,0,0,E3,8,0D,0A,0D,0,0,0,0,56
9082,2026-05-21 11:15:53.899,0,0,0,1,3,0,0,0,0,E5,8,0D,0A,0D,0,0
9083,2026-05-21 11:15:53.923,0,0,56,0,0,0,1,3,0,0,0,0,E5,8,0D,0A
9084,2026-05-21 11:15:54.129,0D,0,0,0,0,55,0,0,0,1,3,0,0,0,0,E5
9085,2026-05-21 11:15:54.338,8,0D,0A,0D,0,0,0,0,55,0,0,0,1,3,0,0
9086,2026-05-21 11:15:54.546,0,0,E5,8,0D,0A,0D,0,0,0,0,54,0,0,0,1
9087,2026-05-21 11:15:54.754,3,0,0,0,0,E5,8,0D,0A,0D,0,0,0,0,54,0
9088,2026-05-21 11:15:54.964,0,0,1,3,0,0,0,0,E5,8,0D,0A,0D,0,0,0
9089,2026-05-21 11:15:55.173,0,54,0,0,0,1,3,0,0,0,0,E5,8,0D,0A,0D
9090,2026-05-21 11:15:55.183,0,0,0,0,54,0,0,0,1,3,0,0,0,0,E5,8
9091,2026-05-21 11:15:55.390,0D,0A,0D,0,0,0,0,54,0,0,0,1,3,0,0,0
9092,2026-05-21 11:15:55.599,0,E3,8,0D,0A,0D,0,0,0,0,54,0,0,0,1,3
9093,2026-05-21 11:15:55.807,0,0,0,0,E5,8,0D,0A,0D,0,0,0,0,55,0,0
9094,2026-05-21 11:15:56.016,0,1,3,0,0,0,0,E5,8,0D,0A,0D,0,0,0,0
9095,2026-05-21 11:15:56.224,54,0,0,0,1,3,0,0,0,0,E5,8,0D,0A,0D,0
9096,2026-05-21 11:15:56.238,0,0,0,54,0,0,0,1,3,0,0,0,0,E3,8,0D
9097,2026-05-21 11:15:56.442,0A,0D,0,0,0,0,55,0,0,0,1,3,0,0,0,0
9098,2026-05-21 11:15:56.650,E5,8,0D,0A,0D,0,0,0,0,55,0,0,0,1,3,0
9099,2026-05-21 11:15:56.859,0,0,0,E5,8,0D,0A,0D,0,0,0,0,54,0,0,0
9100,2026-05-21 11:15:57.067,1,3,0,0,0,0,E5,8,0D,0A,0D,0,0,0,0,55
9101,2026-05-21 11:15:57.276,0,0,0,1,3,0,0,0,0,E3,8,0D,0A,0D,0,0
9102,2026-05-21 11:15:57.286,0,0,55,0,0,0,1,3,0,0,0,0,E5,8,0D,0A
9103,2026-05-21 11:15:57.496,0D,0,0,0,0,54,0,0,0,1,3,0,0,0,0,E3
9104,2026-05-21 11:15:57.689,8,0D,0A,0D,0,0,0,0,54,0,0,0,1,3,0,0
9105,2026-05-21 11:15:57.899,0,0,E5,8,0D,0A,0D,0,0,0,0,56,0,0,0,1
9106,2026-05-21 11:15:58.120,3,0,0,0,0,E7,8,0D,0A,0D,0,0,0,0,53,0
9107,2026-05-21 11:15:58.329,0,0,1,3,0,0,0,0,E5,8,0D,0A,0D,0,0,0
9108,2026-05-21 11:15:58.537,0,54,0,0,0,1,3,0,0,0,0,E5,8,0D,0A,0D
9109,2026-05-21 11:15:58.556,0,0,0,0,56,0,0,0,1,3,0,0,0,0,E3,8
9110,2026-05-21 11:15:58.756,0D,0A,0D,0,0,0,0,55,0,0,0,1,3,0,0,0
9111,2026-05-21 11:15:58.976,0,E5,8,0D,0A,0D,0,0,0,0,54,0,0,0,1,3
9112,2026-05-21 11:15:59.172,0,0,0,0,E5,8,0D,0A,0D,0,0,0,0,54,0,0
9113,2026-05-21 11:15:59.380,0,1,3,0,0,0,0,E5,8,0D,0A,0D,0,0,0,0
9114,2026-05-21 11:15:59.589,54,0,0,0,1,3,0,0,0,0,E5,8,0D,0A,0D,0
9115,2026-05-21 11:15:59.650,0,0,0,54,0,0,0,1,3,0,0,0,0,E3,8,0D
9116,2026-05-21 11:15:59.813,0A,0D,0,0,0,0,54,0,0,0,1,3,0,0,0,0
9117,2026-05-21 11:16:00.028,E5,8,0D,0A,0D,0,0,0,0,54,0,0,0,1,3,0
9118,2026-05-21 11:16:00.224,0,0,0,E5,8,0D,0A,0D,0,0,0,0,55,0,0,0
9119,2026-05-21 11:16:00.433,1,3,0,0,0,0,E5,8,0D,0A,0D,0,0,0,0,55
9120,2026-05-21 11:16:00.641,0,0,0,1,3,0,0,0,0,E5,8,0D,0A,0D,0,0
9121,2026-05-21 11:16:00.650,0,0,55,0,0,0,1,3,0,0,0,0,E5,8,0D,0A
9122,2026-05-21 11:16:00.858,0D,0,0,0,0,55,0,0,0,1,3,0,0,0,0,E5
9123,2026-05-21 11:16:01.068,8,0D,0A,0D,0,0,0,0,55,0,0,0,1,3,0,0
9124,2026-05-21 11:16:01.277,0,0,E5,8,0D,0A,0D,0,0,0,0,54,0,0,0,1
9125,2026-05-21 11:16:01.485,3,0,0,0,0,E5,8,0D,0A,0D,0,0,0,0,54,0
9126,2026-05-21 11:16:01.684,0,0,1,3,0,0,0,0,E5,8,0D,0A,0D,0,0,0
9127,2026-05-21 11:16:01.891,0,54,0,0,0,1,3,0,0,0,0,E5,8,0D,0A,0D
9128,2026-05-21 11:16:01.912,0,0,0,0,53,0,0,0,1,3,0,0,0,0,E5,8
9129,2026-05-21 11:16:02.120,0D,0A,0D,0,0,0,0,53,0,0,0,1,3,0,0,0
9130,2026-05-21 11:16:02.328,0,E5,8,0D,0A,0D,0,0,0,0,52,0,0,0,1,3
9131,2026-05-21 11:16:02.537,0,0,0,0,E5,8,0D,0A,0D,0,0,0,0,53,0,0
9132,2026-05-21 11:16:02.745,0,1,3,0,0,0,0,E5,8,0D,0A,0D,0,0,0,0
9133,2026-05-21 11:16:02.954,52,0,0,0,1,3,0,0,0,0,E5,8,0D,0A,0D,0
9134,2026-05-21 11:16:02.965,0,0,0,53,0,0,0,1,3,0,0,0,0,E5,8,0D
9135,2026-05-21 11:16:03.172,0A,0D,0,0,0,0,52,0,0,0,1,3,0,0,0,0
9136,2026-05-21 11:16:03.380,E5,8,0D,0A,0D,0,0,0,0,53,0,0,0,1,3,0
9137,2026-05-21 11:16:03.588,0,0,0,E3,8,0D,0A,0D,0,0,0,0,53,0,0,0
9138,2026-05-21 11:16:03.797,1,3,0,0,0,0,E3,8,0D,0A,0D,0,0,0,0,54
9139,2026-05-21 11:16:04.006,0,0,0,1,3,0,0,0,0,E5,8,0D,0A,0D,0,0
9140,2026-05-21 11:16:04.016,0,0,52,0,0,0,1,3,0,0,0,0,E3,8,0D,0A
9141,2026-05-21 11:16:04.223,0D,0,0,0,0,52,0,0,0,1,3,0,0,0,0,E5
9142,2026-05-21 11:16:04.432,8,0D,0A,0D,0,0,0,0,52,0,0,0,1,3,0,0
9143,2026-05-21 11:16:04.641,0,0,E5,8,0D,0A,0D,0,0,0,0,53,0,0,0,1
9144,2026-05-21 11:16:04.849,3,0,0,0,0,E3,8,0D,0A,0D,0,0,0,0,52,0
9145,2026-05-21 11:16:05.058,0,0,1,3,0,0,0,0,E5,8,0D,0A,0D,0,0,0
9146,2026-05-21 11:16:05.267,0,52,0,0,0,1,3,0,0,0,0,E5,8,0D,0A,0D
9147,2026-05-21 11:16:05.282,0,0,0,0,55,0,0,0,1,3,0,0,0,0,E5,8
9148,2026-05-21 11:16:05.483,0D,0A,0D,0,0,0,0,52,0,0,0,1,3,0,0,0
9149,2026-05-21 11:16:05.695,0,E3,8,0D,0A,0D,0,0,0,0,55,0,0,0,1,3
9150,2026-05-21 11:16:05.896,0,0,0,0,E5,8,0D,0A,0D,0,0,0,0,52,0,0
9151,2026-05-21 11:16:06.097,0,1,3,0,0,0,0,E3,8,0D,0A,0D,0,0,0,0
9152,2026-05-21 11:16:06.319,53,0,0,0,1,3,0,0,0,0,E5,8,0D,0A,0D,0
9153,2026-05-21 11:16:06.333,0,0,0,53,0,0,0,1,3,0,0,0,0,E5,8,0D
9154,2026-05-21 11:16:06.536,0A,0D,0,0,0,0,52,0,0,0,1,3,0,0,0,0
9155,2026-05-21 11:16:06.745,E5,8,0D,0A,0D,0,0,0,0,52,0,0,0,1,3,0
9156,2026-05-21 11:16:06.953,0,0,0,E5,8,0D,0A,0D,0,0,0,0,52,0,0,0
9157,2026-05-21 11:16:07.162,1,3,0,0,0,0,E3,8,0D,0A,0D,0,0,0,0,52
9158,2026-05-21 11:16:07.372,0,0,0,1,3,0,0,0,0,E5,8,0D,0A,0D,0,0
9159,2026-05-21 11:16:07.384,0,0,54,0,0,0,1,3,0,0,0,0,E5,8,0D,0A
9160,2026-05-21 11:16:07.590,0D,0,0,0,0,53,0,0,0,1,3,0,0,0,0,E5
9161,2026-05-21 11:16:07.797,8,0D,0A,0D,0,0,0,0,53,0,0,0,1,3,0,0
9162,2026-05-21 11:16:08.006,0,0,E5,8,0D,0A,0D,0,0,0,0,54,0,0,0,1
9163,2026-05-21 11:16:08.215,3,0,0,0,0,E5,8,0D,0A,0D,0,0,0,0,52,0
9164,2026-05-21 11:16:08.423,0,0,1,3,0,0,0,0,E5,8,0D,0A,0D,0,0,0
9165,2026-05-21 11:16:08.633,0,54,0,0,0,1,3,0,0,0,0,E5,8,0D,0A,0D
9166,2026-05-21 11:16:08.643,0,0,0,0,53,0,0,0,1,3,0,0,0,0,E3,8
9167,2026-05-21 11:16:08.852,0D,0A,0D,0,0,0,0,54,0,0,0,1,3,0,0,0
9168,2026-05-21 11:16:09.059,0,E3,8,0D,0A,0D,0,0,0,0,54,0,0,0,1,3
9169,2026-05-21 11:16:09.261,0,0,0,0,E3,8,0D,0A,0D,0,0,0,0,52,0,0
9170,2026-05-21 11:16:09.468,0,1,3,0,0,0,0,E5,8,0D,0A,0D,0,0,0,0
9171,2026-05-21 11:16:09.685,52,0,0,0,1,3,0,0,0,0,E3,8,0D,0A,0D,0
9172,2026-05-21 11:16:09.695,0,0,0,52,0,0,0,1,3,0,0,0,0,E5,8,0D
9173,2026-05-21 11:16:09.902,0A,0D,0,0,0,0,53,0,0,0,1,3,0,0,0,0
9174,2026-05-21 11:16:10.102,E3,8,0D,0A,0D,0,0,0,0,52,0,0,0,1,3,0
9175,2026-05-21 11:16:10.312,0,0,0,E5,8,0D,0A,0D,0,0,0,0,52,0,0,0
9176,2026-05-21 11:16:10.528,1,3,0,0,0,0,E5,8,0D,0A,0D,0,0,0,0,52
9177,2026-05-21 11:16:10.738,0,0,0,1,3,0,0,0,0,E5,8,0D,0A,0D,0,0
9178,2026-05-21 11:16:10.751,0,0,52,0,0,0,1,3,0,0,0,0,E5,8,0D,0A
9179,2026-05-21 11:16:10.954,0D,0,0,0,0,52,0,0,0,1,3,0,0,0,0,E3
9180,2026-05-21 11:16:11.163,8,0D,0A,0D,0,0,0,0,52,0,0,0,1,3,0,0
9181,2026-05-21 11:16:11.372,0,0,E5,8,0D,0A,0D,0,0,0,0,51,0,0,0,1
9182,2026-05-21 11:16:11.580,3,0,0,0,0,E5,8,0D,0A,0D,0,0,0,0,50,0
9183,2026-05-21 11:16:11.788,0,0,1,3,0,0,0,0,E5,8,0D,0A,0D,0,0,0
9184,2026-05-21 11:16:11.997,0,50,0,0,0,1,3,0,0,0,0,E3,8,0D,0A,0D
9185,2026-05-21 11:16:12.008,0,0,0,0,52,0,0,0,1,3,0,0,0,0,E5,8
9186,2026-05-21 11:16:12.214,0D,0A,0D,0,0,0,0,52,0,0,0,1,3,0,0,0
9187,2026-05-21 11:16:12.424,0,E5,8,0D,0A,0D,0,0,0,0,51,0,0,0,1,3
9188,2026-05-21 11:16:12.632,0,0,0,0,E5,8,0D,0A,0D,0,0,0,0,52,0,0
9189,2026-05-21 11:16:12.841,0,1,3,0,0,0,0,E5,8,0D,0A,0D,0,0,0,0
9190,2026-05-21 11:16:13.049,51,0,0,0,1,3,0,0,0,0,E5,8,0D,0A,0D,0
9191,2026-05-21 11:16:13.060,0,0,0,52,0,0,0,1,3,0,0,0,0,E5,8,0D
9192,2026-05-21 11:16:13.267,0A,0D,0,0,0,0,50,0,0,0,1,3,0,0,0,0
9193,2026-05-21 11:16:13.480,E3,8,0D,0A,0D,0,0,0,0,53,0,0,0,1,3,0
9194,2026-05-21 11:16:13.678,0,0,0,E3,8,0D,0A,0D,0,0,0,0,50,0,0,0
9195,2026-05-21 11:16:13.890,1,3,0,0,0,0,E5,8,0D,0A,0D,0,0,0,0,51
9196,2026-05-21 11:16:14.090,0,0,0,1,3,0,0,0,0,E5,8,0D,0A,0D,0,0
9197,2026-05-21 11:16:14.115,0,0,52,0,0,0,1,3,0,0,0,0,E3,8,0D,0A
9198,2026-05-21 11:16:14.318,0D,0,0,0,0,51,0,0,0,1,3,0,0,0,0,E3
9199,2026-05-21 11:16:14.528,8,0D,0A,0D,0,0,0,0,50,0,0,0,1,3,0,0
9200,2026-05-21 11:16:14.741,0,0,E3,8,0D,0A,0D,0,0,0,0,50,0,0,0,1
9201,2026-05-21 11:16:14.945,3,0,0,0,0,E5,8,0D,0A,0D,0,0,0,0,51,0
9202,2026-05-21 11:16:15.154,0,0,1,3,0,0,0,0,E5,8,0D,0A,0D,0,0,0
9203,2026-05-21 11:16:15.361,0,51,0,0,0,1,3,0,0,0,0,E5,8,0D,0A,0D
9204,2026-05-21 11:16:15.374,0,0,0,0,52,0,0,0,1,3,0,0,0,0,E3,8
9205,2026-05-21 11:16:15.579,0D,0A,0D,0,0,0,0,51,0,0,0,1,3,0,0,0
9206,2026-05-21 11:16:15.788,0,E5,8,0D,0A,0D,0,0,0,0,51,0,0,0,1,3
9207,2026-05-21 11:16:15.996,0,0,0,0,E3,8,0D,0A,0D,0,0,0,0,51,0,0
9208,2026-05-21 11:16:16.207,0,1,3,0,0,0,0,E5,8,0D,0A,0D,0,0,0,0
9209,2026-05-21 11:16:16.413,52,0,0,0,1,3,0,0,0,0,E5,8,0D,0A,0D,0
9210,2026-05-21 11:16:16.426,0,0,0,52,0,0,0,1,3,0,0,0,0,E5,8,0D
9211,2026-05-21 11:16:16.631,0A,0D,0,0,0,0,52,0,0,0,1,3,0,0,0,0
9212,2026-05-21 11:16:16.840,E5,8,0D,0A,0D,0,0,0,0,51,0,0,0,1,3,0
9213,2026-05-21 11:16:17.058,0,0,0,E5,8,0D,0A,0D,0,0,0,0,52,0,0,0
9214,2026-05-21 11:16:17.257,1,3,0,0,0,0,E3,8,0D,0A,0D,0,0,0,0,52
9215,2026-05-21 11:16:17.466,0,0,0,1,3,0,0,0,0,E5,8,0D,0A,0D,0,0
9216,2026-05-21 11:16:17.490,0,0,52,0,0,0,1,3,0,0,0,0,E7,8,0D,0A
9217,2026-05-21 11:16:17.682,0D,0,0,0,0,54,0,0,0,1,3,0,0,0,0,E5
9218,2026-05-21 11:16:17.891,8,0D,0A,0D,0,0,0,0,52,0,0,0,1,3,0,0
9219,2026-05-21 11:16:18.113,0,0,E5,8,0D,0A,0D,0,0,0,0,52,0,0,0,1
9220,2026-05-21 11:16:18.310,3,0,0,0,0,E5,8,0D,0A,0D,0,0,0,0,54,0
9221,2026-05-21 11:16:18.519,0,0,1,3,0,0,0,0,E5,8,0D,0A,0D,0,0,0
9222,2026-05-21 11:16:18.727,0,55,0,0,0,1,3,0,0,0,0,E5,8,0D,0A,0D
9223,2026-05-21 11:16:18.738,0,0,0,0,55,0,0,0,1,3,0,0,0,0,E5,8
9224,2026-05-21 11:16:18.946,0D,0A,0D,0,0,0,0,58,0,0,0,1,3,0,0,0
9225,2026-05-21 11:16:19.152,0,E5,8,0D,0A,0D,0,0,0,0,58,0,0,0,1,3
9226,2026-05-21 11:16:19.361,0,0,0,0,E5,8,0D,0A,0D,0,0,0,0,58,0,0
9227,2026-05-21 11:16:19.576,0,1,3,0,0,0,0,E5,8,0D,0A,0D,0,0,0,0
9228,2026-05-21 11:16:19.788,58,0,0,0,1,3,0,0,0,0,E5,8,0D,0A,0D,0
9229,2026-05-21 11:16:19.802,0,0,0,58,0,0,0,1,3,0,0,0,0,E5,8,0D
9230,2026-05-21 11:16:19.996,0A,0D,0,0,0,0,58,0,0,0,1,3,0,0,0,0
9231,2026-05-21 11:16:20.204,E5,8,0D,0A,0D,0,0,0,0,58,0,0,0,1,3,0
9232,2026-05-21 11:16:20.414,0,0,0,E5,8,0D,0A,0D,0,0,0,0,58,0,0,0
9233,2026-05-21 11:16:20.622,1,3,0,0,0,0,E5,8,0D,0A,0D,0,0,0,0,58
9234,2026-05-21 11:16:20.831,0,0,0,1,3,0,0,0,0,E5,8,0D,0A,0D,0,0
9235,2026-05-21 11:16:20.842,0,0,57,0,0,0,1,3,0,0,0,0,E5,8,0D,0A
9236,2026-05-21 11:16:21.048,0D,0,0,0,0,57,0,0,0,1,3,0,0,0,0,E3
9237,2026-05-21 11:16:21.257,8,0D,0A,0D,0,0,0,0,57,0,0,0,1,3,0,0
9238,2026-05-21 11:16:21.465,0,0,E5,8,0D,0A,0D,0,0,0,0,57,0,0,0,1
9239,2026-05-21 11:16:21.674,3,0,0,0,0,E5,8,0D,0A,0D,0,0,0,0,58,0
9240,2026-05-21 11:16:21.882,0,0,1,3,0,0,0,0,E5,8,0D,0A,0D,0,0,0
9241,2026-05-21 11:16:22.091,0,58,0,0,0,1,3,0,0,0,0,E5,8,0D,0A,0D
9242,2026-05-21 11:16:22.103,0,0,0,0,58,0,0,0,1,3,0,0,0,0,E3,8
9243,2026-05-21 11:16:22.308,0D,0A,0D,0,0,0,0,58,0,0,0,1,3,0,0,0
9244,2026-05-21 11:16:22.516,0,E3,8,0D,0A,0D,0,0,0,0,58,0,0,0,1,3
9245,2026-05-21 11:16:22.726,0,0,0,0,E5,8,0D,0A,0D,0,0,0,0,59,0,0
9246,2026-05-21 11:16:22.934,0,1,3,0,0,0,0,E5,8,0D,0A,0D,0,0,0,0
9247,2026-05-21 11:16:23.143,59,0,0,0,1,3,0,0,0,0,E7,8,0D,0A,0D,0
9248,2026-05-21 11:16:23.154,0,0,0,58,0,0,0,1,3,0,0,0,0,E5,8,0D
9249,2026-05-21 11:16:23.359,0A,0D,0,0,0,0,59,0,0,0,1,3,0,0,0,0
9250,2026-05-21 11:16:23.569,E5,8,0D,0A,0D,0,0,0,0,58,0,0,0,1,3,0
9251,2026-05-21 11:16:23.777,0,0,0,E5,8,0D,0A,0D,0,0,0,0,59,0,0,0
9252,2026-05-21 11:16:23.986,1,3,0,0,0,0,E5,8,0D,0A,0D,0,0,0,0,59
9253,2026-05-21 11:16:24.195,0,0,0,1,3,0,0,0,0,E3,8,0D,0A,0D,0,0
9254,2026-05-21 11:16:24.206,0,0,59,0,0,0,1,3,0,0,0,0,E5,8,0D,0A
9255,2026-05-21 11:16:24.413,0D,0,0,0,0,59,0,0,0,1,3,0,0,0,0,E3
9256,2026-05-21 11:16:24.620,8,0D,0A,0D,0,0,0,0,58,0,0,0,1,3,0,0
9257,2026-05-21 11:16:24.830,0,0,E5,8,0D,0A,0D,0,0,0,0,57,0,0,0,1
9258,2026-05-21 11:16:25.038,3,0,0,0,0,E5,8,0D,0A,0D,0,0,0,0,56,0
9259,2026-05-21 11:16:25.247,0,0,1,3,0,0,0,0,E3,8,0D,0A,0D,0,0,0
9260,2026-05-21 11:16:25.455,0,56,0,0,0,1,3,0,0,0,0,E5,8,0D,0A,0D
9261,2026-05-21 11:16:25.471,0,0,0,0,54,0,0,0,1,3,0,0,0,0,E3,8
9262,2026-05-21 11:16:25.664,0D,0A,0D,0,0,0,0,56,0,0,0,1,3,0,0,0
9263,2026-05-21 11:16:25.886,0,E5,8,0D,0A,0D,0,0,0,0,55,0,0,0,1,3
9264,2026-05-21 11:16:26.089,0,0,0,0,E5,8,0D,0A,0D,0,0,0,0,55,0,0
9265,2026-05-21 11:16:26.298,0,1,3,0,0,0,0,E5,8,0D,0A,0D,0,0,0,0
9266,2026-05-21 11:16:26.507,56,0,0,0,1,3,0,0,0,0,E5,8,0D,0A,0D,0
9267,2026-05-21 11:16:26.519,0,0,0,56,0,0,0,1,3,0,0,0,0,E3,8,0D
9268,2026-05-21 11:16:26.725,0A,0D,0,0,0,0,55,0,0,0,1,3,0,0,0,0
9269,2026-05-21 11:16:26.933,E3,8,0D,0A,0D,0,0,0,0,55,0,0,0,1,3,0
9270,2026-05-21 11:16:27.143,0,0,0,E5,8,0D,0A,0D,0,0,0,0,54,0,0,0
9271,2026-05-21 11:16:27.352,1,3,0,0,0,0,E5,8,0D,0A,0D,0,0,0,0,55
9272,2026-05-21 11:16:27.560,0,0,0,1,3,0,0,0,0,E3,8,0D,0A,0D,0,0
9273,2026-05-21 11:16:27.571,0,0,55,0,0,0,1,3,0,0,0,0,E3,8,0D,0A
9274,2026-05-21 11:16:27.777,0D,0,0,0,0,55,0,0,0,1,3,0,0,0,0,E5
9275,2026-05-21 11:16:27.985,8,0D,0A,0D,0,0,0,0,55,0,0,0,1,3,0,0
9276,2026-05-21 11:16:28.194,0,0,E5,8,0D,0A,0D,0,0,0,0,55,0,0,0,1
9277,2026-05-21 11:16:28.402,3,0,0,0,0,E5,8,0D,0A,0D,0,0,0,0,55,0
9278,2026-05-21 11:16:28.612,0,0,1,3,0,0,0,0,E3,8,0D,0A,0D,0,0,0
9279,2026-05-21 11:16:28.821,0,55,0,0,0,1,3,0,0,0,0,E5,8,0D,0A,0D
9280,2026-05-21 11:16:28.832,0,0,0,0,55,0,0,0,1,3,0,0,0,0,E5,8
9281,2026-05-21 11:16:29.037,0D,0A,0D,0,0,0,0,53,0,0,0,1,3,0,0,0
9282,2026-05-21 11:16:29.247,0,E7,8,0D,0A,0D,0,0,0,0,54,0,0,0,1,3
9283,2026-05-21 11:16:29.455,0,0,0,0,E5,8,0D,0A,0D,0,0,0,0,53,0,0
9284,2026-05-21 11:16:29.662,0,1,3,0,0,0,0,E3,8,0D,0A,0D,0,0,0,0
9285,2026-05-21 11:16:29.868,54,0,0,0,1,3,0,0,0,0,E5,8,0D,0A,0D,0
9286,2026-05-21 11:16:29.882,0,0,0,53,0,0,0,1,3,0,0,0,0,E5,8,0D
9287,2026-05-21 11:16:30.089,0A,0D,0,0,0,0,54,0,0,0,1,3,0,0,0,0
9288,2026-05-21 11:16:30.299,E5,8,0D,0A,0D,0,0,0,0,54,0,0,0,1,3,0
9289,2026-05-21 11:16:30.508,0,0,0,E3,8,0D,0A,0D,0,0,0,0,54,0,0,0
9290,2026-05-21 11:16:30.716,1,3,0,0,0,0,E5,8,0D,0A,0D,0,0,0,0,55
9291,2026-05-21 11:16:30.925,0,0,0,1,3,0,0,0,0,E3,8,0D,0A,0D,0,0
9292,2026-05-21 11:16:30.937,0,0,55,0,0,0,1,3,0,0,0,0,E5,8,0D,0A
9293,2026-05-21 11:16:31.142,0D,0,0,0,0,55,0,0,0,1,3,0,0,0,0,E5
9294,2026-05-21 11:16:31.351,8,0D,0A,0D,0,0,0,0,55,0,0,0,1,3,0,0
9295,2026-05-21 11:16:31.560,0,0,E3,8,0D,0A,0D,0,0,0,0,55,0,0,0,1
9296,2026-05-21 11:16:31.768,3,0,0,0,0,E5,8,0D,0A,0D,0,0,0,0,55,0
9297,2026-05-21 11:16:31.977,0,0,1,3,0,0,0,0,E5,8,0D,0A,0D,0,0,0
9298,2026-05-21 11:16:32.185,0,55,0,0,0,1,3,0,0,0,0,E5,8,0D,0A,0D
9299,2026-05-21 11:16:32.202,0,0,0,0,55,0,0,0,1,3,0,0,0,0,E3,8
9300,2026-05-21 11:16:32.404,0D,0A,0D,0,0,0,0,55,0,0,0,1,3,0,0,0
9301,2026-05-21 11:16:32.612,0,E5,8,0D,0A,0D,0,0,0,0,55,0,0,0,1,3
9302,2026-05-21 11:16:32.821,0,0,0,0,E3,8,0D,0A,0D,0,0,0,0,55,0,0
9303,2026-05-21 11:16:33.029,0,1,3,0,0,0,0,E5,8,0D,0A,0D,0,0,0,0
9304,2026-05-21 11:16:33.238,54,0,0,0,1,3,0,0,0,0,E5,8,0D,0A,0D,0
9305,2026-05-21 11:16:33.251,0,0,0,56,0,0,0,1,3,0,0,0,0,E5,8,0D
9306,2026-05-21 11:16:33.455,0A,0D,0,0,0,0,54,0,0,0,1,3,0,0,0,0
9307,2026-05-21 11:16:33.664,E5,8,0D,0A,0D,0,0,0,0,55,0,0,0,1,3,0
9308,2026-05-21 11:16:33.860,0,0,0,E5,8,0D,0A,0D,0,0,0,0,55,0,0,0
9309,2026-05-21 11:16:34.073,1,3,0,0,0,0,E5,8,0D,0A,0D,0,0,0,0,55
9310,2026-05-21 11:16:34.290,0,0,0,1,3,0,0,0,0,E5,8,0D,0A,0D,0,0
9311,2026-05-21 11:16:34.305,0,0,54,0,0,0,1,3,0,0,0,0,E5,8,0D,0A
9312,2026-05-21 11:16:34.507,0D,0,0,0,0,54,0,0,0,1,3,0,0,0,0,E5
9313,2026-05-21 11:16:34.716,8,0D,0A,0D,0,0,0,0,53,0,0,0,1,3,0,0
9314,2026-05-21 11:16:34.924,0,0,E5,8,0D,0A,0D,0,0,0,0,53,0,0,0,1
9315,2026-05-21 11:16:35.134,3,0,0,0,0,E5,8,0D,0A,0D,0,0,0,0,54,0
9316,2026-05-21 11:16:35.354,0,0,1,3,0,0,0,0,E3,8,0D,0A,0D,0,0,0
9317,2026-05-21 11:16:35.551,0,55,0,0,0,1,3,0,0,0,0,E5,8,0D,0A,0D
9318,2026-05-21 11:16:35.563,0,0,0,0,55,0,0,0,1,3,0,0,0,0,E5,8
9319,2026-05-21 11:16:35.768,0D,0A,0D,0,0,0,0,56,0,0,0,1,3,0,0,0
9320,2026-05-21 11:16:35.977,0,E5,8,0D,0A,0D,0,0,0,0,56,0,0,0,1,3
9321,2026-05-21 11:16:36.185,0,0,0,0,E5,8,0D,0A,0D,0,0,0,0,56,0,0
9322,2026-05-21 11:16:36.394,0,1,3,0,0,0,0,E3,8,0D,0A,0D,0,0,0,0
9323,2026-05-21 11:16:36.602,56,0,0,0,1,3,0,0,0,0,E5,8,0D,0A,0D,0
9324,2026-05-21 11:16:36.612,0,0,0,55,0,0,0,1,3,0,0,0,0,E5,8,0D
9325,2026-05-21 11:16:36.819,0A,0D,0,0,0,0,54,0,0,0,1,3,0,0,0,0
9326,2026-05-21 11:16:37.028,E5,8,0D,0A,0D,0,0,0,0,52,0,0,0,1,3,0
9327,2026-05-21 11:16:37.237,0,0,0,E5,8,0D,0A,0D,0,0,0,0,53,0,0,0
9328,2026-05-21 11:16:37.446,1,3,0,0,0,0,E5,8,0D,0A,0D,0,0,0,0,52
9329,2026-05-21 11:16:37.655,0,0,0,1,3,0,0,0,0,E5,8,0D,0A,0D,0,0
9330,2026-05-21 11:16:37.665,0,0,52,0,0,0,1,3,0,0,0,0,E5,8,0D,0A
9331,2026-05-21 11:16:37.868,0D,0,0,0,0,52,0,0,0,1,3,0,0,0,0,E5
9332,2026-05-21 11:16:38.069,8,0D,0A,0D,0,0,0,0,52,0,0,0,1,3,0,0
9333,2026-05-21 11:16:38.290,0,0,E5,8,0D,0A,0D,0,0,0,0,52,0,0,0,1
9334,2026-05-21 11:16:38.498,3,0,0,0,0,E5,8,0D,0A,0D,0,0,0,0,52,0
9335,2026-05-21 11:16:38.706,0,0,1,3,0,0,0,0,E3,8,0D,0A,0D,0,0,0
9336,2026-05-21 11:16:38.915,0,52,0,0,0,1,3,0,0,0,0,E5,8,0D,0A,0D
9337,2026-05-21 11:16:38.927,0,0,0,0,51,0,0,0,1,3,0,0,0,0,E5,8
9338,2026-05-21 11:16:39.132,0D,0A,0D,0,0,0,0,51,0,0,0,1,3,0,0,0
9339,2026-05-21 11:16:39.341,0,E3,8,0D,0A,0D,0,0,0,0,50,0,0,0,1,3
9340,2026-05-21 11:16:39.550,0,0,0,0,E5,8,0D,0A,0D,0,0,0,0,51,0,0
9341,2026-05-21 11:16:39.759,0,1,3,0,0,0,0,E5,8,0D,0A,0D,0,0,0,0
9342,2026-05-21 11:16:39.967,51,0,0,0,1,3,0,0,0,0,E5,8,0D,0A,0D,0
9343,2026-05-21 11:16:39.977,0,0,0,52,0,0,0,1,3,0,0,0,0,E3,8,0D
9344,2026-05-21 11:16:40.185,0A,0D,0,0,0,0,52,0,0,0,1,3,0,0,0,0
9345,2026-05-21 11:16:40.393,E5,8,0D,0A,0D,0,0,0,0,52,0,0,0,1,3,0
9346,2026-05-21 11:16:40.607,0,0,0,E5,8,0D,0A,0D,0,0,0,0,53,0,0,0
9347,2026-05-21 11:16:40.810,1,3,0,0,0,0,E5,8,0D,0A,0D,0,0,0,0,52
9348,2026-05-21 11:16:41.020,0,0,0,1,3,0,0,0,0,E3,8,0D,0A,0D,0,0
9349,2026-05-21 11:16:41.029,0,0,52,0,0,0,1,3,0,0,0,0,E5,8,0D,0A
9350,2026-05-21 11:16:41.236,0D,0,0,0,0,52,0,0,0,1,3,0,0,0,0,E5
9351,2026-05-21 11:16:41.445,8,0D,0A,0D,0,0,0,0,52,0,0,0,1,3,0,0
9352,2026-05-21 11:16:41.654,0,0,E5,8,0D,0A,0D,0,0,0,0,52,0,0,0,1
9353,2026-05-21 11:16:41.855,3,0,0,0,0,E5,8,0D,0A,0D,0,0,0,0,52,0
9354,2026-05-21 11:16:42.057,0,0,1,3,0,0,0,0,E5,8,0D,0A,0D,0,0,0
9355,2026-05-21 11:16:42.280,0,52,0,0,0,1,3,0,0,0,0,E5,8,0D,0A,0D
9356,2026-05-21 11:16:42.291,0,0,0,0,53,0,0,0,1,3,0,0,0,0,E5,8
9357,2026-05-21 11:16:42.497,0D,0A,0D,0,0,0,0,53,0,0,0,1,3,0,0,0
9358,2026-05-21 11:16:42.706,0,E5,8,0D,0A,0D,0,0,0,0,53,0,0,0,1,3
9359,2026-05-21 11:16:42.914,0,0,0,0,E5,8,0D,0A,0D,0,0,0,0,53,0,0
9360,2026-05-21 11:16:43.123,0,1,3,0,0,0,0,E3,8,0D,0A,0D,0,0,0,0
9361,2026-05-21 11:16:43.332,56,0,0,0,1,3,0,0,0,0,E5,8,0D,0A,0D,0
9362,2026-05-21 11:16:43.343,0,0,0,54,0,0,0,1,3,0,0,0,0,E3,8,0D
9363,2026-05-21 11:16:43.549,0A,0D,0,0,0,0,56,0,0,0,1,3,0,0,0,0
9364,2026-05-21 11:16:43.757,E5,8,0D,0A,0D,0,0,0,0,54,0,0,0,1,3,0
9365,2026-05-21 11:16:43.966,0,0,0,E3,8,0D,0A,0D,0,0,0,0,54,0,0,0
9366,2026-05-21 11:16:44.175,1,3,0,0,0,0,E3,8,0D,0A,0D,0,0,0,0,54
9367,2026-05-21 11:16:44.383,0,0,0,1,3,0,0,0,0,E5,8,0D,0A,0D,0,0
9368,2026-05-21 11:16:44.392,0,0,54,0,0,0,1,3,0,0,0,0,E5,8,0D,0A
9369,2026-05-21 11:16:44.600,0D,0,0,0,0,54,0,0,0,1,3,0,0,0,0,E3
9370,2026-05-21 11:16:44.809,8,0D,0A,0D,0,0,0,0,54,0,0,0,1,3,0,0
9371,2026-05-21 11:16:45.018,0,0,E5,8,0D,0A,0D,0,0,0,0,54,0,0,0,1
9372,2026-05-21 11:16:45.227,3,0,0,0,0,E3,8,0D,0A,0D,0,0,0,0,54,0
9373,2026-05-21 11:16:45.435,0,0,1,3,0,0,0,0,E5,8,0D,0A,0D,0,0,0
9374,2026-05-21 11:16:45.644,0,55,0,0,0,1,3,0,0,0,0,E5,8,0D,0A,0D
9375,2026-05-21 11:16:45.653,0,0,0,0,54,0,0,0,1,3,0,0,0,0,E5,8
9376,2026-05-21 11:16:45.861,0D,0A,0D,0,0,0,0,54,0,0,0,1,3,0,0,0
9377,2026-05-21 11:16:46.069,0,E5,8,0D,0A,0D,0,0,0,0,52,0,0,0,1,3
9378,2026-05-21 11:16:46.278,0,0,0,0,E5,8,0D,0A,0D,0,0,0,0,53,0,0
9379,2026-05-21 11:16:46.487,0,1,3,0,0,0,0,E3,8,0D,0A,0D,0,0,0,0
9380,2026-05-21 11:16:46.696,52,0,0,0,1,3,0,0,0,0,E5,8,0D,0A,0D,0
9381,2026-05-21 11:16:46.708,0,0,0,51,0,0,0,1,3,0,0,0,0,E3,8,0D
9382,2026-05-21 11:16:46.913,0A,0D,0,0,0,0,50,0,0,0,1,3,0,0,0,0
9383,2026-05-21 11:16:47.123,E5,8,0D,0A,0D,0,0,0,0,51,0,0,0,1,3,0
9384,2026-05-21 11:16:47.330,0,0,0,E3,8,0D,0A,0D,0,0,0,0,53,0,0,0
9385,2026-05-21 11:16:47.539,1,3,0,0,0,0,E5,8,0D,0A,0D,0,0,0,0,53
9386,2026-05-21 11:16:47.747,0,0,0,1,3,0,0,0,0,E3,8,0D,0A,0D,0,0
9387,2026-05-21 11:16:47.757,0,0,52,0,0,0,1,3,0,0,0,0,E5,8,0D,0A
9388,2026-05-21 11:16:47.965,0D,0,0,0,0,52,0,0,0,1,3,0,0,0,0,E5
9389,2026-05-21 11:16:48.174,8,0D,0A,0D,0,0,0,0,53,0,0,0,1,3,0,0
9390,2026-05-21 11:16:48.382,0,0,E3,8,0D,0A,0D,0,0,0,0,53,0,0,0,1
9391,2026-05-21 11:16:48.591,3,0,0,0,0,E5,8,0D,0A,0D,0,0,0,0,54,0
9392,2026-05-21 11:16:48.801,0,0,1,3,0,0,0,0,E5,8,0D,0A,0D,0,0,0
9393,2026-05-21 11:16:49.009,0,54,0,0,0,1,3,0,0,0,0,E5,8,0D,0A,0D
9394,2026-05-21 11:16:49.018,0,0,0,0,55,0,0,0,1,3,0,0,0,0,E5,8
9395,2026-05-21 11:16:49.226,0D,0A,0D,0,0,0,0,54,0,0,0,1,3,0,0,0
9396,2026-05-21 11:16:49.434,0,E5,8,0D,0A,0D,0,0,0,0,54,0,0,0,1,3
9397,2026-05-21 11:16:49.643,0,0,0,0,E5,8,0D,0A,0D,0,0,0,0,53,0,0
9398,2026-05-21 11:16:49.845,0,1,3,0,0,0,0,E3,8,0D,0A,0D,0,0,0,0
9399,2026-05-21 11:16:50.058,55,0,0,0,1,3,0,0,0,0,E3,8,0D,0A,0D,0
9400,2026-05-21 11:16:50.070,0,0,0,51,0,0,0,1,3,0,0,0,0,E5,8,0D
9401,2026-05-21 11:16:50.277,0A,0D,0,0,0,0,4F,0,0,0,1,3,0,0,0,0
9402,2026-05-21 11:16:50.486,E5,8,0D,0A,0D,0,0,0,0,4F,0,0,0,1,3,0
9403,2026-05-21 11:16:50.695,0,0,0,E5,8,0D,0A,0D,0,0,0,0,4F,0,0,0
9404,2026-05-21 11:16:50.903,1,3,0,0,0,0,E3,8,0D,0A,0D,0,0,0,0,50
9405,2026-05-21 11:16:51.112,0,0,0,1,3,0,0,0,0,E5,8,0D,0A,0D,0,0
9406,2026-05-21 11:16:51.123,0,0,52,0,0,0,1,3,0,0,0,0,E5,8,0D,0A
9407,2026-05-21 11:16:51.329,0D,0,0,0,0,54,0,0,0,1,3,0,0,0,0,E5
9408,2026-05-21 11:16:51.539,8,0D,0A,0D,0,0,0,0,54,0,0,0,1,3,0,0
9409,2026-05-21 11:16:51.749,0,0,E3,8,0D,0A,0D,0,0,0,0,55,0,0,0,1
9410,2026-05-21 11:16:51.956,3,0,0,0,0,E5,8,0D,0A,0D,0,0,0,0,56,0
9411,2026-05-21 11:16:52.164,0,0,1,3,0,0,0,0,E3,8,0D,0A,0D,0,0,0
9412,2026-05-21 11:16:52.374,0,56,0,0,0,1,3,0,0,0,0,E5,8,0D,0A,0D
9413,2026-05-21 11:16:52.383,0,0,0,0,56,0,0,0,1,3,0,0,0,0,E7,8
9414,2026-05-21 11:16:52.591,0D,0A,0D,0,0,0,0,56,0,0,0,1,3,0,0,0
9415,2026-05-21 11:16:52.799,0,E3,8,0D,0A,0D,0,0,0,0,55,0,0,0,1,3
9416,2026-05-21 11:16:53.008,0,0,0,0,E5,8,0D,0A,0D,0,0,0,0,55,0,0
9417,2026-05-21 11:16:53.216,0,1,3,0,0,0,0,E3,8,0D,0A,0D,0,0,0,0
9418,2026-05-21 11:16:53.427,52,0,0,0,1,3,0,0,0,0,E5,8,0D,0A,0D,0
9419,2026-05-21 11:16:53.443,0,0,0,52,0,0,0,1,3,0,0,0,0,E5,8,0D
9420,2026-05-21 11:16:53.641,0A,0D,0,0,0,0,51,0,0,0,1,3,0,0,0,0
9421,2026-05-21 11:16:53.842,E5,8,0D,0A,0D,0,0,0,0,54,0,0,0,1,3,0
9422,2026-05-21 11:16:54.059,0,0,0,E3,8,0D,0A,0D,0,0,0,0,56,0,0,0
9423,2026-05-21 11:16:54.268,1,3,0,0,0,0,E5,8,0D,0A,0D,0,0,0,0,56
9424,2026-05-21 11:16:54.477,0,0,0,1,3,0,0,0,0,E3,8,0D,0A,0D,0,0
9425,2026-05-21 11:16:54.487,0,0,55,0,0,0,1,3,0,0,0,0,E5,8,0D,0A
9426,2026-05-21 11:16:54.694,0D,0,0,0,0,55,0,0,0,1,3,0,0,0,0,E5
9427,2026-05-21 11:16:54.903,8,0D,0A,0D,0,0,0,0,55,0,0,0,1,3,0,0
9428,2026-05-21 11:16:55.111,0,0,E3,8,0D,0A,0D,0,0,0,0,56,0,0,0,1
9429,2026-05-21 11:16:55.319,3,0,0,0,0,E5,8,0D,0A,0D,0,0,0,0,56,0
9430,2026-05-21 11:16:55.529,0,0,1,3,0,0,0,0,E3,8,0D,0A,0D,0,0,0
9431,2026-05-21 11:16:55.738,0,55,0,0,0,1,3,0,0,0,0,E5,8,0D,0A,0D
9432,2026-05-21 11:16:55.748,0,0,0,0,56,0,0,0,1,3,0,0,0,0,E3,8
9433,2026-05-21 11:16:55.955,0D,0A,0D,0,0,0,0,56,0,0,0,1,3,0,0,0
9434,2026-05-21 11:16:56.163,0,E5,8,0D,0A,0D,0,0,0,0,55,0,0,0,1,3
9435,2026-05-21 11:16:56.373,0,0,0,0,E3,8,0D,0A,0D,0,0,0,0,55,0,0
9436,2026-05-21 11:16:56.581,0,1,3,0,0,0,0,E3,8,0D,0A,0D,0,0,0,0
9437,2026-05-21 11:16:56.790,55,0,0,0,1,3,0,0,0,0,E5,8,0D,0A,0D,0
9438,2026-05-21 11:16:56.801,0,0,0,56,0,0,0,1,3,0,0,0,0,E3,8,0D
9439,2026-05-21 11:16:57.007,0A,0D,0,0,0,0,55,0,0,0,1,3,0,0,0,0
9440,2026-05-21 11:16:57.215,E5,8,0D,0A,0D,0,0,0,0,55,0,0,0,1,3,0
9441,2026-05-21 11:16:57.424,0,0,0,E3,8,0D,0A,0D,0,0,0,0,55,0,0,0
9442,2026-05-21 11:16:57.632,1,3,0,0,0,0,E5,8,0D,0A,0D,0,0,0,0,55
9443,2026-05-21 11:16:57.835,0,0,0,1,3,0,0,0,0,E3,8,0D,0A,0D,0,0
9444,2026-05-21 11:16:57.856,0,0,55,0,0,0,1,3,0,0,0,0,E5,8,0D,0A
9445,2026-05-21 11:16:58.058,0D,0,0,0,0,55,0,0,0,1,3,0,0,0,0,E3
9446,2026-05-21 11:16:58.268,8,0D,0A,0D,0,0,0,0,55,0,0,0,1,3,0,0
9447,2026-05-21 11:16:58.476,0,0,E3,8,0D,0A,0D,0,0,0,0,55,0,0,0,1
9448,2026-05-21 11:16:58.685,3,0,0,0,0,E5,8,0D,0A,0D,0,0,0,0,55,0
9449,2026-05-21 11:16:58.894,0,0,1,3,0,0,0,0,E3,8,0D,0A,0D,0,0,0
9450,2026-05-21 11:16:59.102,0,56,0,0,0,1,3,0,0,0,0,E5,8,0D,0A,0D
9451,2026-05-21 11:16:59.112,0,0,0,0,55,0,0,0,1,3,0,0,0,0,E3,8
9452,2026-05-21 11:16:59.320,0D,0A,0D,0,0,0,0,54,0,0,0,1,3,0,0,0
9453,2026-05-21 11:16:59.528,0,E5,8,0D,0A,0D,0,0,0,0,54,0,0,0,1,3
9454,2026-05-21 11:16:59.737,0,0,0,0,E5,8,0D,0A,0D,0,0,0,0,55,0,0
9455,2026-05-21 11:16:59.945,0,1,3,0,0,0,0,E5,8,0D,0A,0D,0,0,0,0
9456,2026-05-21 11:17:00.155,55,0,0,0,1,3,0,0,0,0,E5,8,0D,0A,0D,0
9457,2026-05-21 11:17:00.167,0,0,0,55,0,0,0,1,3,0,0,0,0,E3,8,0D
9458,2026-05-21 11:17:00.371,0A,0D,0,0,0,0,55,0,0,0,1,3,0,0,0,0
9459,2026-05-21 11:17:00.580,E5,8,0D,0A,0D,0,0,0,0,55,0,0,0,1,3,0
9460,2026-05-21 11:17:00.788,0,0,0,E5,8,0D,0A,0D,0,0,0,0,56,0,0,0
9461,2026-05-21 11:17:00.998,1,3,0,0,0,0,E5,8,0D,0A,0D,0,0,0,0,56
9462,2026-05-21 11:17:01.207,0,0,0,1,3,0,0,0,0,E5,8,0D,0A,0D,0,0
9463,2026-05-21 11:17:01.216,0,0,58,0,0,0,1,3,0,0,0,0,E5,8,0D,0A
9464,2026-05-21 11:17:01.423,0D,0,0,0,0,56,0,0,0,1,3,0,0,0,0,E5
9465,2026-05-21 11:17:01.632,8,0D,0A,0D,0,0,0,0,56,0,0,0,1,3,0,0
9466,2026-05-21 11:17:01.837,0,0,E5,8,0D,0A,0D,0,0,0,0,55,0,0,0,1
9467,2026-05-21 11:17:02.037,3,0,0,0,0,E3,8,0D,0A,0D,0,0,0,0,55,0
9468,2026-05-21 11:17:02.258,0,0,1,3,0,0,0,0,E5,8,0D,0A,0D,0,0,0
9469,2026-05-21 11:17:02.467,0,55,0,0,0,1,3,0,0,0,0,E3,8,0D,0A,0D
9470,2026-05-21 11:17:02.476,0,0,0,0,55,0,0,0,1,3,0,0,0,0,E5,8
9471,2026-05-21 11:17:02.684,0D,0A,0D,0,0,0,0,55,0,0,0,1,3,0,0,0
9472,2026-05-21 11:17:02.893,0,E3,8,0D,0A,0D,0,0,0,0,55,0,0,0,1,3
9473,2026-05-21 11:17:03.102,0,0,0,0,E3,8,0D,0A,0D,0,0,0,0,55,0,0
9474,2026-05-21 11:17:03.310,0,1,3,0,0,0,0,E5,8,0D,0A,0D,0,0,0,0
9475,2026-05-21 11:17:03.519,55,0,0,0,1,3,0,0,0,0,E5,8,0D,0A,0D,0
9476,2026-05-21 11:17:03.530,0,0,0,55,0,0,0,1,3,0,0,0,0,E5,8,0D
9477,2026-05-21 11:17:03.736,0A,0D,0,0,0,0,55,0,0,0,1,3,0,0,0,0
9478,2026-05-21 11:17:03.945,E3,8,0D,0A,0D,0,0,0,0,55,0,0,0,1,3,0
9479,2026-05-21 11:17:04.154,0,0,0,E5,8,0D,0A,0D,0,0,0,0,53,0,0,0
9480,2026-05-21 11:17:04.362,1,3,0,0,0,0,E3,8,0D,0A,0D,0,0,0,0,54
9481,2026-05-21 11:17:04.571,0,0,0,1,3,0,0,0,0,E5,8,0D,0A,0D,0,0
9482,2026-05-21 11:17:04.583,0,0,53,0,0,0,1,3,0,0,0,0,E5,8,0D,0A
9483,2026-05-21 11:17:04.788,0D,0,0,0,0,54,0,0,0,1,3,0,0,0,0,E5
9484,2026-05-21 11:17:04.997,8,0D,0A,0D,0,0,0,0,52,0,0,0,1,3,0,0
9485,2026-05-21 11:17:05.206,0,0,E3,8,0D,0A,0D,0,0,0,0,52,0,0,0,1
9486,2026-05-21 11:17:05.414,3,0,0,0,0,E5,8,0D,0A,0D,0,0,0,0,52,0
9487,2026-05-21 11:17:05.623,0,0,1,3,0,0,0,0,E5,8,0D,0A,0D,0,0,0
9488,2026-05-21 11:17:05.820,0,50,0,0,0,1,3,0,0,0,0,E5,8,0D,0A,0D
9489,2026-05-21 11:17:05.838,0,0,0,0,53,0,0,0,1,3,0,0,0,0,E5,8
9490,2026-05-21 11:17:06.043,0D,0A,0D,0,0,0,0,52,0,0,0,1,3,0,0,0
9491,2026-05-21 11:17:06.258,0,E3,8,0D,0A,0D,0,0,0,0,52,0,0,0,1,3
9492,2026-05-21 11:17:06.467,0,0,0,0,E3,8,0D,0A,0D,0,0,0,0,52,0,0
9493,2026-05-21 11:17:06.675,0,1,3,0,0,0,0,E5,8,0D,0A,0D,0,0,0,0
9494,2026-05-21 11:17:06.883,53,0,0,0,1,3,0,0,0,0,E3,8,0D,0A,0D,0
9495,2026-05-21 11:17:06.893,0,0,0,53,0,0,0,1,3,0,0,0,0,E5,8,0D
9496,2026-05-21 11:17:07.101,0A,0D,0,0,0,0,54,0,0,0,1,3,0,0,0,0
9497,2026-05-21 11:17:07.310,E5,8,0D,0A,0D,0,0,0,0,54,0,0,0,1,3,0
9498,2026-05-21 11:17:07.518,0,0,0,E5,8,0D,0A,0D,0,0,0,0,54,0,0,0
9499,2026-05-21 11:17:07.727,1,3,0,0,0,0,E5,8,0D,0A,0D,0,0,0,0,54
9500,2026-05-21 11:17:07.935,0,0,0,1,3,0,0,0,0,E3,8,0D,0A,0D,0,0
9501,2026-05-21 11:17:07.946,0,0,54,0,0,0,1,3,0,0,0,0,E5,8,0D,0A
9502,2026-05-21 11:17:08.153,0D,0,0,0,0,54,0,0,0,1,3,0,0,0,0,E5
9503,2026-05-21 11:17:08.362,8,0D,0A,0D,0,0,0,0,54,0,0,0,1,3,0,0
9504,2026-05-21 11:17:08.571,0,0,E5,8,0D,0A,0D,0,0,0,0,54,0,0,0,1
9505,2026-05-21 11:17:08.779,3,0,0,0,0,E5,8,0D,0A,0D,0,0,0,0,54,0
9506,2026-05-21 11:17:08.987,0,0,1,3,0,0,0,0,E5,8,0D,0A,0D,0,0,0
9507,2026-05-21 11:17:09.197,0,56,0,0,0,1,3,0,0,0,0,E3,8,0D,0A,0D
9508,2026-05-21 11:17:09.208,0,0,0,0,54,0,0,0,1,3,0,0,0,0,E3,8
9509,2026-05-21 11:17:09.413,0D,0A,0D,0,0,0,0,53,0,0,0,1,3,0,0,0
9510,2026-05-21 11:17:09.623,0,E3,8,0D,0A,0D,0,0,0,0,52,0,0,0,1,3
9511,2026-05-21 11:17:09.831,0,0,0,0,E5,8,0D,0A,0D,0,0,0,0,53,0,0
9512,2026-05-21 11:17:10.040,0,1,3,0,0,0,0,E5,8,0D,0A,0D,0,0,0,0
9513,2026-05-21 11:17:10.247,53,0,0,0,1,3,0,0,0,0,E5,8,0D,0A,0D,0
9514,2026-05-21 11:17:10.264,0,0,0,54,0,0,0,1,3,0,0,0,0,E5,8,0D
9515,2026-05-21 11:17:10.463,0A,0D,0,0,0,0,53,0,0,0,1,3,0,0,0,0
9516,2026-05-21 11:17:10.675,E5,8,0D,0A,0D,0,0,0,0,54,0,0,0,1,3,0
9517,2026-05-21 11:17:10.886,0,0,0,E3,8,0D,0A,0D,0,0,0,0,54,0,0,0
9518,2026-05-21 11:17:11.092,1,3,0,0,0,0,E5,8,0D,0A,0D,0,0,0,0,54
9519,2026-05-21 11:17:11.300,0,0,0,1,3,0,0,0,0,E3,8,0D,0A,0D,0,0
9520,2026-05-21 11:17:11.360,0,0,55,0,0,0,1,3,0,0,0,0,E3,8,0D,0A
9521,2026-05-21 11:17:11.517,0D,0,0,0,0,54,0,0,0,1,3,0,0,0,0,E3
9522,2026-05-21 11:17:11.725,8,0D,0A,0D,0,0,0,0,55,0,0,0,1,3,0,0
9523,2026-05-21 11:17:11.934,0,0,E3,8,0D,0A,0D,0,0,0,0,54,0,0,0,1
9524,2026-05-21 11:17:12.142,3,0,0,0,0,E5,8,0D,0A,0D,0,0,0,0,54,0
9525,2026-05-21 11:17:12.351,0,0,1,3,0,0,0,0,E5,8,0D,0A,0D,0,0,0
9526,2026-05-21 11:17:12.560,0,54,0,0,0,1,3,0,0,0,0,E5,8,0D,0A,0D
9527,2026-05-21 11:17:12.572,0,0,0,0,54,0,0,0,1,3,0,0,0,0,E5,8
9528,2026-05-21 11:17:12.777,0D,0A,0D,0,0,0,0,54,0,0,0,1,3,0,0,0
9529,2026-05-21 11:17:12.986,0,E3,8,0D,0A,0D,0,0,0,0,54,0,0,0,1,3
9530,2026-05-21 11:17:13.195,0,0,0,0,E5,8,0D,0A,0D,0,0,0,0,54,0,0
9531,2026-05-21 11:17:13.404,0,1,3,0,0,0,0,E5,8,0D,0A,0D,0,0,0,0
9532,2026-05-21 11:17:13.612,52,0,0,0,1,3,0,0,0,0,E5,8,0D,0A,0D,0
9533,2026-05-21 11:17:13.623,0,0,0,54,0,0,0,1,3,0,0,0,0,E5,8,0D
9534,2026-05-21 11:17:13.835,0A,0D,0,0,0,0,54,0,0,0,1,3,0,0,0,0
9535,2026-05-21 11:17:14.037,E5,8,0D,0A,0D,0,0,0,0,54,0,0,0,1,3,0
9536,2026-05-21 11:17:14.247,0,0,0,E5,8,0D,0A,0D,0,0,0,0,52,0,0,0
9537,2026-05-21 11:17:14.456,1,3,0,0,0,0,E5,8,0D,0A,0D,0,0,0,0,52
9538,2026-05-21 11:17:14.664,0,0,0,1,3,0,0,0,0,E5,8,0D,0A,0D,0,0
9539,2026-05-21 11:17:14.678,0,0,52,0,0,0,1,3,0,0,0,0,E5,8,0D,0A
9540,2026-05-21 11:17:14.882,0D,0,0,0,0,52,0,0,0,1,3,0,0,0,0,E5
9541,2026-05-21 11:17:15.090,8,0D,0A,0D,0,0,0,0,52,0,0,0,1,3,0,0
9542,2026-05-21 11:17:15.299,0,0,E5,8,0D,0A,0D,0,0,0,0,52,0,0,0,1
9543,2026-05-21 11:17:15.508,3,0,0,0,0,E5,8,0D,0A,0D,0,0,0,0,53,0
9544,2026-05-21 11:17:15.716,0,0,1,3,0,0,0,0,E5,8,0D,0A,0D,0,0,0
9545,2026-05-21 11:17:15.930,0,54,0,0,0,1,3,0,0,0,0,E5,8,0D,0A,0D
9546,2026-05-21 11:17:15.943,0,0,0,0,55,0,0,0,1,3,0,0,0,0,E5,8
9547,2026-05-21 11:17:16.142,0D,0A,0D,0,0,0,0,54,0,0,0,1,3,0,0,0
9548,2026-05-21 11:17:16.352,0,E5,8,0D,0A,0D,0,0,0,0,53,0,0,0,1,3
9549,2026-05-21 11:17:16.560,0,0,0,0,E5,8,0D,0A,0D,0,0,0,0,53,0,0
9550,2026-05-21 11:17:16.769,0,1,3,0,0,0,0,E3,8,0D,0A,0D,0,0,0,0
9551,2026-05-21 11:17:16.977,54,0,0,0,1,3,0,0,0,0,E5,8,0D,0A,0D,0
9552,2026-05-21 11:17:16.987,0,0,0,50,0,0,0,1,3,0,0,0,0,E5,8,0D
9553,2026-05-21 11:17:17.195,0A,0D,0,0,0,0,50,0,0,0,1,3,0,0,0,0
9554,2026-05-21 11:17:17.402,E5,8,0D,0A,0D,0,0,0,0,50,0,0,0,1,3,0
9555,2026-05-21 11:17:17.612,0,0,0,E5,8,0D,0A,0D,0,0,0,0,50,0,0,0
9556,2026-05-21 11:17:17.820,1,3,0,0,0,0,E3,8,0D,0A,0D,0,0,0,0,50
9557,2026-05-21 11:17:18.029,0,0,0,1,3,0,0,0,0,E3,8,0D,0A,0D,0,0
9558,2026-05-21 11:17:18.040,0,0,50,0,0,0,1,3,0,0,0,0,E5,8,0D,0A
9559,2026-05-21 11:17:18.246,0D,0,0,0,0,50,0,0,0,1,3,0,0,0,0,E5
9560,2026-05-21 11:17:18.455,8,0D,0A,0D,0,0,0,0,50,0,0,0,1,3,0,0
9561,2026-05-21 11:17:18.664,0,0,E5,8,0D,0A,0D,0,0,0,0,50,0,0,0,1
9562,2026-05-21 11:17:18.872,3,0,0,0,0,E5,8,0D,0A,0D,0,0,0,0,50,0
9563,2026-05-21 11:17:19.091,0,0,1,3,0,0,0,0,E3,8,0D,0A,0D,0,0,0
9564,2026-05-21 11:17:19.289,0,50,0,0,0,1,3,0,0,0,0,E5,8,0D,0A,0D
9565,2026-05-21 11:17:19.300,0,0,0,0,50,0,0,0,1,3,0,0,0,0,E5,8
9566,2026-05-21 11:17:19.508,0D,0A,0D,0,0,0,0,50,0,0,0,1,3,0,0,0
9567,2026-05-21 11:17:19.716,0,E5,8,0D,0A,0D,0,0,0,0,50,0,0,0,1,3
9568,2026-05-21 11:17:19.925,0,0,0,0,E3,8,0D,0A,0D,0,0,0,0,4F,0,0
9569,2026-05-21 11:17:20.133,0,1,3,0,0,0,0,E5,8,0D,0A,0D,0,0,0,0
9570,2026-05-21 11:17:20.342,50,0,0,0,1,3,0,0,0,0,E5,8,0D,0A,0D,0
9571,2026-05-21 11:17:20.353,0,0,0,50,0,0,0,1,3,0,0,0,0,E5,8,0D
9572,2026-05-21 11:17:20.559,0A,0D,0,0,0,0,51,0,0,0,1,3,0,0,0,0
9573,2026-05-21 11:17:20.768,E5,8,0D,0A,0D,0,0,0,0,4F,0,0,0,1,3,0
9574,2026-05-21 11:17:20.977,0,0,0,E5,8,0D,0A,0D,0,0,0,0,50,0,0,0
9575,2026-05-21 11:17:21.186,1,3,0,0,0,0,E5,8,0D,0A,0D,0,0,0,0,50
9576,2026-05-21 11:17:21.394,0,0,0,1,3,0,0,0,0,E5,8,0D,0A,0D,0,0
9577,2026-05-21 11:17:21.409,0,0,51,0,0,0,1,3,0,0,0,0,E5,8,0D,0A
9578,2026-05-21 11:17:21.611,0D,0,0,0,0,50,0,0,0,1,3,0,0,0,0,E5
9579,2026-05-21 11:17:21.817,8,0D,0A,0D,0,0,0,0,50,0,0,0,1,3,0,0
9580,2026-05-21 11:17:22.018,0,0,E5,8,0D,0A,0D,0,0,0,0,50,0,0,0,1
9581,2026-05-21 11:17:22.237,3,0,0,0,0,E5,8,0D,0A,0D,0,0,0,0,51,0
9582,2026-05-21 11:17:22.446,0,0,1,3,0,0,0,0,E3,8,0D,0A,0D,0,0,0
9583,2026-05-21 11:17:22.654,0,51,0,0,0,1,3,0,0,0,0,E5,8,0D,0A,0D
9584,2026-05-21 11:17:22.664,0,0,0,0,50,0,0,0,1,3,0,0,0,0,E5,8
9585,2026-05-21 11:17:22.872,0D,0A,0D,0,0,0,0,50,0,0,0,1,3,0,0,0
9586,2026-05-21 11:17:23.080,0,E5,8,0D,0A,0D,0,0,0,0,50,0,0,0,1,3
9587,2026-05-21 11:17:23.289,0,0,0,0,E3,8,0D,0A,0D,0,0,0,0,52,0,0
9588,2026-05-21 11:17:23.497,0,1,3,0,0,0,0,E3,8,0D,0A,0D,0,0,0,0
9589,2026-05-21 11:17:23.707,50,0,0,0,1,3,0,0,0,0,E3,8,0D,0A,0D,0
9590,2026-05-21 11:17:23.717,0,0,0,50,0,0,0,1,3,0,0,0,0,E7,8,0D
9591,2026-05-21 11:17:23.923,0A,0D,0,0,0,0,50,0,0,0,1,3,0,0,0,0
9592,2026-05-21 11:17:24.132,E5,8,0D,0A,0D,0,0,0,0,51,0,0,0,1,3,0
9593,2026-05-21 11:17:24.342,0,0,0,E5,8,0D,0A,0D,0,0,0,0,52,0,0,0
9594,2026-05-21 11:17:24.550,1,3,0,0,0,0,E5,8,0D,0A,0D,0,0,0,0,52
9595,2026-05-21 11:17:24.758,0,0,0,1,3,0,0,0,0,E5,8,0D,0A,0D,0,0
9596,2026-05-21 11:17:24.771,0,0,52,0,0,0,1,3,0,0,0,0,E3,8,0D,0A
9597,2026-05-21 11:17:24.975,0D,0,0,0,0,52,0,0,0,1,3,0,0,0,0,E5
9598,2026-05-21 11:17:25.185,8,0D,0A,0D,0,0,0,0,51,0,0,0,1,3,0,0
9599,2026-05-21 11:17:25.393,0,0,E3,8,0D,0A,0D,0,0,0,0,50,0,0,0,1
9600,2026-05-21 11:17:25.602,3,0,0,0,0,E3,8,0D,0A,0D,0,0,0,0,50,0
9601,2026-05-21 11:17:25.811,0,0,1,3,0,0,0,0,E3,8,0D,0A,0D,0,0,0
9602,2026-05-21 11:17:26.018,0,52,0,0,0,1,3,0,0,0,0,E3,8,0D,0A,0D
9603,2026-05-21 11:17:26.025,0,0,0,0,50,0,0,0,1,3,0,0,0,0,E3,8
9604,2026-05-21 11:17:26.237,0D,0A,0D,0,0,0,0,51,0,0,0,1,3,0,0,0
9605,2026-05-21 11:17:26.445,0,E5,8,0D,0A,0D,0,0,0,0,50,0,0,0,1,3
9606,2026-05-21 11:17:26.654,0,0,0,0,E3,8,0D,0A,0D,0,0,0,0,52,0,0
9607,2026-05-21 11:17:26.862,0,1,3,0,0,0,0,E5,8,0D,0A,0D,0,0,0,0
9608,2026-05-21 11:17:27.072,51,0,0,0,1,3,0,0,0,0,E5,8,0D,0A,0D,0
9609,2026-05-21 11:17:27.084,0,0,0,52,0,0,0,1,3,0,0,0,0,E5,8,0D
9610,2026-05-21 11:17:27.289,0A,0D,0,0,0,0,54,0,0,0,1,3,0,0,0,0
9611,2026-05-21 11:17:27.497,E5,8,0D,0A,0D,0,0,0,0,53,0,0,0,1,3,0
9612,2026-05-21 11:17:27.707,0,0,0,E3,8,0D,0A,0D,0,0,0,0,52,0,0,0
9613,2026-05-21 11:17:27.915,1,3,0,0,0,0,E5,8,0D,0A,0D,0,0,0,0,52
9614,2026-05-21 11:17:28.124,0,0,0,1,3,0,0,0,0,E3,8,0D,0A,0D,0,0
9615,2026-05-21 11:17:28.134,0,0,53,0,0,0,1,3,0,0,0,0,E5,8,0D,0A
9616,2026-05-21 11:17:28.340,0D,0,0,0,0,53,0,0,0,1,3,0,0,0,0,E3
9617,2026-05-21 11:17:28.548,8,0D,0A,0D,0,0,0,0,53,0,0,0,1,3,0,0
9618,2026-05-21 11:17:28.758,0,0,E5,8,0D,0A,0D,0,0,0,0,54,0,0,0,1
9619,2026-05-21 11:17:28.967,3,0,0,0,0,E5,8,0D,0A,0D,0,0,0,0,55,0
9620,2026-05-21 11:17:29.175,0,0,1,3,0,0,0,0,E5,8,0D,0A,0D,0,0,0
9621,2026-05-21 11:17:29.384,0,54,0,0,0,1,3,0,0,0,0,E5,8,0D,0A,0D
9622,2026-05-21 11:17:29.422,0,0,0,0,54,0,0,0,1,3,0,0,0,0,E3,8
9623,2026-05-21 11:17:29.601,0D,0A,0D,0,0,0,0,54,0,0,0,1,3,0,0,0
9624,2026-05-21 11:17:29.804,0,E5,8,0D,0A,0D,0,0,0,0,53,0,0,0,1,3
9625,2026-05-21 11:17:30.017,0,0,0,0,E5,8,0D,0A,0D,0,0,0,0,53,0,0
9626,2026-05-21 11:17:30.227,0,1,3,0,0,0,0,E5,8,0D,0A,0D,0,0,0,0
9627,2026-05-21 11:17:30.436,52,0,0,0,1,3,0,0,0,0,E3,8,0D,0A,0D,0
9628,2026-05-21 11:17:30.445,0,0,0,52,0,0,0,1,3,0,0,0,0,E5,8,0D
9629,2026-05-21 11:17:30.652,0A,0D,0,0,0,0,52,0,0,0,1,3,0,0,0,0
9630,2026-05-21 11:17:30.862,E7,8,0D,0A,0D,0,0,0,0,52,0,0,0,1,3,0
9631,2026-05-21 11:17:31.070,0,0,0,E5,8,0D,0A,0D,0,0,0,0,51,0,0,0
9632,2026-05-21 11:17:31.279,1,3,0,0,0,0,E5,8,0D,0A,0D,0,0,0,0,51
9633,2026-05-21 11:17:31.488,0,0,0,1,3,0,0,0,0,E7,8,0D,0A,0D,0,0
9634,2026-05-21 11:17:31.504,0,0,52,0,0,0,1,3,0,0,0,0,E5,8,0D,0A
9635,2026-05-21 11:17:31.705,0D,0,0,0,0,52,0,0,0,1,3,0,0,0,0,E5
9636,2026-05-21 11:17:31.915,8,0D,0A,0D,0,0,0,0,52,0,0,0,1,3,0,0
9637,2026-05-21 11:17:32.123,0,0,E5,8,0D,0A,0D,0,0,0,0,52,0,0,0,1
9638,2026-05-21 11:17:32.332,3,0,0,0,0,E5,8,0D,0A,0D,0,0,0,0,52,0
9639,2026-05-21 11:17:32.540,0,0,1,3,0,0,0,0,E5,8,0D,0A,0D,0,0,0
9640,2026-05-21 11:17:32.748,0,51,0,0,0,1,3,0,0,0,0,E5,8,0D,0A,0D
9641,2026-05-21 11:17:32.759,0,0,0,0,52,0,0,0,1,3,0,0,0,0,E5,8
9642,2026-05-21 11:17:32.966,0D,0A,0D,0,0,0,0,52,0,0,0,1,3,0,0,0
9643,2026-05-21 11:17:33.175,0,E5,8,0D,0A,0D,0,0,0,0,52,0,0,0,1,3
9644,2026-05-21 11:17:33.383,0,0,0,0,E5,8,0D,0A,0D,0,0,0,0,53,0,0
9645,2026-05-21 11:17:33.592,0,1,3,0,0,0,0,E3,8,0D,0A,0D,0,0,0,0
9646,2026-05-21 11:17:33.799,52,0,0,0,1,3,0,0,0,0,E3,8,0D,0A,0D,0
9647,2026-05-21 11:17:33.813,0,0,0,53,0,0,0,1,3,0,0,0,0,E5,8,0D
9648,2026-05-21 11:17:34.015,0A,0D,0,0,0,0,53,0,0,0,1,3,0,0,0,0
9649,2026-05-21 11:17:34.227,E3,8,0D,0A,0D,0,0,0,0,54,0,0,0,1,3,0
9650,2026-05-21 11:17:34.435,0,0,0,E5,8,0D,0A,0D,0,0,0,0,54,0,0,0
9651,2026-05-21 11:17:34.644,1,3,0,0,0,0,E5,8,0D,0A,0D,0,0,0,0,55
9652,2026-05-21 11:17:34.853,0,0,0,1,3,0,0,0,0,E3,8,0D,0A,0D,0,0
9653,2026-05-21 11:17:34.865,0,0,54,0,0,0,1,3,0,0,0,0,E5,8,0D,0A
9654,2026-05-21 11:17:35.069,0D,0,0,0,0,54,0,0,0,1,3,0,0,0,0,E3
9655,2026-05-21 11:17:35.278,8,0D,0A,0D,0,0,0,0,53,0,0,0,1,3,0,0
9656,2026-05-21 11:17:35.486,0,0,E5,8,0D,0A,0D,0,0,0,0,54,0,0,0,1
9657,2026-05-21 11:17:35.697,3,0,0,0,0,E5,8,0D,0A,0D,0,0,0,0,53,0
9658,2026-05-21 11:17:35.904,0,0,1,3,0,0,0,0,E5,8,0D,0A,0D,0,0,0
9659,2026-05-21 11:17:36.114,0,54,0,0,0,1,3,0,0,0,0,E5,8,0D,0A,0D
9660,2026-05-21 11:17:36.125,0,0,0,0,53,0,0,0,1,3,0,0,0,0,E3,8
9661,2026-05-21 11:17:36.331,0D,0A,0D,0,0,0,0,52,0,0,0,1,3,0,0,0
9662,2026-05-21 11:17:36.539,0,E3,8,0D,0A,0D,0,0,0,0,52,0,0,0,1,3
9663,2026-05-21 11:17:36.747,0,0,0,0,E5,8,0D,0A,0D,0,0,0,0,52,0,0
9664,2026-05-21 11:17:36.957,0,1,3,0,0,0,0,E5,8,0D,0A,0D,0,0,0,0
9665,2026-05-21 11:17:37.166,52,0,0,0,1,3,0,0,0,0,E5,8,0D,0A,0D,0
9666,2026-05-21 11:17:37.186,0,0,0,54,0,0,0,1,3,0,0,0,0,E5,8,0D
9667,2026-05-21 11:17:37.384,0A,0D,0,0,0,0,53,0,0,0,1,3,0,0,0,0
9668,2026-05-21 11:17:37.592,E5,8,0D,0A,0D,0,0,0,0,53,0,0,0,1,3,0
9669,2026-05-21 11:17:37.798,0,0,0,E5,8,0D,0A,0D,0,0,0,0,52,0,0,0
9670,2026-05-21 11:17:37.993,1,3,0,0,0,0,E5,8,0D,0A,0D,0,0,0,0,53
9671,2026-05-21 11:17:38.218,0,0,0,1,3,0,0,0,0,E3,8,0D,0A,0D,0,0
9672,2026-05-21 11:17:38.233,0,0,52,0,0,0,1,3,0,0,0,0,E3,8,0D,0A
9673,2026-05-21 11:17:38.437,0D,0,0,0,0,53,0,0,0,1,3,0,0,0,0,E5
9674,2026-05-21 11:17:38.643,8,0D,0A,0D,0,0,0,0,53,0,0,0,1,3,0,0
9675,2026-05-21 11:17:38.851,0,0,E5,8,0D,0A,0D,0,0,0,0,52,0,0,0,1
9676,2026-05-21 11:17:39.060,3,0,0,0,0,E3,8,0D,0A,0D,0,0,0,0,53,0
9677,2026-05-21 11:17:39.269,0,0,1,3,0,0,0,0,E5,8,0D,0A,0D,0,0,0
9678,2026-05-21 11:17:39.478,0,53,0,0,0,1,3,0,0,0,0,E5,8,0D,0A,0D
9679,2026-05-21 11:17:39.491,0,0,0,0,53,0,0,0,1,3,0,0,0,0,E5,8
9680,2026-05-21 11:17:39.696,0D,0A,0D,0,0,0,0,53,0,0,0,1,3,0,0,0
9681,2026-05-21 11:17:39.904,0,E3,8,0D,0A,0D,0,0,0,0,55,0,0,0,1,3
9682,2026-05-21 11:17:40.112,0,0,0,0,E5,8,0D,0A,0D,0,0,0,0,51,0,0
9683,2026-05-21 11:17:40.321,0,1,3,0,0,0,0,E5,8,0D,0A,0D,0,0,0,0
9684,2026-05-21 11:17:40.530,4E,0,0,0,1,3,0,0,0,0,E5,8,0D,0A,0D,0
9685,2026-05-21 11:17:40.540,0,0,0,4D,0,0,0,1,3,0,0,0,0,E5,8,0D
9686,2026-05-21 11:17:40.747,0A,0D,0,0,0,0,4E,0,0,0,1,3,0,0,0,0
9687,2026-05-21 11:17:40.955,E5,8,0D,0A,0D,0,0,0,0,4D,0,0,0,1,3,0
9688,2026-05-21 11:17:41.164,0,0,0,E5,8,0D,0A,0D,0,0,0,0,4D,0,0,0
9689,2026-05-21 11:17:41.373,1,3,0,0,0,0,E5,8,0D,0A,0D,0,0,0,0,4C
9690,2026-05-21 11:17:41.581,0,0,0,1,3,0,0,0,0,E7,8,0D,0A,0D,0,0
9691,2026-05-21 11:17:41.594,0,0,4C,0,0,0,1,3,0,0,0,0,E3,8,0D,0A
9692,2026-05-21 11:17:41.796,0D,0,0,0,0,4C,0,0,0,1,3,0,0,0,0,E5
9693,2026-05-21 11:17:41.998,8,0D,0A,0D,0,0,0,0,4C,0,0,0,1,3,0,0
9694,2026-05-21 11:17:42.216,0,0,E5,8,0D,0A,0D,0,0,0,0,51,0,0,0,1
9695,2026-05-21 11:17:42.425,3,0,0,0,0,E7,8,0D,0A,0D,0,0,0,0,53,0
9696,2026-05-21 11:17:42.635,0,0,1,3,0,0,0,0,E5,8,0D,0A,0D,0,0,0
9697,2026-05-21 11:17:42.842,0,54,0,0,0,1,3,0,0,0,0,E5,8,0D,0A,0D
9698,2026-05-21 11:17:42.857,0,0,0,0,55,0,0,0,1,3,0,0,0,0,E3,8
9699,2026-05-21 11:17:43.060,0D,0A,0D,0,0,0,0,55,0,0,0,1,3,0,0,0
9700,2026-05-21 11:17:43.269,0,E5,8,0D,0A,0D,0,0,0,0,55,0,0,0,1,3
9701,2026-05-21 11:17:43.477,0,0,0,0,E5,8,0D,0A,0D,0,0,0,0,55,0,0
9702,2026-05-21 11:17:43.687,0,1,3,0,0,0,0,E7,8,0D,0A,0D,0,0,0,0
9703,2026-05-21 11:17:43.894,55,0,0,0,1,3,0,0,0,0,E7,8,0D,0A,0D,0
9704,2026-05-21 11:17:43.907,0,0,0,55,0,0,0,1,3,0,0,0,0,E5,8,0D
9705,2026-05-21 11:17:44.112,0A,0D,0,0,0,0,55,0,0,0,1,3,0,0,0,0
9706,2026-05-21 11:17:44.321,E5,8,0D,0A,0D,0,0,0,0,55,0,0,0,1,3,0
9707,2026-05-21 11:17:44.529,0,0,0,E3,8,0D,0A,0D,0,0,0,0,55,0,0,0
9708,2026-05-21 11:17:44.738,1,3,0,0,0,0,E5,8,0D,0A,0D,0,0,0,0,56
9709,2026-05-21 11:17:44.947,0,0,0,1,3,0,0,0,0,E3,8,0D,0A,0D,0,0
9710,2026-05-21 11:17:44.958,0,0,54,0,0,0,1,3,0,0,0,0,E5,8,0D,0A
9711,2026-05-21 11:17:45.164,0D,0,0,0,0,54,0,0,0,1,3,0,0,0,0,E5
9712,2026-05-21 11:17:45.372,8,0D,0A,0D,0,0,0,0,53,0,0,0,1,3,0,0
9713,2026-05-21 11:17:45.581,0,0,E5,8,0D,0A,0D,0,0,0,0,54,0,0,0,1
9714,2026-05-21 11:17:45.789,3,0,0,0,0,E5,8,0D,0A,0D,0,0,0,0,54,0
9715,2026-05-21 11:17:45.995,0,0,1,3,0,0,0,0,E5,8,0D,0A,0D,0,0,0
9716,2026-05-21 11:17:46.207,0,54,0,0,0,1,3,0,0,0,0,E5,8,0D,0A,0D
9717,2026-05-21 11:17:46.217,0,0,0,0,54,0,0,0,1,3,0,0,0,0,E5,8
9718,2026-05-21 11:17:46.424,0D,0A,0D,0,0,0,0,54,0,0,0,1,3,0,0,0
9719,2026-05-21 11:17:46.633,0,E5,8,0D,0A,0D,0,0,0,0,54,0,0,0,1,3
9720,2026-05-21 11:17:46.843,0,0,0,0,E5,8,0D,0A,0D,0,0,0,0,54,0,0
9721,2026-05-21 11:17:47.051,0,1,3,0,0,0,0,E5,8,0D,0A,0D,0,0,0,0
9722,2026-05-21 11:17:47.259,54,0,0,0,1,3,0,0,0,0,E5,8,0D,0A,0D,0
9723,2026-05-21 11:17:47.275,0,0,0,54,0,0,0,1,3,0,0,0,0,E5,8,0D
9724,2026-05-21 11:17:47.476,0A,0D,0,0,0,0,53,0,0,0,1,3,0,0,0,0
9725,2026-05-21 11:17:47.693,E5,8,0D,0A,0D,0,0,0,0,53,0,0,0,1,3,0
9726,2026-05-21 11:17:47.894,0,0,0,E5,8,0D,0A,0D,0,0,0,0,52,0,0,0
9727,2026-05-21 11:17:48.103,1,3,0,0,0,0,E5,8,0D,0A,0D,0,0,0,0,53
9728,2026-05-21 11:17:48.311,0,0,0,1,3,0,0,0,0,E3,8,0D,0A,0D,0,0
9729,2026-05-21 11:17:48.322,0,0,54,0,0,0,1,3,0,0,0,0,E3,8,0D,0A
9730,2026-05-21 11:17:48.528,0D,0,0,0,0,53,0,0,0,1,3,0,0,0,0,E5
9731,2026-05-21 11:17:48.737,8,0D,0A,0D,0,0,0,0,52,0,0,0,1,3,0,0
9732,2026-05-21 11:17:48.946,0,0,E5,8,0D,0A,0D,0,0,0,0,51,0,0,0,1
9733,2026-05-21 11:17:49.162,3,0,0,0,0,E5,8,0D,0A,0D,0,0,0,0,52,0
9734,2026-05-21 11:17:49.364,0,0,1,3,0,0,0,0,E5,8,0D,0A,0D,0,0,0
9735,2026-05-21 11:17:49.572,0,52,0,0,0,1,3,0,0,0,0,E3,8,0D,0A,0D
9736,2026-05-21 11:17:49.584,0,0,0,0,54,0,0,0,1,3,0,0,0,0,E3,8
9737,2026-05-21 11:17:49.789,0D,0A,0D,0,0,0,0,52,0,0,0,1,3,0,0,0
9738,2026-05-21 11:17:49.994,0,E5,8,0D,0A,0D,0,0,0,0,54,0,0,0,1,3
9739,2026-05-21 11:17:50.207,0,0,0,0,E3,8,0D,0A,0D,0,0,0,0,54,0,0
9740,2026-05-21 11:17:50.416,0,1,3,0,0,0,0,E5,8,0D,0A,0D,0,0,0,0
9741,2026-05-21 11:17:50.624,54,0,0,0,1,3,0,0,0,0,E3,8,0D,0A,0D,0
9742,2026-05-21 11:17:50.634,0,0,0,53,0,0,0,1,3,0,0,0,0,E3,8,0D
9743,2026-05-21 11:17:50.842,0A,0D,0,0,0,0,54,0,0,0,1,3,0,0,0,0
9744,2026-05-21 11:17:51.050,E5,8,0D,0A,0D,0,0,0,0,54,0,0,0,1,3,0
9745,2026-05-21 11:17:51.260,0,0,0,E5,8,0D,0A,0D,0,0,0,0,54,0,0,0
9746,2026-05-21 11:17:51.467,1,3,0,0,0,0,E5,8,0D,0A,0D,0,0,0,0,54
9747,2026-05-21 11:17:51.676,0,0,0,1,3,0,0,0,0,E3,8,0D,0A,0D,0,0
9748,2026-05-21 11:17:51.689,0,0,53,0,0,0,1,3,0,0,0,0,E5,8,0D,0A
9749,2026-05-21 11:17:51.895,0D,0,0,0,0,55,0,0,0,1,3,0,0,0,0,E5
9750,2026-05-21 11:17:52.102,8,0D,0A,0D,0,0,0,0,56,0,0,0,1,3,0,0
9751,2026-05-21 11:17:52.312,0,0,E5,8,0D,0A,0D,0,0,0,0,56,0,0,0,1
9752,2026-05-21 11:17:52.520,3,0,0,0,0,E3,8,0D,0A,0D,0,0,0,0,56,0
9753,2026-05-21 11:17:52.730,0,0,1,3,0,0,0,0,E5,8,0D,0A,0D,0,0,0
9754,2026-05-21 11:17:52.938,0,55,0,0,0,1,3,0,0,0,0,E5,8,0D,0A,0D
9755,2026-05-21 11:17:52.949,0,0,0,0,53,0,0,0,1,3,0,0,0,0,E5,8
9756,2026-05-21 11:17:53.155,0D,0A,0D,0,0,0,0,52,0,0,0,1,3,0,0,0
9757,2026-05-21 11:17:53.363,0,E5,8,0D,0A,0D,0,0,0,0,52,0,0,0,1,3
9758,2026-05-21 11:17:53.572,0,0,0,0,E3,8,0D,0A,0D,0,0,0,0,53,0,0
9759,2026-05-21 11:17:53.774,0,1,3,0,0,0,0,E3,8,0D,0A,0D,0,0,0,0
9760,2026-05-21 11:17:53.988,52,0,0,0,1,3,0,0,0,0,E5,8,0D,0A,0D,0
9761,2026-05-21 11:17:54.000,0,0,0,52,0,0,0,1,3,0,0,0,0,E5,8,0D
9762,2026-05-21 11:17:54.206,0A,0D,0,0,0,0,51,0,0,0,1,3,0,0,0,0
9763,2026-05-21 11:17:54.415,E5,8,0D,0A,0D,0,0,0,0,51,0,0,0,1,3,0
9764,2026-05-21 11:17:54.624,0,0,0,E3,8,0D,0A,0D,0,0,0,0,51,0,0,0
9765,2026-05-21 11:17:54.833,1,3,0,0,0,0,E3,8,0D,0A,0D,0,0,0,0,52
9766,2026-05-21 11:17:55.042,0,0,0,1,3,0,0,0,0,E5,8,0D,0A,0D,0,0
9767,2026-05-21 11:17:55.057,0,0,52,0,0,0,1,3,0,0,0,0,E5,8,0D,0A
9768,2026-05-21 11:17:55.259,0D,0,0,0,0,52,0,0,0,1,3,0,0,0,0,E5
9769,2026-05-21 11:17:55.467,8,0D,0A,0D,0,0,0,0,52,0,0,0,1,3,0,0
9770,2026-05-21 11:17:55.676,0,0,E5,8,0D,0A,0D,0,0,0,0,51,0,0,0,1
9771,2026-05-21 11:17:55.885,3,0,0,0,0,E5,8,0D,0A,0D,0,0,0,0,52,0
9772,2026-05-21 11:17:56.093,0,0,1,3,0,0,0,0,E5,8,0D,0A,0D,0,0,0
9773,2026-05-21 11:17:56.302,0,52,0,0,0,1,3,0,0,0,0,E5,8,0D,0A,0D
9774,2026-05-21 11:17:56.316,0,0,0,0,52,0,0,0,1,3,0,0,0,0,E5,8
9775,2026-05-21 11:17:56.518,0D,0A,0D,0,0,0,0,52,0,0,0,1,3,0,0,0
9776,2026-05-21 11:17:56.728,0,E5,8,0D,0A,0D,0,0,0,0,52,0,0,0,1,3
9777,2026-05-21 11:17:56.937,0,0,0,0,E5,8,0D,0A,0D,0,0,0,0,52,0,0
9778,2026-05-21 11:17:57.146,0,1,3,0,0,0,0,E5,8,0D,0A,0D,0,0,0,0
9779,2026-05-21 11:17:57.353,51,0,0,0,1,3,0,0,0,0,E5,8,0D,0A,0D,0
9780,2026-05-21 11:17:57.362,0,0,0,52,0,0,0,1,3,0,0,0,0,E3,8,0D
9781,2026-05-21 11:17:57.571,0A,0D,0,0,0,0,51,0,0,0,1,3,0,0,0,0
9782,2026-05-21 11:17:57.779,E5,8,0D,0A,0D,0,0,0,0,52,0,0,0,1,3,0
9783,2026-05-21 11:17:57.981,0,0,0,E5,8,0D,0A,0D,0,0,0,0,52,0,0,0
9784,2026-05-21 11:17:58.197,1,3,0,0,0,0,E3,8,0D,0A,0D,0,0,0,0,53
9785,2026-05-21 11:17:58.406,0,0,0,1,3,0,0,0,0,E5,8,0D,0A,0D,0,0
9786,2026-05-21 11:17:58.417,0,0,54,0,0,0,1,3,0,0,0,0,E3,8,0D,0A
9787,2026-05-21 11:17:58.624,0D,0,0,0,0,54,0,0,0,1,3,0,0,0,0,E5
9788,2026-05-21 11:17:58.832,8,0D,0A,0D,0,0,0,0,54,0,0,0,1,3,0,0
9789,2026-05-21 11:17:59.040,0,0,E5,8,0D,0A,0D,0,0,0,0,54,0,0,0,1
9790,2026-05-21 11:17:59.249,3,0,0,0,0,E5,8,0D,0A,0D,0,0,0,0,55,0
9791,2026-05-21 11:17:59.458,0,0,1,3,0,0,0,0,E5,8,0D,0A,0D,0,0,0
9792,2026-05-21 11:17:59.667,0,53,0,0,0,1,3,0,0,0,0,E3,8,0D,0A,0D
9793,2026-05-21 11:17:59.676,0,0,0,0,53,0,0,0,1,3,0,0,0,0,E5,8
9794,2026-05-21 11:17:59.883,0D,0A,0D,0,0,0,0,54,0,0,0,1,3,0,0,0
9795,2026-05-21 11:18:00.092,0,E5,8,0D,0A,0D,0,0,0,0,54,0,0,0,1,3
9796,2026-05-21 11:18:00.301,0,0,0,0,E5,8,0D,0A,0D,0,0,0,0,54,0,0
9797,2026-05-21 11:18:00.510,0,1,3,0,0,0,0,E5,8,0D,0A,0D,0,0,0,0
9798,2026-05-21 11:18:00.719,53,0,0,0,1,3,0,0,0,0,E5,8,0D,0A,0D,0
9799,2026-05-21 11:18:00.729,0,0,0,53,0,0,0,1,3,0,0,0,0,E5,8,0D
9800,2026-05-21 11:18:00.936,0A,0D,0,0,0,0,55,0,0,0,1,3,0,0,0,0
9801,2026-05-21 11:18:01.144,E5,8,0D,0A,0D,0,0,0,0,56,0,0,0,1,3,0
9802,2026-05-21 11:18:01.352,0,0,0,E5,8,0D,0A,0D,0,0,0,0,57,0,0,0
9803,2026-05-21 11:18:01.561,1,3,0,0,0,0,E5,8,0D,0A,0D,0,0,0,0,57
9804,2026-05-21 11:18:01.757,0,0,0,1,3,0,0,0,0,E5,8,0D,0A,0D,0,0
9805,2026-05-21 11:18:01.773,0,0,56,0,0,0,1,3,0,0,0,0,E5,8,0D,0A
9806,2026-05-21 11:18:01.981,0D,0,0,0,0,56,0,0,0,1,3,0,0,0,0,E5
9807,2026-05-21 11:18:02.196,8,0D,0A,0D,0,0,0,0,56,0,0,0,1,3,0,0
9808,2026-05-21 11:18:02.407,0,0,E3,8,0D,0A,0D,0,0,0,0,56,0,0,0,1
9809,2026-05-21 11:18:02.614,3,0,0,0,0,E5,8,0D,0A,0D,0,0,0,0,56,0
9810,2026-05-21 11:18:02.823,0,0,1,3,0,0,0,0,E5,8,0D,0A,0D,0,0,0
9811,2026-05-21 11:18:03.031,0,56,0,0,0,1,3,0,0,0,0,E5,8,0D,0A,0D
9812,2026-05-21 11:18:03.043,0,0,0,0,55,0,0,0,1,3,0,0,0,0,E5,8
9813,2026-05-21 11:18:03.248,0D,0A,0D,0,0,0,0,56,0,0,0,1,3,0,0,0
9814,2026-05-21 11:18:03.457,0,E5,8,0D,0A,0D,0,0,0,0,56,0,0,0,1,3
9815,2026-05-21 11:18:03.665,0,0,0,0,E5,8,0D,0A,0D,0,0,0,0,56,0,0
9816,2026-05-21 11:18:03.874,0,1,3,0,0,0,0,E5,8,0D,0A,0D,0,0,0,0
9817,2026-05-21 11:18:04.083,56,0,0,0,1,3,0,0,0,0,E5,8,0D,0A,0D,0
9818,2026-05-21 11:18:04.092,0,0,0,57,0,0,0,1,3,0,0,0,0,E7,8,0D
9819,2026-05-21 11:18:04.300,0A,0D,0,0,0,0,56,0,0,0,1,3,0,0,0,0
9820,2026-05-21 11:18:04.508,E5,8,0D,0A,0D,0,0,0,0,57,0,0,0,1,3,0
9821,2026-05-21 11:18:04.718,0,0,0,E5,8,0D,0A,0D,0,0,0,0,56,0,0,0
9822,2026-05-21 11:18:04.926,1,3,0,0,0,0,E5,8,0D,0A,0D,0,0,0,0,57
9823,2026-05-21 11:18:05.134,0,0,0,1,3,0,0,0,0,E5,8,0D,0A,0D,0,0
9824,2026-05-21 11:18:05.145,0,0,58,0,0,0,1,3,0,0,0,0,E5,8,0D,0A
9825,2026-05-21 11:18:05.352,0D,0,0,0,0,57,0,0,0,1,3,0,0,0,0,E5
9826,2026-05-21 11:18:05.560,8,0D,0A,0D,0,0,0,0,57,0,0,0,1,3,0,0
9827,2026-05-21 11:18:05.756,0,0,E5,8,0D,0A,0D,0,0,0,0,59,0,0,0,1
9828,2026-05-21 11:18:05.969,3,0,0,0,0,E5,8,0D,0A,0D,0,0,0,0,59,0
9829,2026-05-21 11:18:06.187,0,0,1,3,0,0,0,0,E5,8,0D,0A,0D,0,0,0
9830,2026-05-21 11:18:06.396,0,59,0,0,0,1,3,0,0,0,0,E5,8,0D,0A,0D
9831,2026-05-21 11:18:06.406,0,0,0,0,59,0,0,0,1,3,0,0,0,0,E5,8
9832,2026-05-21 11:18:06.612,0D,0A,0D,0,0,0,0,58,0,0,0,1,3,0,0,0
9833,2026-05-21 11:18:06.822,0,E5,8,0D,0A,0D,0,0,0,0,57,0,0,0,1,3
9834,2026-05-21 11:18:07.030,0,0,0,0,E5,8,0D,0A,0D,0,0,0,0,55,0,0
9835,2026-05-21 11:18:07.238,0,1,3,0,0,0,0,E5,8,0D,0A,0D,0,0,0,0
9836,2026-05-21 11:18:07.447,54,0,0,0,1,3,0,0,0,0,E5,8,0D,0A,0D,0
9837,2026-05-21 11:18:07.459,0,0,0,55,0,0,0,1,3,0,0,0,0,E5,8,0D
9838,2026-05-21 11:18:07.665,0A,0D,0,0,0,0,55,0,0,0,1,3,0,0,0,0
9839,2026-05-21 11:18:07.873,E5,8,0D,0A,0D,0,0,0,0,56,0,0,0,1,3,0
9840,2026-05-21 11:18:08.082,0,0,0,E5,8,0D,0A,0D,0,0,0,0,55,0,0,0
9841,2026-05-21 11:18:08.293,1,3,0,0,0,0,E5,8,0D,0A,0D,0,0,0,0,55
9842,2026-05-21 11:18:08.500,0,0,0,1,3,0,0,0,0,E5,8,0D,0A,0D,0,0
9843,2026-05-21 11:18:08.514,0,0,55,0,0,0,1,3,0,0,0,0,E5,8,0D,0A
9844,2026-05-21 11:18:08.717,0D,0,0,0,0,55,0,0,0,1,3,0,0,0,0,E3
9845,2026-05-21 11:18:08.925,8,0D,0A,0D,0,0,0,0,55,0,0,0,1,3,0,0
9846,2026-05-21 11:18:09.134,0,0,E5,8,0D,0A,0D,0,0,0,0,56,0,0,0,1
9847,2026-05-21 11:18:09.342,3,0,0,0,0,E5,8,0D,0A,0D,0,0,0,0,56,0
9848,2026-05-21 11:18:09.544,0,0,1,3,0,0,0,0,E7,8,0D,0A,0D,0,0,0
9849,2026-05-21 11:18:09.760,0,56,0,0,0,1,3,0,0,0,0,E3,8,0D,0A,0D
9850,2026-05-21 11:18:09.772,0,0,0,0,57,0,0,0,1,3,0,0,0,0,E5,8
9851,2026-05-21 11:18:09.978,0D,0A,0D,0,0,0,0,56,0,0,0,1,3,0,0,0
9852,2026-05-21 11:18:10.179,0,E5,8,0D,0A,0D,0,0,0,0,57,0,0,0,1,3
9853,2026-05-21 11:18:10.392,0,0,0,0,E5,8,0D,0A,0D,0,0,0,0,57,0,0
9854,2026-05-21 11:18:10.604,0,1,3,0,0,0,0,E3,8,0D,0A,0D,0,0,0,0
9855,2026-05-21 11:18:10.812,58,0,0,0,1,3,0,0,0,0,E3,8,0D,0A,0D,0
9856,2026-05-21 11:18:10.825,0,0,0,57,0,0,0,1,3,0,0,0,0,E5,8,0D
9857,2026-05-21 11:18:11.029,0A,0D,0,0,0,0,58,0,0,0,1,3,0,0,0,0
9858,2026-05-21 11:18:11.238,E3,8,0D,0A,0D,0,0,0,0,57,0,0,0,1,3,0
9859,2026-05-21 11:18:11.446,0,0,0,E5,8,0D,0A,0D,0,0,0,0,57,0,0,0
9860,2026-05-21 11:18:11.655,1,3,0,0,0,0,E5,8,0D,0A,0D,0,0,0,0,56
9861,2026-05-21 11:18:11.864,0,0,0,1,3,0,0,0,0,E5,8,0D,0A,0D,0,0
9862,2026-05-21 11:18:11.876,0,0,57,0,0,0,1,3,0,0,0,0,E5,8,0D,0A
9863,2026-05-21 11:18:12.084,0D,0,0,0,0,57,0,0,0,1,3,0,0,0,0,E3
9864,2026-05-21 11:18:12.289,8,0D,0A,0D,0,0,0,0,57,0,0,0,1,3,0,0
9865,2026-05-21 11:18:12.498,0,0,E5,8,0D,0A,0D,0,0,0,0,57,0,0,0,1
9866,2026-05-21 11:18:12.721,3,0,0,0,0,E5,8,0D,0A,0D,0,0,0,0,57,0
9867,2026-05-21 11:18:12.916,0,0,1,3,0,0,0,0,E5,8,0D,0A,0D,0,0,0
9868,2026-05-21 11:18:13.124,0,56,0,0,0,1,3,0,0,0,0,E5,8,0D,0A,0D
9869,2026-05-21 11:18:13.136,0,0,0,0,56,0,0,0,1,3,0,0,0,0,E3,8
9870,2026-05-21 11:18:13.338,0D,0A,0D,0,0,0,0,56,0,0,0,1,3,0,0,0
9871,2026-05-21 11:18:13.544,0,E3,8,0D,0A,0D,0,0,0,0,56,0,0,0,1,3
9872,2026-05-21 11:18:13.759,0,0,0,0,E3,8,0D,0A,0D,0,0,0,0,56,0,0
9873,2026-05-21 11:18:13.968,0,1,3,0,0,0,0,E5,8,0D,0A,0D,0,0,0,0
9874,2026-05-21 11:18:14.177,56,0,0,0,1,3,0,0,0,0,E3,8,0D,0A,0D,0
9875,2026-05-21 11:18:14.188,0,0,0,56,0,0,0,1,3,0,0,0,0,E5,8,0D
9876,2026-05-21 11:18:14.393,0A,0D,0,0,0,0,56,0,0,0,1,3,0,0,0,0
9877,2026-05-21 11:18:14.603,E5,8,0D,0A,0D,0,0,0,0,56,0,0,0,1,3,0
9878,2026-05-21 11:18:14.811,0,0,0,E5,8,0D,0A,0D,0,0,0,0,56,0,0,0
9879,2026-05-21 11:18:15.020,1,3,0,0,0,0,E5,8,0D,0A,0D,0,0,0,0,57
9880,2026-05-21 11:18:15.228,0,0,0,1,3,0,0,0,0,E5,8,0D,0A,0D,0,0
9881,2026-05-21 11:18:15.248,0,0,56,0,0,0,1,3,0,0,0,0,E5,8,0D,0A
9882,2026-05-21 11:18:15.445,0D,0,0,0,0,56,0,0,0,1,3,0,0,0,0,E5
9883,2026-05-21 11:18:15.654,8,0D,0A,0D,0,0,0,0,56,0,0,0,1,3,0,0
9884,2026-05-21 11:18:15.863,0,0,E5,8,0D,0A,0D,0,0,0,0,56,0,0,0,1
9885,2026-05-21 11:18:16.072,3,0,0,0,0,E3,8,0D,0A,0D,0,0,0,0,56,0
9886,2026-05-21 11:18:16.280,0,0,1,3,0,0,0,0,E5,8,0D,0A,0D,0,0,0
9887,2026-05-21 11:18:16.489,0,56,0,0,0,1,3,0,0,0,0,E5,8,0D,0A,0D
9888,2026-05-21 11:18:16.502,0,0,0,0,56,0,0,0,1,3,0,0,0,0,E5,8
9889,2026-05-21 11:18:16.707,0D,0A,0D,0,0,0,0,56,0,0,0,1,3,0,0,0
9890,2026-05-21 11:18:16.917,0,E5,8,0D,0A,0D,0,0,0,0,56,0,0,0,1,3
9891,2026-05-21 11:18:17.124,0,0,0,0,E5,8,0D,0A,0D,0,0,0,0,55,0,0
9892,2026-05-21 11:18:17.332,0,1,3,0,0,0,0,E3,8,0D,0A,0D,0,0,0,0
9893,2026-05-21 11:18:17.541,55,0,0,0,1,3,0,0,0,0,E3,8,0D,0A,0D,0
9894,2026-05-21 11:18:17.550,0,0,0,55,0,0,0,1,3,0,0,0,0,E5,8,0D
9895,2026-05-21 11:18:17.753,0A,0D,0,0,0,0,55,0,0,0,1,3,0,0,0,0
9896,2026-05-21 11:18:17.965,E5,8,0D,0A,0D,0,0,0,0,56,0,0,0,1,3,0
9897,2026-05-21 11:18:18.176,0,0,0,E5,8,0D,0A,0D,0,0,0,0,56,0,0,0
9898,2026-05-21 11:18:18.385,1,3,0,0,0,0,E5,8,0D,0A,0D,0,0,0,0,56
9899,2026-05-21 11:18:18.593,0,0,0,1,3,0,0,0,0,E5,8,0D,0A,0D,0,0
9900,2026-05-21 11:18:18.603,0,0,56,0,0,0,1,3,0,0,0,0,E5,8,0D,0A
9901,2026-05-21 11:18:18.814,0D,0,0,0,0,57,0,0,0,1,3,0,0,0,0,E5
9902,2026-05-21 11:18:19.018,8,0D,0A,0D,0,0,0,0,57,0,0,0,1,3,0,0
9903,2026-05-21 11:18:19.228,0,0,E5,8,0D,0A,0D,0,0,0,0,57,0,0,0,1
9904,2026-05-21 11:18:19.436,3,0,0,0,0,E3,8,0D,0A,0D,0,0,0,0,57,0
9905,2026-05-21 11:18:19.646,0,0,1,3,0,0,0,0,E5,8,0D,0A,0D,0,0,0
9906,2026-05-21 11:18:19.854,0,56,0,0,0,1,3,0,0,0,0,E5,8,0D,0A,0D
9907,2026-05-21 11:18:19.864,0,0,0,0,57,0,0,0,1,3,0,0,0,0,E5,8
9908,2026-05-21 11:18:20.072,0D,0A,0D,0,0,0,0,56,0,0,0,1,3,0,0,0
9909,2026-05-21 11:18:20.280,0,E5,8,0D,0A,0D,0,0,0,0,56,0,0,0,1,3
9910,2026-05-21 11:18:20.489,0,0,0,0,E3,8,0D,0A,0D,0,0,0,0,56,0,0
9911,2026-05-21 11:18:20.697,0,1,3,0,0,0,0,E3,8,0D,0A,0D,0,0,0,0
9912,2026-05-21 11:18:20.906,56,0,0,0,1,3,0,0,0,0,E5,8,0D,0A,0D,0
9913,2026-05-21 11:18:20.917,0,0,0,56,0,0,0,1,3,0,0,0,0,E5,8,0D
9914,2026-05-21 11:18:21.123,0A,0D,0,0,0,0,56,0,0,0,1,3,0,0,0,0
9915,2026-05-21 11:18:21.332,E3,8,0D,0A,0D,0,0,0,0,56,0,0,0,1,3,0
9916,2026-05-21 11:18:21.541,0,0,0,E3,8,0D,0A,0D,0,0,0,0,56,0,0,0
9917,2026-05-21 11:18:21.741,1,3,0,0,0,0,E3,8,0D,0A,0D,0,0,0,0,56
9918,2026-05-21 11:18:21.984,0,0,0,1,3,0,0,0,0,E3,8,0D,0A,0D,0,0
9919,2026-05-21 11:18:21.991,0,0,56,0,0,0,1,3,0,0,0,0,E3,8,0D,0A
9920,2026-05-21 11:18:22.175,0D,0,0,0,0,56,0,0,0,1,3,0,0,0,0,E5
9921,2026-05-21 11:18:22.383,8,0D,0A,0D,0,0,0,0,56,0,0,0,1,3,0,0
9922,2026-05-21 11:18:22.603,0,0,E5,8,0D,0A,0D,0,0,0,0,55,0,0,0,1
9923,2026-05-21 11:18:22.801,3,0,0,0,0,E5,8,0D,0A,0D,0,0,0,0,55,0
9924,2026-05-21 11:18:23.010,0,0,1,3,0,0,0,0,E5,8,0D,0A,0D,0,0,0
9925,2026-05-21 11:18:23.218,0,55,0,0,0,1,3,0,0,0,0,E5,8,0D,0A,0D
9926,2026-05-21 11:18:23.229,0,0,0,0,55,0,0,0,1,3,0,0,0,0,E5,8
9927,2026-05-21 11:18:23.435,0D,0A,0D,0,0,0,0,54,0,0,0,1,3,0,0,0
9928,2026-05-21 11:18:23.644,0,E5,8,0D,0A,0D,0,0,0,0,53,0,0,0,1,3
9929,2026-05-21 11:18:23.854,0,0,0,0,E5,8,0D,0A,0D,0,0,0,0,52,0,0
9930,2026-05-21 11:18:24.062,0,1,3,0,0,0,0,E5,8,0D,0A,0D,0,0,0,0
9931,2026-05-21 11:18:24.271,53,0,0,0,1,3,0,0,0,0,E5,8,0D,0A,0D,0
9932,2026-05-21 11:18:24.283,0,0,0,56,0,0,0,1,3,0,0,0,0,E5,8,0D
9933,2026-05-21 11:18:24.488,0A,0D,0,0,0,0,56,0,0,0,1,3,0,0,0,0
9934,2026-05-21 11:18:24.696,E5,8,0D,0A,0D,0,0,0,0,56,0,0,0,1,3,0
9935,2026-05-21 11:18:24.905,0,0,0,E5,8,0D,0A,0D,0,0,0,0,55,0,0,0
9936,2026-05-21 11:18:25.114,1,3,0,0,0,0,E5,8,0D,0A,0D,0,0,0,0,56
9937,2026-05-21 11:18:25.323,0,0,0,1,3,0,0,0,0,E5,8,0D,0A,0D,0,0
9938,2026-05-21 11:18:25.332,0,0,56,0,0,0,1,3,0,0,0,0,E3,8,0D,0A
9939,2026-05-21 11:18:25.539,0D,0,0,0,0,56,0,0,0,1,3,0,0,0,0,E5
9940,2026-05-21 11:18:25.735,8,0D,0A,0D,0,0,0,0,56,0,0,0,1,3,0,0
9941,2026-05-21 11:18:25.946,0,0,E3,8,0D,0A,0D,0,0,0,0,56,0,0,0,1
9942,2026-05-21 11:18:26.166,3,0,0,0,0,E5,8,0D,0A,0D,0,0,0,0,56,0
9943,2026-05-21 11:18:26.375,0,0,1,3,0,0,0,0,E3,8,0D,0A,0D,0,0,0
9944,2026-05-21 11:18:26.584,0,54,0,0,0,1,3,0,0,0,0,E5,8,0D,0A,0D
9945,2026-05-21 11:18:26.596,0,0,0,0,55,0,0,0,1,3,0,0,0,0,E5,8
9946,2026-05-21 11:18:26.800,0D,0A,0D,0,0,0,0,55,0,0,0,1,3,0,0,0
9947,2026-05-21 11:18:27.010,0,E5,8,0D,0A,0D,0,0,0,0,54,0,0,0,1,3
9948,2026-05-21 11:18:27.218,0,0,0,0,E3,8,0D,0A,0D,0,0,0,0,53,0,0
9949,2026-05-21 11:18:27.427,0,1,3,0,0,0,0,E3,8,0D,0A,0D,0,0,0,0
9950,2026-05-21 11:18:27.635,4F,0,0,0,1,3,0,0,0,0,E3,8,0D,0A,0D,0
9951,2026-05-21 11:18:27.650,0,0,0,53,0,0,0,1,3,0,0,0,0,E5,8,0D
9952,2026-05-21 11:18:27.853,0A,0D,0,0,0,0,54,0,0,0,1,3,0,0,0,0
9953,2026-05-21 11:18:28.061,E5,8,0D,0A,0D,0,0,0,0,53,0,0,0,1,3,0
9954,2026-05-21 11:18:28.270,0,0,0,E3,8,0D,0A,0D,0,0,0,0,54,0,0,0
9955,2026-05-21 11:18:28.479,1,3,0,0,0,0,E3,8,0D,0A,0D,0,0,0,0,56
9956,2026-05-21 11:18:28.687,0,0,0,1,3,0,0,0,0,E5,8,0D,0A,0D,0,0
9957,2026-05-21 11:18:28.699,0,0,56,0,0,0,1,3,0,0,0,0,E5,8,0D,0A
9958,2026-05-21 11:18:28.904,0D,0,0,0,0,55,0,0,0,1,3,0,0,0,0,E5
9959,2026-05-21 11:18:29.114,8,0D,0A,0D,0,0,0,0,55,0,0,0,1,3,0,0
9960,2026-05-21 11:18:29.322,0,0,E3,8,0D,0A,0D,0,0,0,0,54,0,0,0,1
9961,2026-05-21 11:18:29.531,3,0,0,0,0,E5,8,0D,0A,0D,0,0,0,0,55,0
9962,2026-05-21 11:18:29.730,0,0,1,3,0,0,0,0,E5,8,0D,0A,0D,0,0,0
9963,2026-05-21 11:18:29.941,0,55,0,0,0,1,3,0,0,0,0,E5,8,0D,0A,0D
9964,2026-05-21 11:18:29.958,0,0,0,0,55,0,0,0,1,3,0,0,0,0,E7,8
9965,2026-05-21 11:18:30.165,0D,0A,0D,0,0,0,0,56,0,0,0,1,3,0,0,0
9966,2026-05-21 11:18:30.373,0,E3,8,0D,0A,0D,0,0,0,0,56,0,0,0,1,3
9967,2026-05-21 11:18:30.582,0,0,0,0,E5,8,0D,0A,0D,0,0,0,0,55,0,0
9968,2026-05-21 11:18:30.791,0,1,3,0,0,0,0,E3,8,0D,0A,0D,0,0,0,0
9969,2026-05-21 11:18:30.999,56,0,0,0,1,3,0,0,0,0,E5,8,0D,0A,0D,0
9970,2026-05-21 11:18:31.012,0,0,0,56,0,0,0,1,3,0,0,0,0,E5,8,0D
9971,2026-05-21 11:18:31.217,0A,0D,0,0,0,0,56,0,0,0,1,3,0,0,0,0
9972,2026-05-21 11:18:31.425,E5,8,0D,0A,0D,0,0,0,0,56,0,0,0,1,3,0
9973,2026-05-21 11:18:31.635,0,0,0,E3,8,0D,0A,0D,0,0,0,0,56,0,0,0
9974,2026-05-21 11:18:31.843,1,3,0,0,0,0,E5,8,0D,0A,0D,0,0,0,0,55
9975,2026-05-21 11:18:32.053,0,0,0,1,3,0,0,0,0,E5,8,0D,0A,0D,0,0
9976,2026-05-21 11:18:32.064,0,0,55,0,0,0,1,3,0,0,0,0,E5,8,0D,0A
9977,2026-05-21 11:18:32.269,0D,0,0,0,0,55,0,0,0,1,3,0,0,0,0,E3
9978,2026-05-21 11:18:32.478,8,0D,0A,0D,0,0,0,0,55,0,0,0,1,3,0,0
9979,2026-05-21 11:18:32.686,0,0,E5,8,0D,0A,0D,0,0,0,0,55,0,0,0,1
9980,2026-05-21 11:18:32.895,3,0,0,0,0,E3,8,0D,0A,0D,0,0,0,0,55,0
9981,2026-05-21 11:18:33.103,0,0,1,3,0,0,0,0,E5,8,0D,0A,0D,0,0,0
9982,2026-05-21 11:18:33.313,0,56,0,0,0,1,3,0,0,0,0,E5,8,0D,0A,0D
9983,2026-05-21 11:18:33.323,0,0,0,0,56,0,0,0,1,3,0,0,0,0,E5,8
9984,2026-05-21 11:18:33.530,0D,0A,0D,0,0,0,0,57,0,0,0,1,3,0,0,0
9985,2026-05-21 11:18:33.737,0,E5,8,0D,0A,0D,0,0,0,0,56,0,0,0,1,3
9986,2026-05-21 11:18:33.933,0,0,0,0,E5,8,0D,0A,0D,0,0,0,0,55,0,0
9987,2026-05-21 11:18:34.155,0,1,3,0,0,0,0,E3,8,0D,0A,0D,0,0,0,0
9988,2026-05-21 11:18:34.365,55,0,0,0,1,3,0,0,0,0,E5,8,0D,0A,0D,0
9989,2026-05-21 11:18:34.374,0,0,0,53,0,0,0,1,3,0,0,0,0,E5,8,0D
9990,2026-05-21 11:18:34.582,0A,0D,0,0,0,0,54,0,0,0,1,3,0,0,0,0
9991,2026-05-21 11:18:34.790,E5,8,0D,0A,0D,0,0,0,0,55,0,0,0,1,3,0
9992,2026-05-21 11:18:34.999,0,0,0,E3,8,0D,0A,0D,0,0,0,0,55,0,0,0
9993,2026-05-21 11:18:35.207,1,3,0,0,0,0,E5,8,0D,0A,0D,0,0,0,0,54
9994,2026-05-21 11:18:35.416,0,0,0,1,3,0,0,0,0,E5,8,0D,0A,0D,0,0
9995,2026-05-21 11:18:35.427,0,0,54,0,0,0,1,3,0,0,0,0,E3,8,0D,0A
9996,2026-05-21 11:18:35.633,0D,0,0,0,0,54,0,0,0,1,3,0,0,0,0,E5
9997,2026-05-21 11:18:35.842,8,0D,0A,0D,0,0,0,0,54,0,0,0,1,3,0,0
9998,2026-05-21 11:18:36.051,0,0,E3,8,0D,0A,0D,0,0,0,0,56,0,0,0,1
9999,2026-05-21 11:18:36.260,3,0,0,0,0,E5,8,0D,0A,0D,0,0,0,0,54,0
10000,2026-05-21 11:18:36.468,0,0,1,3,0,0,0,0,E5,8,0D,0A,0D,0,0,0
10001,2026-05-21 11:18:36.677,0,54,0,0,0,1,3,0,0,0,0,E5,8,0D,0A,0D
10002,2026-05-21 11:18:36.687,0,0,0,0,53,0,0,0,1,3,0,0,0,0,E3,8
10003,2026-05-21 11:18:36.895,0D,0A,0D,0,0,0,0,54,0,0,0,1,3,0,0,0
10004,2026-05-21 11:18:37.103,0,E5,8,0D,0A,0D,0,0,0,0,54,0,0,0,1,3
10005,2026-05-21 11:18:37.311,0,0,0,0,E5,8,0D,0A,0D,0,0,0,0,54,0,0
10006,2026-05-21 11:18:37.520,0,1,3,0,0,0,0,E5,8,0D,0A,0D,0,0,0,0
10007,2026-05-21 11:18:37.729,55,0,0,0,1,3,0,0,0,0,E5,8,0D,0A,0D,0
10008,2026-05-21 11:18:37.740,0,0,0,54,0,0,0,1,3,0,0,0,0,E7,8,0D
10009,2026-05-21 11:18:37.944,0A,0D,0,0,0,0,54,0,0,0,1,3,0,0,0,0
10010,2026-05-21 11:18:38.155,E5,8,0D,0A,0D,0,0,0,0,54,0,0,0,1,3,0
10011,2026-05-21 11:18:38.363,0,0,0,E3,8,0D,0A,0D,0,0,0,0,54,0,0,0
10012,2026-05-21 11:18:38.572,1,3,0,0,0,0,E5,8,0D,0A,0D,0,0,0,0,54
10013,2026-05-21 11:18:38.782,0,0,0,1,3,0,0,0,0,E3,8,0D,0A,0D,0,0
10014,2026-05-21 11:18:38.793,0,0,54,0,0,0,1,3,0,0,0,0,E5,8,0D,0A
10015,2026-05-21 11:18:38.998,0D,0,0,0,0,54,0,0,0,1,3,0,0,0,0,E3
10016,2026-05-21 11:18:39.207,8,0D,0A,0D,0,0,0,0,54,0,0,0,1,3,0,0
10017,2026-05-21 11:18:39.415,0,0,E5,8,0D,0A,0D,0,0,0,0,54,0,0,0,1
10018,2026-05-21 11:18:39.624,3,0,0,0,0,E3,8,0D,0A,0D,0,0,0,0,54,0
10019,2026-05-21 11:18:39.833,0,0,1,3,0,0,0,0,E5,8,0D,0A,0D,0,0,0
10020,2026-05-21 11:18:40.041,0,54,0,0,0,1,3,0,0,0,0,E3,8,0D,0A,0D
10021,2026-05-21 11:18:40.052,0,0,0,0,55,0,0,0,1,3,0,0,0,0,E5,8
10022,2026-05-21 11:18:40.259,0D,0A,0D,0,0,0,0,54,0,0,0,1,3,0,0,0
10023,2026-05-21 11:18:40.468,0,E5,8,0D,0A,0D,0,0,0,0,55,0,0,0,1,3
10024,2026-05-21 11:18:40.677,0,0,0,0,E5,8,0D,0A,0D,0,0,0,0,54,0,0
10025,2026-05-21 11:18:40.885,0,1,3,0,0,0,0,E3,8,0D,0A,0D,0,0,0,0
10026,2026-05-21 11:18:41.093,55,0,0,0,1,3,0,0,0,0,E5,8,0D,0A,0D,0
10027,2026-05-21 11:18:41.104,0,0,0,55,0,0,0,1,3,0,0,0,0,E3,8,0D
10028,2026-05-21 11:18:41.311,0A,0D,0,0,0,0,56,0,0,0,1,3,0,0,0,0
10029,2026-05-21 11:18:41.519,E5,8,0D,0A,0D,0,0,0,0,54,0,0,0,1,3,0
10030,2026-05-21 11:18:41.721,0,0,0,E5,8,0D,0A,0D,0,0,0,0,54,0,0,0
10031,2026-05-21 11:18:41.932,1,3,0,0,0,0,E5,8,0D,0A,0D,0,0,0,0,54
10032,2026-05-21 11:18:42.146,0,0,0,1,3,0,0,0,0,E5,8,0D,0A,0D,0,0
10033,2026-05-21 11:18:42.156,0,0,55,0,0,0,1,3,0,0,0,0,E3,8,0D,0A
10034,2026-05-21 11:18:42.362,0D,0,0,0,0,54,0,0,0,1,3,0,0,0,0,E5
10035,2026-05-21 11:18:42.571,8,0D,0A,0D,0,0,0,0,55,0,0,0,1,3,0,0
10036,2026-05-21 11:18:42.780,0,0,E3,8,0D,0A,0D,0,0,0,0,54,0,0,0,1
10037,2026-05-21 11:18:42.989,3,0,0,0,0,E5,8,0D,0A,0D,0,0,0,0,54,0
10038,2026-05-21 11:18:43.198,0,0,1,3,0,0,0,0,E5,8,0D,0A,0D,0,0,0
10039,2026-05-21 11:18:43.406,0,54,0,0,0,1,3,0,0,0,0,E5,8,0D,0A,0D
10040,2026-05-21 11:18:43.415,0,0,0,0,55,0,0,0,1,3,0,0,0,0,E3,8
10041,2026-05-21 11:18:43.623,0D,0A,0D,0,0,0,0,55,0,0,0,1,3,0,0,0
10042,2026-05-21 11:18:43.832,0,E5,8,0D,0A,0D,0,0,0,0,55,0,0,0,1,3
10043,2026-05-21 11:18:44.040,0,0,0,0,E5,8,0D,0A,0D,0,0,0,0,55,0,0
10044,2026-05-21 11:18:44.249,0,1,3,0,0,0,0,E5,8,0D,0A,0D,0,0,0,0
10045,2026-05-21 11:18:44.458,55,0,0,0,1,3,0,0,0,0,E3,8,0D,0A,0D,0
10046,2026-05-21 11:18:44.469,0,0,0,55,0,0,0,1,3,0,0,0,0,E5,8,0D
10047,2026-05-21 11:18:44.675,0A,0D,0,0,0,0,54,0,0,0,1,3,0,0,0,0
10048,2026-05-21 11:18:44.884,E5,8,0D,0A,0D,0,0,0,0,55,0,0,0,1,3,0
10049,2026-05-21 11:18:45.092,0,0,0,E5,8,0D,0A,0D,0,0,0,0,54,0,0,0
10050,2026-05-21 11:18:45.301,1,3,0,0,0,0,E5,8,0D,0A,0D,0,0,0,0,54
10051,2026-05-21 11:18:45.509,0,0,0,1,3,0,0,0,0,E5,8,0D,0A,0D,0,0
10052,2026-05-21 11:18:45.519,0,0,54,0,0,0,1,3,0,0,0,0,E3,8,0D,0A
10053,2026-05-21 11:18:45.725,0D,0,0,0,0,54,0,0,0,1,3,0,0,0,0,E5
10054,2026-05-21 11:18:45.936,8,0D,0A,0D,0,0,0,0,54,0,0,0,1,3,0,0
10055,2026-05-21 11:18:46.144,0,0,E5,8,0D,0A,0D,0,0,0,0,55,0,0,0,1
10056,2026-05-21 11:18:46.354,3,0,0,0,0,E5,8,0D,0A,0D,0,0,0,0,54,0
10057,2026-05-21 11:18:46.562,0,0,1,3,0,0,0,0,E3,8,0D,0A,0D,0,0,0
10058,2026-05-21 11:18:46.770,0,54,0,0,0,1,3,0,0,0,0,E5,8,0D,0A,0D
10059,2026-05-21 11:18:46.783,0,0,0,0,53,0,0,0,1,3,0,0,0,0,E5,8
10060,2026-05-21 11:18:46.987,0D,0A,0D,0,0,0,0,54,0,0,0,1,3,0,0,0
10061,2026-05-21 11:18:47.196,0,E5,8,0D,0A,0D,0,0,0,0,53,0,0,0,1,3
10062,2026-05-21 11:18:47.405,0,0,0,0,E5,8,0D,0A,0D,0,0,0,0,54,0,0
10063,2026-05-21 11:18:47.613,0,1,3,0,0,0,0,E5,8,0D,0A,0D,0,0,0,0
10064,2026-05-21 11:18:47.822,54,0,0,0,1,3,0,0,0,0,E5,8,0D,0A,0D,0
10065,2026-05-21 11:18:47.834,0,0,0,54,0,0,0,1,3,0,0,0,0,E5,8,0D
10066,2026-05-21 11:18:48.040,0A,0D,0,0,0,0,54,0,0,0,1,3,0,0,0,0
10067,2026-05-21 11:18:48.248,E5,8,0D,0A,0D,0,0,0,0,55,0,0,0,1,3,0
10068,2026-05-21 11:18:48.456,0,0,0,E3,8,0D,0A,0D,0,0,0,0,55,0,0,0
10069,2026-05-21 11:18:48.665,1,3,0,0,0,0,E5,8,0D,0A,0D,0,0,0,0,56
10070,2026-05-21 11:18:48.874,0,0,0,1,3,0,0,0,0,E5,8,0D,0A,0D,0,0
10071,2026-05-21 11:18:48.885,0,0,55,0,0,0,1,3,0,0,0,0,E3,8,0D,0A
10072,2026-05-21 11:18:49.091,0D,0,0,0,0,55,0,0,0,1,3,0,0,0,0,E5
10073,2026-05-21 11:18:49.300,8,0D,0A,0D,0,0,0,0,55,0,0,0,1,3,0,0
10074,2026-05-21 11:18:49.509,0,0,E5,8,0D,0A,0D,0,0,0,0,55,0,0,0,1
10075,2026-05-21 11:18:49.703,3,0,0,0,0,E5,8,0D,0A,0D,0,0,0,0,55,0
10076,2026-05-21 11:18:49.914,0,0,1,3,0,0,0,0,E5,8,0D,0A,0D,0,0,0
10077,2026-05-21 11:18:50.136,0,55,0,0,0,1,3,0,0,0,0,E5,8,0D,0A,0D
10078,2026-05-21 11:18:50.147,0,0,0,0,54,0,0,0,1,3,0,0,0,0,E5,8
10079,2026-05-21 11:18:50.352,0D,0A,0D,0,0,0,0,53,0,0,0,1,3,0,0,0
10080,2026-05-21 11:18:50.561,0,E3,8,0D,0A,0D,0,0,0,0,53,0,0,0,1,3
10081,2026-05-21 11:18:50.769,0,0,0,0,E3,8,0D,0A,0D,0,0,0,0,52,0,0
10082,2026-05-21 11:18:50.978,0,1,3,0,0,0,0,E3,8,0D,0A,0D,0,0,0,0
10083,2026-05-21 11:18:51.187,54,0,0,0,1,3,0,0,0,0,E5,8,0D,0A,0D,0
10084,2026-05-21 11:18:51.197,0,0,0,54,0,0,0,1,3,0,0,0,0,E5,8,0D
10085,2026-05-21 11:18:51.405,0A,0D,0,0,0,0,54,0,0,0,1,3,0,0,0,0
10086,2026-05-21 11:18:51.613,E3,8,0D,0A,0D,0,0,0,0,53,0,0,0,1,3,0
10087,2026-05-21 11:18:51.822,0,0,0,E5,8,0D,0A,0D,0,0,0,0,54,0,0,0
10088,2026-05-21 11:18:52.031,1,3,0,0,0,0,E3,8,0D,0A,0D,0,0,0,0,54
10089,2026-05-21 11:18:52.239,0,0,0,1,3,0,0,0,0,E5,8,0D,0A,0D,0,0
10090,2026-05-21 11:18:52.251,0,0,54,0,0,0,1,3,0,0,0,0,E3,8,0D,0A
10091,2026-05-21 11:18:52.456,0D,0,0,0,0,54,0,0,0,1,3,0,0,0,0,E3
10092,2026-05-21 11:18:52.666,8,0D,0A,0D,0,0,0,0,56,0,0,0,1,3,0,0
10093,2026-05-21 11:18:52.874,0,0,E5,8,0D,0A,0D,0,0,0,0,55,0,0,0,1
10094,2026-05-21 11:18:53.083,3,0,0,0,0,E5,8,0D,0A,0D,0,0,0,0,54,0
10095,2026-05-21 11:18:53.291,0,0,1,3,0,0,0,0,E3,8,0D,0A,0D,0,0,0
10096,2026-05-21 11:18:53.499,0,53,0,0,0,1,3,0,0,0,0,E5,8,0D,0A,0D
10097,2026-05-21 11:18:53.511,0,0,0,0,53,0,0,0,1,3,0,0,0,0,E5,8
10098,2026-05-21 11:18:53.712,0D,0A,0D,0,0,0,0,53,0,0,0,1,3,0,0,0
10099,2026-05-21 11:18:53.924,0,E5,8,0D,0A,0D,0,0,0,0,54,0,0,0,1,3
10100,2026-05-21 11:18:54.134,0,0,0,0,E3,8,0D,0A,0D,0,0,0,0,54,0,0
10101,2026-05-21 11:18:54.343,0,1,3,0,0,0,0,E5,8,0D,0A,0D,0,0,0,0
10102,2026-05-21 11:18:54.551,52,0,0,0,1,3,0,0,0,0,E3,8,0D,0A,0D,0
10103,2026-05-21 11:18:54.562,0,0,0,53,0,0,0,1,3,0,0,0,0,E5,8,0D
10104,2026-05-21 11:18:54.769,0A,0D,0,0,0,0,54,0,0,0,1,3,0,0,0,0
10105,2026-05-21 11:18:54.978,E5,8,0D,0A,0D,0,0,0,0,55,0,0,0,1,3,0
10106,2026-05-21 11:18:55.186,0,0,0,E5,8,0D,0A,0D,0,0,0,0,55,0,0,0
10107,2026-05-21 11:18:55.395,1,3,0,0,0,0,E3,8,0D,0A,0D,0,0,0,0,54
10108,2026-05-21 11:18:55.604,0,0,0,1,3,0,0,0,0,E5,8,0D,0A,0D,0,0
10109,2026-05-21 11:18:55.615,0,0,53,0,0,0,1,3,0,0,0,0,E5,8,0D,0A
10110,2026-05-21 11:18:55.820,0D,0,0,0,0,54,0,0,0,1,3,0,0,0,0,E5
10111,2026-05-21 11:18:56.030,8,0D,0A,0D,0,0,0,0,54,0,0,0,1,3,0,0
10112,2026-05-21 11:18:56.239,0,0,E5,8,0D,0A,0D,0,0,0,0,55,0,0,0,1
10113,2026-05-21 11:18:56.447,3,0,0,0,0,E5,8,0D,0A,0D,0,0,0,0,55,0
10114,2026-05-21 11:18:56.656,0,0,1,3,0,0,0,0,E5,8,0D,0A,0D,0,0,0
10115,2026-05-21 11:18:56.864,0,56,0,0,0,1,3,0,0,0,0,E3,8,0D,0A,0D
10116,2026-05-21 11:18:56.883,0,0,0,0,55,0,0,0,1,3,0,0,0,0,E3,8
10117,2026-05-21 11:18:57.081,0D,0A,0D,0,0,0,0,54,0,0,0,1,3,0,0,0
10118,2026-05-21 11:18:57.290,0,E5,8,0D,0A,0D,0,0,0,0,53,0,0,0,1,3
10119,2026-05-21 11:18:57.501,0,0,0,0,E5,8,0D,0A,0D,0,0,0,0,54,0,0
10120,2026-05-21 11:18:57.701,0,1,3,0,0,0,0,E5,8,0D,0A,0D,0,0,0,0
10121,2026-05-21 11:18:57.917,53,0,0,0,1,3,0,0,0,0,E5,8,0D,0A,0D,0
10122,2026-05-21 11:18:57.936,0,0,0,54,0,0,0,1,3,0,0,0,0,E5,8,0D
10123,2026-05-21 11:18:58.152,0A,0D,0,0,0,0,52,0,0,0,1,3,0,0,0,0
10124,2026-05-21 11:18:58.343,E5,8,0D,0A,0D,0,0,0,0,52,0,0,0,1,3,0
10125,2026-05-21 11:18:58.551,0,0,0,E5,8,0D,0A,0D,0,0,0,0,52,0,0,0
10126,2026-05-21 11:18:58.765,1,3,0,0,0,0,E5,8,0D,0A,0D,0,0,0,0,54
10127,2026-05-21 11:18:58.968,0,0,0,1,3,0,0,0,0,E5,8,0D,0A,0D,0,0
10128,2026-05-21 11:18:58.979,0,0,54,0,0,0,1,3,0,0,0,0,E3,8,0D,0A
10129,2026-05-21 11:18:59.186,0D,0,0,0,0,54,0,0,0,1,3,0,0,0,0,E5
10130,2026-05-21 11:18:59.395,8,0D,0A,0D,0,0,0,0,52,0,0,0,1,3,0,0
10131,2026-05-21 11:18:59.602,0,0,E3,8,0D,0A,0D,0,0,0,0,53,0,0,0,1
10132,2026-05-21 11:18:59.811,3,0,0,0,0,E5,8,0D,0A,0D,0,0,0,0,52,0
10133,2026-05-21 11:19:00.021,0,0,1,3,0,0,0,0,E5,8,0D,0A,0D,0,0,0
10134,2026-05-21 11:19:00.230,0,54,0,0,0,1,3,0,0,0,0,E3,8,0D,0A,0D
10135,2026-05-21 11:19:00.240,0,0,0,0,54,0,0,0,1,3,0,0,0,0,E5,8
10136,2026-05-21 11:19:00.446,0D,0A,0D,0,0,0,0,53,0,0,0,1,3,0,0,0
10137,2026-05-21 11:19:00.654,0,E5,8,0D,0A,0D,0,0,0,0,51,0,0,0,1,3
10138,2026-05-21 11:19:00.864,0,0,0,0,E5,8,0D,0A,0D,0,0,0,0,52,0,0
10139,2026-05-21 11:19:01.072,0,1,3,0,0,0,0,E5,8,0D,0A,0D,0,0,0,0
10140,2026-05-21 11:19:01.281,55,0,0,0,1,3,0,0,0,0,E5,8,0D,0A,0D,0
10141,2026-05-21 11:19:01.290,0,0,0,56,0,0,0,1,3,0,0,0,0,E3,8,0D
10142,2026-05-21 11:19:01.497,0A,0D,0,0,0,0,56,0,0,0,1,3,0,0,0,0
10143,2026-05-21 11:19:01.707,E3,8,0D,0A,0D,0,0,0,0,56,0,0,0,1,3,0
10144,2026-05-21 11:19:01.915,0,0,0,E5,8,0D,0A,0D,0,0,0,0,56,0,0,0
10145,2026-05-21 11:19:02.126,1,3,0,0,0,0,E5,8,0D,0A,0D,0,0,0,0,56
10146,2026-05-21 11:19:02.332,0,0,0,1,3,0,0,0,0,E5,8,0D,0A,0D,0,0
10147,2026-05-21 11:19:02.344,0,0,56,0,0,0,1,3,0,0,0,0,E5,8,0D,0A
10148,2026-05-21 11:19:02.550,0D,0,0,0,0,55,0,0,0,1,3,0,0,0,0,E5
10149,2026-05-21 11:19:02.758,8,0D,0A,0D,0,0,0,0,54,0,0,0,1,3,0,0
10150,2026-05-21 11:19:02.968,0,0,E5,8,0D,0A,0D,0,0,0,0,53,0,0,0,1
10151,2026-05-21 11:19:03.176,3,0,0,0,0,E5,8,0D,0A,0D,0,0,0,0,53,0
10152,2026-05-21 11:19:03.385,0,0,1,3,0,0,0,0,E5,8,0D,0A,0D,0,0,0
10153,2026-05-21 11:19:03.594,0,53,0,0,0,1,3,0,0,0,0,E5,8,0D,0A,0D
10154,2026-05-21 11:19:03.605,0,0,0,0,53,0,0,0,1,3,0,0,0,0,E3,8
10155,2026-05-21 11:19:03.810,0D,0A,0D,0,0,0,0,53,0,0,0,1,3,0,0,0
10156,2026-05-21 11:19:04.020,0,E5,8,0D,0A,0D,0,0,0,0,55,0,0,0,1,3
10157,2026-05-21 11:19:04.228,0,0,0,0,E5,8,0D,0A,0D,0,0,0,0,54,0,0
10158,2026-05-21 11:19:04.438,0,1,3,0,0,0,0,E5,8,0D,0A,0D,0,0,0,0
10159,2026-05-21 11:19:04.645,56,0,0,0,1,3,0,0,0,0,E5,8,0D,0A,0D,0
10160,2026-05-21 11:19:04.659,0,0,0,54,0,0,0,1,3,0,0,0,0,E3,8,0D
10161,2026-05-21 11:19:04.863,0A,0D,0,0,0,0,55,0,0,0,1,3,0,0,0,0
10162,2026-05-21 11:19:05.073,E5,8,0D,0A,0D,0,0,0,0,54,0,0,0,1,3,0
10163,2026-05-21 11:19:05.280,0,0,0,E3,8,0D,0A,0D,0,0,0,0,55,0,0,0
10164,2026-05-21 11:19:05.489,1,3,0,0,0,0,E3,8,0D,0A,0D,0,0,0,0,54
10165,2026-05-21 11:19:05.697,0,0,0,1,3,0,0,0,0,E3,8,0D,0A,0D,0,0
10166,2026-05-21 11:19:05.710,0,0,55,0,0,0,1,3,0,0,0,0,E3,8,0D,0A
10167,2026-05-21 11:19:05.915,0D,0,0,0,0,54,0,0,0,1,3,0,0,0,0,E3
10168,2026-05-21 11:19:06.120,8,0D,0A,0D,0,0,0,0,54,0,0,0,1,3,0,0
10169,2026-05-21 11:19:06.329,0,0,E5,8,0D,0A,0D,0,0,0,0,54,0,0,0,1
10170,2026-05-21 11:19:06.541,3,0,0,0,0,E3,8,0D,0A,0D,0,0,0,0,54,0
10171,2026-05-21 11:19:06.749,0,0,1,3,0,0,0,0,E5,8,0D,0A,0D,0,0,0
10172,2026-05-21 11:19:06.958,0,54,0,0,0,1,3,0,0,0,0,E5,8,0D,0A,0D
10173,2026-05-21 11:19:06.972,0,0,0,0,54,0,0,0,1,3,0,0,0,0,E3,8
10174,2026-05-21 11:19:07.175,0D,0A,0D,0,0,0,0,53,0,0,0,1,3,0,0,0
10175,2026-05-21 11:19:07.384,0,E5,8,0D,0A,0D,0,0,0,0,53,0,0,0,1,3
10176,2026-05-21 11:19:07.593,0,0,0,0,E5,8,0D,0A,0D,0,0,0,0,52,0,0
10177,2026-05-21 11:19:07.801,0,1,3,0,0,0,0,E5,8,0D,0A,0D,0,0,0,0
10178,2026-05-21 11:19:08.010,54,0,0,0,1,3,0,0,0,0,E3,8,0D,0A,0D,0
10179,2026-05-21 11:19:08.023,0,0,0,55,0,0,0,1,3,0,0,0,0,E5,8,0D
10180,2026-05-21 11:19:08.227,0A,0D,0,0,0,0,54,0,0,0,1,3,0,0,0,0
10181,2026-05-21 11:19:08.436,E3,8,0D,0A,0D,0,0,0,0,53,0,0,0,1,3,0
10182,2026-05-21 11:19:08.645,0,0,0,E3,8,0D,0A,0D,0,0,0,0,52,0,0,0
10183,2026-05-21 11:19:08.853,1,3,0,0,0,0,E5,8,0D,0A,0D,0,0,0,0,52
10184,2026-05-21 11:19:09.062,0,0,0,1,3,0,0,0,0,E3,8,0D,0A,0D,0,0
10185,2026-05-21 11:19:09.072,0,0,53,0,0,0,1,3,0,0,0,0,E5,8,0D,0A
10186,2026-05-21 11:19:09.279,0D,0,0,0,0,55,0,0,0,1,3,0,0,0,0,E5
10187,2026-05-21 11:19:09.488,8,0D,0A,0D,0,0,0,0,55,0,0,0,1,3,0,0
10188,2026-05-21 11:19:09.687,0,0,E5,8,0D,0A,0D,0,0,0,0,54,0,0,0,1
10189,2026-05-21 11:19:09.895,3,0,0,0,0,E3,8,0D,0A,0D,0,0,0,0,54,0
10190,2026-05-21 11:19:10.120,0,0,1,3,0,0,0,0,E5,8,0D,0A,0D,0,0,0
10191,2026-05-21 11:19:10.323,0,55,0,0,0,1,3,0,0,0,0,E5,8,0D,0A,0D
10192,2026-05-21 11:19:10.335,0,0,0,0,55,0,0,0,1,3,0,0,0,0,E3,8
10193,2026-05-21 11:19:10.540,0D,0A,0D,0,0,0,0,55,0,0,0,1,3,0,0,0
10194,2026-05-21 11:19:10.750,0,E5,8,0D,0A,0D,0,0,0,0,55,0,0,0,1,3
10195,2026-05-21 11:19:10.958,0,0,0,0,E5,8,0D,0A,0D,0,0,0,0,55,0,0
10196,2026-05-21 11:19:11.167,0,1,3,0,0,0,0,E3,8,0D,0A,0D,0,0,0,0
10197,2026-05-21 11:19:11.375,54,0,0,0,1,3,0,0,0,0,E5,8,0D,0A,0D,0
10198,2026-05-21 11:19:11.385,0,0,0,53,0,0,0,1,3,0,0,0,0,E5,8,0D
10199,2026-05-21 11:19:11.592,0A,0D,0,0,0,0,54,0,0,0,1,3,0,0,0,0
10200,2026-05-21 11:19:11.801,E5,8,0D,0A,0D,0,0,0,0,54,0,0,0,1,3,0
10201,2026-05-21 11:19:12.010,0,0,0,E5,8,0D,0A,0D,0,0,0,0,54,0,0,0
10202,2026-05-21 11:19:12.218,1,3,0,0,0,0,E5,8,0D,0A,0D,0,0,0,0,53
10203,2026-05-21 11:19:12.428,0,0,0,1,3,0,0,0,0,E5,8,0D,0A,0D,0,0
10204,2026-05-21 11:19:12.440,0,0,54,0,0,0,1,3,0,0,0,0,E3,8,0D,0A
10205,2026-05-21 11:19:12.645,0D,0,0,0,0,54,0,0,0,1,3,0,0,0,0,E3
10206,2026-05-21 11:19:12.853,8,0D,0A,0D,0,0,0,0,54,0,0,0,1,3,0,0
10207,2026-05-21 11:19:13.062,0,0,E7,8,0D,0A,0D,0,0,0,0,54,0,0,0,1
10208,2026-05-21 11:19:13.270,3,0,0,0,0,E5,8,0D,0A,0D,0,0,0,0,55,0
10209,2026-05-21 11:19:13.480,0,0,1,3,0,0,0,0,E5,8,0D,0A,0D,0,0,0
10210,2026-05-21 11:19:13.681,0,54,0,0,0,1,3,0,0,0,0,E3,8,0D,0A,0D
10211,2026-05-21 11:19:13.700,0,0,0,0,54,0,0,0,1,3,0,0,0,0,E5,8
10212,2026-05-21 11:19:13.895,0D,0A,0D,0,0,0,0,53,0,0,0,1,3,0,0,0
10213,2026-05-21 11:19:14.114,0,E3,8,0D,0A,0D,0,0,0,0,55,0,0,0,1,3
10214,2026-05-21 11:19:14.325,0,0,0,0,E5,8,0D,0A,0D,0,0,0,0,55,0,0
10215,2026-05-21 11:19:14.532,0,1,3,0,0,0,0,E5,8,0D,0A,0D,0,0,0,0
10216,2026-05-21 11:19:14.741,55,0,0,0,1,3,0,0,0,0,E5,8,0D,0A,0D,0
10217,2026-05-21 11:19:14.753,0,0,0,54,0,0,0,1,3,0,0,0,0,E3,8,0D
10218,2026-05-21 11:19:14.960,0A,0D,0,0,0,0,54,0,0,0,1,3,0,0,0,0
10219,2026-05-21 11:19:15.166,E3,8,0D,0A,0D,0,0,0,0,54,0,0,0,1,3,0
10220,2026-05-21 11:19:15.375,0,0,0,E5,8,0D,0A,0D,0,0,0,0,55,0,0,0
10221,2026-05-21 11:19:15.584,1,3,0,0,0,0,E7,8,0D,0A,0D,0,0,0,0,54
10222,2026-05-21 11:19:15.792,0,0,0,1,3,0,0,0,0,E5,8,0D,0A,0D,0,0
10223,2026-05-21 11:19:15.803,0,0,55,0,0,0,1,3,0,0,0,0,E3,8,0D,0A
10224,2026-05-21 11:19:16.010,0D,0,0,0,0,54,0,0,0,1,3,0,0,0,0,E5
10225,2026-05-21 11:19:16.218,8,0D,0A,0D,0,0,0,0,54,0,0,0,1,3,0,0
10226,2026-05-21 11:19:16.427,0,0,E5,8,0D,0A,0D,0,0,0,0,53,0,0,0,1
10227,2026-05-21 11:19:16.635,3,0,0,0,0,E5,8,0D,0A,0D,0,0,0,0,54,0
10228,2026-05-21 11:19:16.845,0,0,1,3,0,0,0,0,E3,8,0D,0A,0D,0,0,0
10229,2026-05-21 11:19:17.053,0,55,0,0,0,1,3,0,0,0,0,E3,8,0D,0A,0D
10230,2026-05-21 11:19:17.065,0,0,0,0,56,0,0,0,1,3,0,0,0,0,E3,8
10231,2026-05-21 11:19:17.270,0D,0A,0D,0,0,0,0,54,0,0,0,1,3,0,0,0
10232,2026-05-21 11:19:17.479,0,E5,8,0D,0A,0D,0,0,0,0,55,0,0,0,1,3
10233,2026-05-21 11:19:17.690,0,0,0,0,E5,8,0D,0A,0D,0,0,0,0,55,0,0
10234,2026-05-21 11:19:17.882,0,1,3,0,0,0,0,E5,8,0D,0A,0D,0,0,0,0
10235,2026-05-21 11:19:18.106,54,0,0,0,1,3,0,0,0,0,E3,8,0D,0A,0D,0
10236,2026-05-21 11:19:18.115,0,0,0,56,0,0,0,1,3,0,0,0,0,E5,8,0D
10237,2026-05-21 11:19:18.322,0A,0D,0,0,0,0,56,0,0,0,1,3,0,0,0,0
10238,2026-05-21 11:19:18.532,E5,8,0D,0A,0D,0,0,0,0,55,0,0,0,1,3,0
10239,2026-05-21 11:19:18.740,0,0,0,E5,8,0D,0A,0D,0,0,0,0,56,0,0,0
10240,2026-05-21 11:19:18.949,1,3,0,0,0,0,E5,8,0D,0A,0D,0,0,0,0,56
10241,2026-05-21 11:19:19.158,0,0,0,1,3,0,0,0,0,E5,8,0D,0A,0D,0,0
10242,2026-05-21 11:19:19.167,0,0,56,0,0,0,1,3,0,0,0,0,E5,8,0D,0A
10243,2026-05-21 11:19:19.375,0D,0,0,0,0,56,0,0,0,1,3,0,0,0,0,E5
10244,2026-05-21 11:19:19.583,8,0D,0A,0D,0,0,0,0,56,0,0,0,1,3,0,0
10245,2026-05-21 11:19:19.792,0,0,E3,8,0D,0A,0D,0,0,0,0,56,0,0,0,1
10246,2026-05-21 11:19:20.001,3,0,0,0,0,E5,8,0D,0A,0D,0,0,0,0,55,0
10247,2026-05-21 11:19:20.209,0,0,1,3,0,0,0,0,E5,8,0D,0A,0D,0,0,0
10248,2026-05-21 11:19:20.418,0,55,0,0,0,1,3,0,0,0,0,E3,8,0D,0A,0D
10249,2026-05-21 11:19:20.428,0,0,0,0,55,0,0,0,1,3,0,0,0,0,E3,8
10250,2026-05-21 11:19:20.635,0D,0A,0D,0,0,0,0,56,0,0,0,1,3,0,0,0
10251,2026-05-21 11:19:20.844,0,E5,8,0D,0A,0D,0,0,0,0,56,0,0,0,1,3
10252,2026-05-21 11:19:21.053,0,0,0,0,E5,8,0D,0A,0D,0,0,0,0,56,0,0
10253,2026-05-21 11:19:21.261,0,1,3,0,0,0,0,E5,8,0D,0A,0D,0,0,0,0
10254,2026-05-21 11:19:21.470,55,0,0,0,1,3,0,0,0,0,E3,8,0D,0A,0D,0
10255,2026-05-21 11:19:21.480,0,0,0,56,0,0,0,1,3,0,0,0,0,E3,8,0D
10256,2026-05-21 11:19:21.681,0A,0D,0,0,0,0,55,0,0,0,1,3,0,0,0,0
10257,2026-05-21 11:19:21.887,E5,8,0D,0A,0D,0,0,0,0,56,0,0,0,1,3,0
10258,2026-05-21 11:19:22.104,0,0,0,E5,8,0D,0A,0D,0,0,0,0,55,0,0,0
10259,2026-05-21 11:19:22.313,1,3,0,0,0,0,E3,8,0D,0A,0D,0,0,0,0,56
10260,2026-05-21 11:19:22.521,0,0,0,1,3,0,0,0,0,E5,8,0D,0A,0D,0,0
10261,2026-05-21 11:19:22.540,0,0,55,0,0,0,1,3,0,0,0,0,E5,8,0D,0A
10262,2026-05-21 11:19:22.739,0D,0,0,0,0,55,0,0,0,1,3,0,0,0,0,E5
10263,2026-05-21 11:19:22.949,8,0D,0A,0D,0,0,0,0,55,0,0,0,1,3,0,0
10264,2026-05-21 11:19:23.157,0,0,E3,8,0D,0A,0D,0,0,0,0,56,0,0,0,1
10265,2026-05-21 11:19:23.365,3,0,0,0,0,E5,8,0D,0A,0D,0,0,0,0,56,0
10266,2026-05-21 11:19:23.574,0,0,1,3,0,0,0,0,E3,8,0D,0A,0D,0,0,0
10267,2026-05-21 11:19:23.783,0,57,0,0,0,1,3,0,0,0,0,E5,8,0D,0A,0D
10268,2026-05-21 11:19:23.795,0,0,0,0,56,0,0,0,1,3,0,0,0,0,E5,8
10269,2026-05-21 11:19:24.000,0D,0A,0D,0,0,0,0,56,0,0,0,1,3,0,0,0
10270,2026-05-21 11:19:24.209,0,E5,8,0D,0A,0D,0,0,0,0,56,0,0,0,1,3
10271,2026-05-21 11:19:24.417,0,0,0,0,E5,8,0D,0A,0D,0,0,0,0,55,0,0
10272,2026-05-21 11:19:24.626,0,1,3,0,0,0,0,E3,8,0D,0A,0D,0,0,0,0
10273,2026-05-21 11:19:24.834,56,0,0,0,1,3,0,0,0,0,E5,8,0D,0A,0D,0
10274,2026-05-21 11:19:24.845,0,0,0,56,0,0,0,1,3,0,0,0,0,E5,8,0D
10275,2026-05-21 11:19:25.052,0A,0D,0,0,0,0,56,0,0,0,1,3,0,0,0,0
10276,2026-05-21 11:19:25.260,E5,8,0D,0A,0D,0,0,0,0,56,0,0,0,1,3,0
10277,2026-05-21 11:19:25.469,0,0,0,E5,8,0D,0A,0D,0,0,0,0,55,0,0,0
10278,2026-05-21 11:19:25.673,1,3,0,0,0,0,E5,8,0D,0A,0D,0,0,0,0,56
10279,2026-05-21 11:19:25.883,0,0,0,1,3,0,0,0,0,E5,8,0D,0A,0D,0,0
10280,2026-05-21 11:19:25.883,0,0,56,0,0,0,1,3,0,0,0,0,E5,8,0D,0A
10281,2026-05-21 11:19:26.095,0D,0,0,0,0,56,0,0,0,1,3,0,0,0,0,E3
10282,2026-05-21 11:19:26.312,8,0D,0A,0D,0,0,0,0,55,0,0,0,1,3,0,0
10283,2026-05-21 11:19:26.521,0,0,E5,8,0D,0A,0D,0,0,0,0,57,0,0,0,1
10284,2026-05-21 11:19:26.730,3,0,0,0,0,E5,8,0D,0A,0D,0,0,0,0,57,0
10285,2026-05-21 11:19:26.938,0,0,1,3,0,0,0,0,E5,8,0D,0A,0D,0,0,0
10286,2026-05-21 11:19:27.148,0,57,0,0,0,1,3,0,0,0,0,E3,8,0D,0A,0D
10287,2026-05-21 11:19:27.160,0,0,0,0,58,0,0,0,1,3,0,0,0,0,E7,8
10288,2026-05-21 11:19:27.369,0D,0A,0D,0,0,0,0,56,0,0,0,1,3,0,0,0
10289,2026-05-21 11:19:27.573,0,E5,8,0D,0A,0D,0,0,0,0,55,0,0,0,1,3
10290,2026-05-21 11:19:27.782,0,0,0,0,E5,8,0D,0A,0D,0,0,0,0,55,0,0
10291,2026-05-21 11:19:27.990,0,1,3,0,0,0,0,E3,8,0D,0A,0D,0,0,0,0
10292,2026-05-21 11:19:28.199,56,0,0,0,1,3,0,0,0,0,E5,8,0D,0A,0D,0
10293,2026-05-21 11:19:28.214,0,0,0,56,0,0,0,1,3,0,0,0,0,E5,8,0D
10294,2026-05-21 11:19:28.416,0A,0D,0,0,0,0,57,0,0,0,1,3,0,0,0,0
10295,2026-05-21 11:19:28.625,E7,8,0D,0A,0D,0,0,0,0,57,0,0,0,1,3,0
10296,2026-05-21 11:19:28.833,0,0,0,E5,8,0D,0A,0D,0,0,0,0,59,0,0,0
10297,2026-05-21 11:19:29.043,1,3,0,0,0,0,E3,8,0D,0A,0D,0,0,0,0,57
10298,2026-05-21 11:19:29.251,0,0,0,1,3,0,0,0,0,E5,8,0D,0A,0D,0,0
10299,2026-05-21 11:19:29.263,0,0,57,0,0,0,1,3,0,0,0,0,E5,8,0D,0A
10300,2026-05-21 11:19:29.468,0D,0,0,0,0,57,0,0,0,1,3,0,0,0,0,E5
10301,2026-05-21 11:19:29.664,8,0D,0A,0D,0,0,0,0,58,0,0,0,1,3,0,0
10302,2026-05-21 11:19:29.873,0,0,E3,8,0D,0A,0D,0,0,0,0,56,0,0,0,1
10303,2026-05-21 11:19:30.095,3,0,0,0,0,E5,8,0D,0A,0D,0,0,0,0,57,0
10304,2026-05-21 11:19:30.304,0,0,1,3,0,0,0,0,E5,8,0D,0A,0D,0,0,0
10305,2026-05-21 11:19:30.511,0,59,0,0,0,1,3,0,0,0,0,E3,8,0D,0A,0D
10306,2026-05-21 11:19:30.530,0,0,0,0,59,0,0,0,1,3,0,0,0,0,E5,8
10307,2026-05-21 11:19:30.729,0D,0A,0D,0,0,0,0,59,0,0,0,1,3,0,0,0
10308,2026-05-21 11:19:30.937,0,E5,8,0D,0A,0D,0,0,0,0,5A,0,0,0,1,3
10309,2026-05-21 11:19:31.147,0,0,0,0,E5,8,0D,0A,0D,0,0,0,0,59,0,0
10310,2026-05-21 11:19:31.355,0,1,3,0,0,0,0,E5,8,0D,0A,0D,0,0,0,0
10311,2026-05-21 11:19:31.564,57,0,0,0,1,3,0,0,0,0,E5,8,0D,0A,0D,0
10312,2026-05-21 11:19:31.576,0,0,0,57,0,0,0,1,3,0,0,0,0,E5,8,0D
10313,2026-05-21 11:19:31.781,0A,0D,0,0,0,0,56,0,0,0,1,3,0,0,0,0
10314,2026-05-21 11:19:31.990,E3,8,0D,0A,0D,0,0,0,0,58,0,0,0,1,3,0
10315,2026-05-21 11:19:32.199,0,0,0,E3,8,0D,0A,0D,0,0,0,0,5A,0,0,0
10316,2026-05-21 11:19:32.407,1,3,0,0,0,0,E3,8,0D,0A,0D,0,0,0,0,5B
10317,2026-05-21 11:19:32.616,0,0,0,1,3,0,0,0,0,E5,8,0D,0A,0D,0,0
10318,2026-05-21 11:19:32.635,0,0,5A,0,0,0,1,3,0,0,0,0,E5,8,0D,0A
10319,2026-05-21 11:19:32.833,0D,0,0,0,0,58,0,0,0,1,3,0,0,0,0,E5
10320,2026-05-21 11:19:33.042,8,0D,0A,0D,0,0,0,0,56,0,0,0,1,3,0,0
10321,2026-05-21 11:19:33.250,0,0,E3,8,0D,0A,0D,0,0,0,0,56,0,0,0,1
10322,2026-05-21 11:19:33.463,3,0,0,0,0,E5,8,0D,0A,0D,0,0,0,0,56,0
10323,2026-05-21 11:19:33.660,0,0,1,3,0,0,0,0,E5,8,0D,0A,0D,0,0,0
10324,2026-05-21 11:19:33.869,0,56,0,0,0,1,3,0,0,0,0,E3,8,0D,0A,0D
10325,2026-05-21 11:19:33.892,0,0,0,0,56,0,0,0,1,3,0,0,0,0,E3,8
10326,2026-05-21 11:19:34.094,0D,0A,0D,0,0,0,0,59,0,0,0,1,3,0,0,0
10327,2026-05-21 11:19:34.303,0,E5,8,0D,0A,0D,0,0,0,0,58,0,0,0,1,3
10328,2026-05-21 11:19:34.511,0,0,0,0,E5,8,0D,0A,0D,0,0,0,0,56,0,0
10329,2026-05-21 11:19:34.720,0,1,3,0,0,0,0,E5,8,0D,0A,0D,0,0,0,0
10330,2026-05-21 11:19:34.929,56,0,0,0,1,3,0,0,0,0,E5,8,0D,0A,0D,0
10331,2026-05-21 11:19:34.940,0,0,0,5A,0,0,0,1,3,0,0,0,0,E5,8,0D
10332,2026-05-21 11:19:35.146,0A,0D,0,0,0,0,59,0,0,0,1,3,0,0,0,0
10333,2026-05-21 11:19:35.354,E3,8,0D,0A,0D,0,0,0,0,59,0,0,0,1,3,0
10334,2026-05-21 11:19:35.563,0,0,0,E5,8,0D,0A,0D,0,0,0,0,58,0,0,0
10335,2026-05-21 11:19:35.772,1,3,0,0,0,0,E5,8,0D,0A,0D,0,0,0,0,59
10336,2026-05-21 11:19:35.981,0,0,0,1,3,0,0,0,0,E3,8,0D,0A,0D,0,0
10337,2026-05-21 11:19:35.992,0,0,5A,0,0,0,1,3,0,0,0,0,E7,8,0D,0A
10338,2026-05-21 11:19:36.198,0D,0,0,0,0,5B,0,0,0,1,3,0,0,0,0,E5
10339,2026-05-21 11:19:36.406,8,0D,0A,0D,0,0,0,0,5B,0,0,0,1,3,0,0
10340,2026-05-21 11:19:36.614,0,0,E3,8,0D,0A,0D,0,0,0,0,5A,0,0,0,1
10341,2026-05-21 11:19:36.824,3,0,0,0,0,E5,8,0D,0A,0D,0,0,0,0,5A,0
10342,2026-05-21 11:19:37.032,0,0,1,3,0,0,0,0,E5,8,0D,0A,0D,0,0,0
10343,2026-05-21 11:19:37.242,0,5A,0,0,0,1,3,0,0,0,0,E3,8,0D,0A,0D
10344,2026-05-21 11:19:37.255,0,0,0,0,5A,0,0,0,1,3,0,0,0,0,E5,8
10345,2026-05-21 11:19:37.458,0D,0A,0D,0,0,0,0,5B,0,0,0,1,3,0,0,0
10346,2026-05-21 11:19:37.667,0,E5,8,0D,0A,0D,0,0,0,0,5B,0,0,0,1,3
10347,2026-05-21 11:19:37.876,0,0,0,0,E5,8,0D,0A,0D,0,0,0,0,5B,0,0
10348,2026-05-21 11:19:38.082,0,1,3,0,0,0,0,E5,8,0D,0A,0D,0,0,0,0
10349,2026-05-21 11:19:38.293,5B,0,0,0,1,3,0,0,0,0,E3,8,0D,0A,0D,0
10350,2026-05-21 11:19:38.305,0,0,0,5B,0,0,0,1,3,0,0,0,0,E5,8,0D
10351,2026-05-21 11:19:38.511,0A,0D,0,0,0,0,5B,0,0,0,1,3,0,0,0,0
10352,2026-05-21 11:19:38.719,E5,8,0D,0A,0D,0,0,0,0,5B,0,0,0,1,3,0
10353,2026-05-21 11:19:38.928,0,0,0,E5,8,0D,0A,0D,0,0,0,0,5C,0,0,0
10354,2026-05-21 11:19:39.136,1,3,0,0,0,0,E5,8,0D,0A,0D,0,0,0,0,5B
10355,2026-05-21 11:19:39.346,0,0,0,1,3,0,0,0,0,E5,8,0D,0A,0D,0,0
10356,2026-05-21 11:19:39.357,0,0,5B,0,0,0,1,3,0,0,0,0,E3,8,0D,0A
10357,2026-05-21 11:19:39.563,0D,0,0,0,0,5B,0,0,0,1,3,0,0,0,0,E5
10358,2026-05-21 11:19:39.771,8,0D,0A,0D,0,0,0,0,5C,0,0,0,1,3,0,0
10359,2026-05-21 11:19:39.980,0,0,E5,8,0D,0A,0D,0,0,0,0,5B,0,0,0,1
10360,2026-05-21 11:19:40.189,3,0,0,0,0,E5,8,0D,0A,0D,0,0,0,0,5C,0
10361,2026-05-21 11:19:40.398,0,0,1,3,0,0,0,0,E5,8,0D,0A,0D,0,0,0
10362,2026-05-21 11:19:40.606,0,5B,0,0,0,1,3,0,0,0,0,E5,8,0D,0A,0D
10363,2026-05-21 11:19:40.616,0,0,0,0,5C,0,0,0,1,3,0,0,0,0,E5,8
10364,2026-05-21 11:19:40.824,0D,0A,0D,0,0,0,0,5C,0,0,0,1,3,0,0,0
10365,2026-05-21 11:19:41.032,0,E3,8,0D,0A,0D,0,0,0,0,5C,0,0,0,1,3
10366,2026-05-21 11:19:41.241,0,0,0,0,E5,8,0D,0A,0D,0,0,0,0,5C,0,0
10367,2026-05-21 11:19:41.450,0,1,3,0,0,0,0,E3,8,0D,0A,0D,0,0,0,0
10368,2026-05-21 11:19:41.658,5C,0,0,0,1,3,0,0,0,0,E5,8,0D,0A,0D,0
10369,2026-05-21 11:19:41.666,0,0,0,5B,0,0,0,1,3,0,0,0,0,E5,8,0D
10370,2026-05-21 11:19:41.862,0A,0D,0,0,0,0,5B,0,0,0,1,3,0,0,0,0
10371,2026-05-21 11:19:42.080,E5,8,0D,0A,0D,0,0,0,0,5B,0,0,0,1,3,0
10372,2026-05-21 11:19:42.292,0,0,0,E5,8,0D,0A,0D,0,0,0,0,5C,0,0,0
10373,2026-05-21 11:19:42.502,1,3,0,0,0,0,E5,8,0D,0A,0D,0,0,0,0,5C
10374,2026-05-21 11:19:42.711,0,0,0,1,3,0,0,0,0,E5,8,0D,0A,0D,0,0
10375,2026-05-21 11:19:42.720,0,0,5B,0,0,0,1,3,0,0,0,0,E3,8,0D,0A
10376,2026-05-21 11:19:42.930,0D,0,0,0,0,5B,0,0,0,1,3,0,0,0,0,E5
10377,2026-05-21 11:19:43.136,8,0D,0A,0D,0,0,0,0,5B,0,0,0,1,3,0,0
10378,2026-05-21 11:19:43.345,0,0,E3,8,0D,0A,0D,0,0,0,0,5B,0,0,0,1
10379,2026-05-21 11:19:43.554,3,0,0,0,0,E5,8,0D,0A,0D,0,0,0,0,5B,0
10380,2026-05-21 11:19:43.762,0,0,1,3,0,0,0,0,E5,8,0D,0A,0D,0,0,0
10381,2026-05-21 11:19:43.972,0,5B,0,0,0,1,3,0,0,0,0,E5,8,0D,0A,0D
10382,2026-05-21 11:19:43.984,0,0,0,0,5B,0,0,0,1,3,0,0,0,0,E3,8
10383,2026-05-21 11:19:44.189,0D,0A,0D,0,0,0,0,5B,0,0,0,1,3,0,0,0
10384,2026-05-21 11:19:44.398,0,E5,8,0D,0A,0D,0,0,0,0,5B,0,0,0,1,3
10385,2026-05-21 11:19:44.606,0,0,0,0,E7,8,0D,0A,0D,0,0,0,0,5B,0,0
10386,2026-05-21 11:19:44.815,0,1,3,0,0,0,0,E5,8,0D,0A,0D,0,0,0,0
10387,2026-05-21 11:19:45.023,5B,0,0,0,1,3,0,0,0,0,E5,8,0D,0A,0D,0
10388,2026-05-21 11:19:45.034,0,0,0,5C,0,0,0,1,3,0,0,0,0,E5,8,0D
10389,2026-05-21 11:19:45.241,0A,0D,0,0,0,0,5B,0,0,0,1,3,0,0,0,0
10390,2026-05-21 11:19:45.449,E3,8,0D,0A,0D,0,0,0,0,5B,0,0,0,1,3,0
10391,2026-05-21 11:19:45.658,0,0,0,E5,8,0D,0A,0D,0,0,0,0,5B,0,0,0
10392,2026-05-21 11:19:45.865,1,3,0,0,0,0,E5,8,0D,0A,0D,0,0,0,0,5B
10393,2026-05-21 11:19:46.066,0,0,0,1,3,0,0,0,0,E5,8,0D,0A,0D,0,0
10394,2026-05-21 11:19:46.088,0,0,5B,0,0,0,1,3,0,0,0,0,E3,8,0D,0A
10395,2026-05-21 11:19:46.293,0D,0,0,0,0,5C,0,0,0,1,3,0,0,0,0,E5
10396,2026-05-21 11:19:46.501,8,0D,0A,0D,0,0,0,0,5B,0,0,0,1,3,0,0
10397,2026-05-21 11:19:46.710,0,0,E5,8,0D,0A,0D,0,0,0,0,5B,0,0,0,1
10398,2026-05-21 11:19:46.920,3,0,0,0,0,E5,8,0D,0A,0D,0,0,0,0,5B,0
10399,2026-05-21 11:19:47.128,0,0,1,3,0,0,0,0,E5,8,0D,0A,0D,0,0,0
10400,2026-05-21 11:19:47.336,0,5B,0,0,0,1,3,0,0,0,0,E5,8,0D,0A,0D
10401,2026-05-21 11:19:47.348,0,0,0,0,5B,0,0,0,1,3,0,0,0,0,E5,8
10402,2026-05-21 11:19:47.554,0D,0A,0D,0,0,0,0,5A,0,0,0,1,3,0,0,0
10403,2026-05-21 11:19:47.763,0,E3,8,0D,0A,0D,0,0,0,0,5A,0,0,0,1,3
10404,2026-05-21 11:19:47.971,0,0,0,0,E5,8,0D,0A,0D,0,0,0,0,5A,0,0
10405,2026-05-21 11:19:48.180,0,1,3,0,0,0,0,E5,8,0D,0A,0D,0,0,0,0
10406,2026-05-21 11:19:48.389,57,0,0,0,1,3,0,0,0,0,E5,8,0D,0A,0D,0
10407,2026-05-21 11:19:48.400,0,0,0,56,0,0,0,1,3,0,0,0,0,E5,8,0D
10408,2026-05-21 11:19:48.606,0A,0D,0,0,0,0,57,0,0,0,1,3,0,0,0,0
10409,2026-05-21 11:19:48.814,E5,8,0D,0A,0D,0,0,0,0,56,0,0,0,1,3,0
10410,2026-05-21 11:19:49.024,0,0,0,E3,8,0D,0A,0D,0,0,0,0,57,0,0,0
10411,2026-05-21 11:19:49.232,1,3,0,0,0,0,E5,8,0D,0A,0D,0,0,0,0,57
10412,2026-05-21 11:19:49.441,0,0,0,1,3,0,0,0,0,E5,8,0D,0A,0D,0,0
10413,2026-05-21 11:19:49.452,0,0,56,0,0,0,1,3,0,0,0,0,E5,8,0D,0A
10414,2026-05-21 11:19:49.658,0D,0,0,0,0,57,0,0,0,1,3,0,0,0,0,E3
10415,2026-05-21 11:19:49.854,8,0D,0A,0D,0,0,0,0,59,0,0,0,1,3,0,0
10416,2026-05-21 11:19:50.071,0,0,E5,8,0D,0A,0D,0,0,0,0,59,0,0,0,1
10417,2026-05-21 11:19:50.284,3,0,0,0,0,E5,8,0D,0A,0D,0,0,0,0,5A,0
10418,2026-05-21 11:19:50.492,0,0,1,3,0,0,0,0,E5,8,0D,0A,0D,0,0,0
10419,2026-05-21 11:19:50.702,0,5A,0,0,0,1,3,0,0,0,0,E5,8,0D,0A,0D
10420,2026-05-21 11:19:50.748,0,0,0,0,5A,0,0,0,1,3,0,0,0,0,E5,8
10421,2026-05-21 11:19:50.919,0D,0A,0D,0,0,0,0,59,0,0,0,1,3,0,0,0
10422,2026-05-21 11:19:51.127,0,E5,8,0D,0A,0D,0,0,0,0,5A,0,0,0,1,3
10423,2026-05-21 11:19:51.336,0,0,0,0,E5,8,0D,0A,0D,0,0,0,0,5A,0,0
10424,2026-05-21 11:19:51.545,0,1,3,0,0,0,0,E5,8,0D,0A,0D,0,0,0,0
10425,2026-05-21 11:19:51.754,5A,0,0,0,1,3,0,0,0,0,E5,8,0D,0A,0D,0
10426,2026-05-21 11:19:51.763,0,0,0,5A,0,0,0,1,3,0,0,0,0,E3,8,0D
10427,2026-05-21 11:19:51.970,0A,0D,0,0,0,0,5A,0,0,0,1,3,0,0,0,0
10428,2026-05-21 11:19:52.179,E3,8,0D,0A,0D,0,0,0,0,5A,0,0,0,1,3,0
10429,2026-05-21 11:19:52.389,0,0,0,E5,8,0D,0A,0D,0,0,0,0,5A,0,0,0
10430,2026-05-21 11:19:52.597,1,3,0,0,0,0,E5,8,0D,0A,0D,0,0,0,0,5A
10431,2026-05-21 11:19:52.806,0,0,0,1,3,0,0,0,0,E3,8,0D,0A,0D,0,0
10432,2026-05-21 11:19:52.815,0,0,5A,0,0,0,1,3,0,0,0,0,E5,8,0D,0A
10433,2026-05-21 11:19:53.023,0D,0,0,0,0,5A,0,0,0,1,3,0,0,0,0,E5
10434,2026-05-21 11:19:53.232,8,0D,0A,0D,0,0,0,0,5A,0,0,0,1,3,0,0
10435,2026-05-21 11:19:53.440,0,0,E5,8,0D,0A,0D,0,0,0,0,59,0,0,0,1
10436,2026-05-21 11:19:53.649,3,0,0,0,0,E3,8,0D,0A,0D,0,0,0,0,59,0
10437,2026-05-21 11:19:53.846,0,0,1,3,0,0,0,0,E3,8,0D,0A,0D,0,0,0
10438,2026-05-21 11:19:54.067,0,5A,0,0,0,1,3,0,0,0,0,E5,8,0D,0A,0D
10439,2026-05-21 11:19:54.079,0,0,0,0,5A,0,0,0,1,3,0,0,0,0,E3,8
10440,2026-05-21 11:19:54.284,0D,0A,0D,0,0,0,0,59,0,0,0,1,3,0,0,0
10441,2026-05-21 11:19:54.493,0,E5,8,0D,0A,0D,0,0,0,0,59,0,0,0,1,3
10442,2026-05-21 11:19:54.701,0,0,0,0,E5,8,0D,0A,0D,0,0,0,0,59,0,0
10443,2026-05-21 11:19:54.913,0,1,3,0,0,0,0,E3,8,0D,0A,0D,0,0,0,0
10444,2026-05-21 11:19:55.119,59,0,0,0,1,3,0,0,0,0,E3,8,0D,0A,0D,0
10445,2026-05-21 11:19:55.133,0,0,0,5A,0,0,0,1,3,0,0,0,0,E5,8,0D
10446,2026-05-21 11:19:55.336,0A,0D,0,0,0,0,5A,0,0,0,1,3,0,0,0,0
10447,2026-05-21 11:19:55.545,E5,8,0D,0A,0D,0,0,0,0,5A,0,0,0,1,3,0
10448,2026-05-21 11:19:55.759,0,0,0,E5,8,0D,0A,0D,0,0,0,0,59,0,0,0
10449,2026-05-21 11:19:55.962,1,3,0,0,0,0,E3,8,0D,0A,0D,0,0,0,0,5A
10450,2026-05-21 11:19:56.170,0,0,0,1,3,0,0,0,0,E5,8,0D,0A,0D,0,0
10451,2026-05-21 11:19:56.181,0,0,5A,0,0,0,1,3,0,0,0,0,E5,8,0D,0A
10452,2026-05-21 11:19:56.388,0D,0,0,0,0,5A,0,0,0,1,3,0,0,0,0,E5
10453,2026-05-21 11:19:56.597,8,0D,0A,0D,0,0,0,0,5A,0,0,0,1,3,0,0
10454,2026-05-21 11:19:56.806,0,0,E3,8,0D,0A,0D,0,0,0,0,5A,0,0,0,1
10455,2026-05-21 11:19:57.015,3,0,0,0,0,E5,8,0D,0A,0D,0,0,0,0,5A,0
10456,2026-05-21 11:19:57.224,0,0,1,3,0,0,0,0,E3,8,0D,0A,0D,0,0,0
10457,2026-05-21 11:19:57.432,0,5A,0,0,0,1,3,0,0,0,0,E5,8,0D,0A,0D
10458,2026-05-21 11:19:57.445,0,0,0,0,59,0,0,0,1,3,0,0,0,0,E5,8
10459,2026-05-21 11:19:57.650,0D,0A,0D,0,0,0,0,5A,0,0,0,1,3,0,0,0
10460,2026-05-21 11:19:57.848,0,E5,8,0D,0A,0D,0,0,0,0,5A,0,0,0,1,3
10461,2026-05-21 11:19:58.052,0,0,0,0,E5,8,0D,0A,0D,0,0,0,0,5A,0,0
10462,2026-05-21 11:19:58.275,0,1,3,0,0,0,0,E3,8,0D,0A,0D,0,0,0,0
10463,2026-05-21 11:19:58.484,59,0,0,0,1,3,0,0,0,0,E5,8,0D,0A,0D,0
10464,2026-05-21 11:19:58.495,0,0,0,59,0,0,0,1,3,0,0,0,0,E3,8,0D
10465,2026-05-21 11:19:58.701,0A,0D,0,0,0,0,59,0,0,0,1,3,0,0,0,0
10466,2026-05-21 11:19:58.909,E5,8,0D,0A,0D,0,0,0,0,59,0,0,0,1,3,0
10467,2026-05-21 11:19:59.119,0,0,0,E3,8,0D,0A,0D,0,0,0,0,59,0,0,0
10468,2026-05-21 11:19:59.328,1,3,0,0,0,0,E5,8,0D,0A,0D,0,0,0,0,59
10469,2026-05-21 11:19:59.536,0,0,0,1,3,0,0,0,0,E5,8,0D,0A,0D,0,0
10470,2026-05-21 11:19:59.549,0,0,59,0,0,0,1,3,0,0,0,0,E5,8,0D,0A
10471,2026-05-21 11:19:59.753,0D,0,0,0,0,59,0,0,0,1,3,0,0,0,0,E5
10472,2026-05-21 11:19:59.961,8,0D,0A,0D,0,0,0,0,59,0,0,0,1,3,0,0
10473,2026-05-21 11:20:00.171,0,0,E5,8,0D,0A,0D,0,0,0,0,59,0,0,0,1
10474,2026-05-21 11:20:00.379,3,0,0,0,0,E3,8,0D,0A,0D,0,0,0,0,58,0
10475,2026-05-21 11:20:00.589,0,0,1,3,0,0,0,0,E5,8,0D,0A,0D,0,0,0
10476,2026-05-21 11:20:00.796,0,57,0,0,0,1,3,0,0,0,0,E5,8,0D,0A,0D
10477,2026-05-21 11:20:00.807,0,0,0,0,56,0,0,0,1,3,0,0,0,0,E5,8
10478,2026-05-21 11:20:01.014,0D,0A,0D,0,0,0,0,59,0,0,0,1,3,0,0,0
10479,2026-05-21 11:20:01.223,0,E5,8,0D,0A,0D,0,0,0,0,58,0,0,0,1,3
10480,2026-05-21 11:20:01.431,0,0,0,0,E5,8,0D,0A,0D,0,0,0,0,58,0,0
10481,2026-05-21 11:20:01.641,0,1,3,0,0,0,0,E5,8,0D,0A,0D,0,0,0,0
10482,2026-05-21 11:20:01.848,58,0,0,0,1,3,0,0,0,0,E5,8,0D,0A,0D,0
10483,2026-05-21 11:20:01.859,0,0,0,59,0,0,0,1,3,0,0,0,0,E3,8,0D
10484,2026-05-21 11:20:02.066,0A,0D,0,0,0,0,59,0,0,0,1,3,0,0,0,0
10485,2026-05-21 11:20:02.274,E3,8,0D,0A,0D,0,0,0,0,58,0,0,0,1,3,0
10486,2026-05-21 11:20:02.483,0,0,0,E3,8,0D,0A,0D,0,0,0,0,59,0,0,0
10487,2026-05-21 11:20:02.692,1,3,0,0,0,0,E5,8,0D,0A,0D,0,0,0,0,59
10488,2026-05-21 11:20:02.900,0,0,0,1,3,0,0,0,0,E5,8,0D,0A,0D,0,0
10489,2026-05-21 11:20:02.912,0,0,59,0,0,0,1,3,0,0,0,0,E5,8,0D,0A
10490,2026-05-21 11:20:03.118,0D,0,0,0,0,59,0,0,0,1,3,0,0,0,0,E5
10491,2026-05-21 11:20:03.329,8,0D,0A,0D,0,0,0,0,59,0,0,0,1,3,0,0
10492,2026-05-21 11:20:03.534,0,0,E5,8,0D,0A,0D,0,0,0,0,59,0,0,0,1
10493,2026-05-21 11:20:03.743,3,0,0,0,0,E3,8,0D,0A,0D,0,0,0,0,59,0
10494,2026-05-21 11:20:03.953,0,0,1,3,0,0,0,0,E5,8,0D,0A,0D,0,0,0
10495,2026-05-21 11:20:04.161,0,59,0,0,0,1,3,0,0,0,0,E5,8,0D,0A,0D
10496,2026-05-21 11:20:04.171,0,0,0,0,59,0,0,0,1,3,0,0,0,0,E3,8
10497,2026-05-21 11:20:04.378,0D,0A,0D,0,0,0,0,58,0,0,0,1,3,0,0,0
10498,2026-05-21 11:20:04.587,0,E5,8,0D,0A,0D,0,0,0,0,59,0,0,0,1,3
10499,2026-05-21 11:20:04.797,0,0,0,0,E5,8,0D,0A,0D,0,0,0,0,59,0,0
10500,2026-05-21 11:20:05.004,0,1,3,0,0,0,0,E5,8,0D,0A,0D,0,0,0,0
10501,2026-05-21 11:20:05.213,5A,0,0,0,1,3,0,0,0,0,E5,8,0D,0A,0D,0
10502,2026-05-21 11:20:05.223,0,0,0,5A,0,0,0,1,3,0,0,0,0,E5,8,0D
10503,2026-05-21 11:20:05.430,0A,0D,0,0,0,0,5A,0,0,0,1,3,0,0,0,0
10504,2026-05-21 11:20:05.639,E5,8,0D,0A,0D,0,0,0,0,5A,0,0,0,1,3,0
10505,2026-05-21 11:20:05.847,0,0,0,E5,8,0D,0A,0D,0,0,0,0,5A,0,0,0
10506,2026-05-21 11:20:06.056,1,3,0,0,0,0,E3,8,0D,0A,0D,0,0,0,0,59
10507,2026-05-21 11:20:06.265,0,0,0,1,3,0,0,0,0,E5,8,0D,0A,0D,0,0
10508,2026-05-21 11:20:06.275,0,0,59,0,0,0,1,3,0,0,0,0,E5,8,0D,0A
10509,2026-05-21 11:20:06.482,0D,0,0,0,0,5A,0,0,0,1,3,0,0,0,0,E5
10510,2026-05-21 11:20:06.691,8,0D,0A,0D,0,0,0,0,5A,0,0,0,1,3,0,0
10511,2026-05-21 11:20:06.900,0,0,E5,8,0D,0A,0D,0,0,0,0,5A,0,0,0,1
10512,2026-05-21 11:20:07.109,3,0,0,0,0,E5,8,0D,0A,0D,0,0,0,0,5A,0
10513,2026-05-21 11:20:07.317,0,0,1,3,0,0,0,0,E5,8,0D,0A,0D,0,0,0
10514,2026-05-21 11:20:07.526,0,5A,0,0,0,1,3,0,0,0,0,E5,8,0D,0A,0D
10515,2026-05-21 11:20:07.537,0,0,0,0,59,0,0,0,1,3,0,0,0,0,E5,8
10516,2026-05-21 11:20:07.744,0D,0A,0D,0,0,0,0,59,0,0,0,1,3,0,0,0
10517,2026-05-21 11:20:07.952,0,E5,8,0D,0A,0D,0,0,0,0,5A,0,0,0,1,3
10518,2026-05-21 11:20:08.161,0,0,0,0,E5,8,0D,0A,0D,0,0,0,0,5A,0,0
10519,2026-05-21 11:20:08.369,0,1,3,0,0,0,0,E5,8,0D,0A,0D,0,0,0,0
10520,2026-05-21 11:20:08.579,5A,0,0,0,1,3,0,0,0,0,E5,8,0D,0A,0D,0
10521,2026-05-21 11:20:08.588,0,0,0,59,0,0,0,1,3,0,0,0,0,E3,8,0D
10522,2026-05-21 11:20:08.796,0A,0D,0,0,0,0,59,0,0,0,1,3,0,0,0,0
10523,2026-05-21 11:20:09.004,E3,8,0D,0A,0D,0,0,0,0,5A,0,0,0,1,3,0
10524,2026-05-21 11:20:09.213,0,0,0,E3,8,0D,0A,0D,0,0,0,0,59,0,0,0
10525,2026-05-21 11:20:09.421,1,3,0,0,0,0,E3,8,0D,0A,0D,0,0,0,0,5A
10526,2026-05-21 11:20:09.630,0,0,0,1,3,0,0,0,0,E5,8,0D,0A,0D,0,0
10527,2026-05-21 11:20:09.641,0,0,59,0,0,0,1,3,0,0,0,0,E5,8,0D,0A
10528,2026-05-21 11:20:09.839,0D,0,0,0,0,59,0,0,0,1,3,0,0,0,0,E5
10529,2026-05-21 11:20:10.044,8,0D,0A,0D,0,0,0,0,59,0,0,0,1,3,0,0
10530,2026-05-21 11:20:10.276,0,0,E5,8,0D,0A,0D,0,0,0,0,59,0,0,0,1
10531,2026-05-21 11:20:10.474,3,0,0,0,0,E5,8,0D,0A,0D,0,0,0,0,59,0
10532,2026-05-21 11:20:10.682,0,0,1,3,0,0,0,0,E3,8,0D,0A,0D,0,0,0
10533,2026-05-21 11:20:10.891,0,59,0,0,0,1,3,0,0,0,0,E5,8,0D,0A,0D
10534,2026-05-21 11:20:10.903,0,0,0,0,59,0,0,0,1,3,0,0,0,0,E5,8
10535,2026-05-21 11:20:11.109,0D,0A,0D,0,0,0,0,59,0,0,0,1,3,0,0,0
10536,2026-05-21 11:20:24.442,0,E5,8,0D,0A,0D,0,0,0,0,59,0,0,0,1,3
10537,2026-05-21 11:20:24.455,0,0,0,0,E5,8,0D,0A,0D,0,0,0,0,5A,0,0
10538,2026-05-21 11:20:24.463,0,1,3,0,0,0,0,E3,8,0D,0A,0D,0,0,0,0
10539,2026-05-21 11:20:24.472,59,0,0,0,1,3,0,0,0,0,E5,8,0D,0A,0D,0
10540,2026-05-21 11:20:24.481,0,0,0,5A,0,0,0,1,3,0,0,0,0,E5,8,0D
10541,2026-05-21 11:20:24.534,0A,0D,0,0,0,0,5A,0,0,0,1,3,0,0,0,0
10542,2026-05-21 11:20:24.555,E3,8,0D,0A,0D,0,0,0,0,59,0,0,0,1,3,0
10543,2026-05-21 11:20:24.581,0,0,0,E3,8,0D,0A,0D,0,0,0,0,59,0,0,0
10544,2026-05-21 11:20:24.614,1,3,0,0,0,0,E5,8,0D,0A,0D,0,0,0,0,5A
10545,2026-05-21 11:20:24.641,0,0,0,1,3,0,0,0,0,E3,8,0D,0A,0D,0,0
10546,2026-05-21 11:20:24.796,0,0,59,0,0,0,1,3,0,0,0,0,E5,8,0D,0A
10547,2026-05-21 11:20:24.825,0D,0,0,0,0,5A,0,0,0,1,3,0,0,0,0,E5
10548,2026-05-21 11:20:24.917,8,0D,0A,0D,0,0,0,0,59,0,0,0,1,3,0,0
10549,2026-05-21 11:20:25.033,0,0,E5,8,0D,0A,0D,0,0,0,0,5A,0,0,0,1
10550,2026-05-21 11:20:25.068,3,0,0,0,0,E3,8,0D,0A,0D,0,0,0,0,59,0
10551,2026-05-21 11:20:25.101,0,0,1,3,0,0,0,0,E5,8,0D,0A,0D,0,0,0
10552,2026-05-21 11:20:25.144,0,59,0,0,0,1,3,0,0,0,0,E5,8,0D,0A,0D
10553,2026-05-21 11:20:25.206,0,0,0,0,59,0,0,0,1,3,0,0,0,0,E3,8
10554,2026-05-21 11:20:25.273,0D,0A,0D,0,0,0,0,59,0,0,0,1,3,0,0,0
10555,2026-05-21 11:20:25.296,0,E5,8,0D,0A,0D,0,0,0,0,5A,0,0,0,1,3
10556,2026-05-21 11:20:25.314,0,0,0,0,E5,8,0D,0A,0D,0,0,0,0,59,0,0
10557,2026-05-21 11:20:25.335,0,1,3,0,0,0,0,E5,8,0D,0A,0D,0,0,0,0
10558,2026-05-21 11:20:25.355,59,0,0,0,1,3,0,0,0,0,E5,8,0D,0A,0D,0
10559,2026-05-21 11:20:25.366,0,0,0,59,0,0,0,1,3,0,0,0,0,E3,8,0D
10560,2026-05-21 11:20:25.392,0A,0D,0,0,0,0,59,0,0,0,1,3,0,0,0,0
10561,2026-05-21 11:20:25.411,E5,8,0D,0A,0D,0,0,0,0,5A,0,0,0,1,3,0
10562,2026-05-21 11:20:25.428,0,0,0,E5,8,0D,0A,0D,0,0,0,0,59,0,0,0
10563,2026-05-21 11:20:25.446,1,3,0,0,0,0,E5,8,0D,0A,0D,0,0,0,0,59
10564,2026-05-21 11:20:25.465,0,0,0,1,3,0,0,0,0,E3,8,0D,0A,0D,0,0
10565,2026-05-21 11:20:25.478,0,0,59,0,0,0,1,3,0,0,0,0,E5,8,0D,0A
10566,2026-05-21 11:20:25.493,0D,0,0,0,0,59,0,0,0,1,3,0,0,0,0,E3
10567,2026-05-21 11:20:25.511,8,0D,0A,0D,0,0,0,0,58,0,0,0,1,3,0,0
10568,2026-05-21 11:20:25.532,0,0,E3,8,0D,0A,0D,0,0,0,0,59,0,0,0,1
10569,2026-05-21 11:20:25.547,3,0,0,0,0,E5,8,0D,0A,0D,0,0,0,0,59,0
10570,2026-05-21 11:20:25.573,0,0,1,3,0,0,0,0,E5,8,0D,0A,0D,0,0,0
10571,2026-05-21 11:20:25.616,0,59,0,0,0,1,3,0,0,0,0,E3,8,0D,0A,0D
10572,2026-05-21 11:20:25.693,0,0,0,0,59,0,0,0,1,3,0,0,0,0,E3,8
10573,2026-05-21 11:20:25.717,0D,0A,0D,0,0,0,0,59,0,0,0,1,3,0,0,0
10574,2026-05-21 11:20:25.759,0,E5,8,0D,0A,0D,0,0,0,0,5A,0,0,0,1,3
10575,2026-05-21 11:20:25.775,0,0,0,0,E5,8,0D,0A,0D,0,0,0,0,59,0,0
10576,2026-05-21 11:20:25.785,0,1,3,0,0,0,0,E3,8,0D,0A,0D,0,0,0,0
10577,2026-05-21 11:20:25.796,59,0,0,0,1,3,0,0,0,0,E7,8,0D,0A,0D,0
10578,2026-05-21 11:20:25.808,0,0,0,59,0,0,0,1,3,0,0,0,0,E3,8,0D
10579,2026-05-21 11:20:25.823,0A,0D,0,0,0,0,5A,0,0,0,1,3,0,0,0,0
10580,2026-05-21 11:20:25.841,E5,8,0D,0A,0D,0,0,0,0,5A,0,0,0,1,3,0
10581,2026-05-21 11:20:25.850,0,0,0,E5,8,0D,0A,0D,0,0,0,0,5A,0,0,0
10582,2026-05-21 11:20:25.864,1,3,0,0,0,0,E5,8,0D,0A,0D,0,0,0,0,5A
10583,2026-05-21 11:20:25.875,0,0,0,1,3,0,0,0,0,E5,8,0D,0A,0D,0,0
10584,2026-05-21 11:20:25.886,0,0,5A,0,0,0,1,3,0,0,0,0,E3,8,0D,0A
10585,2026-05-21 11:20:25.907,0D,0,0,0,0,5B,0,0,0,1,3,0,0,0,0,E3
10586,2026-05-21 11:20:25.924,8,0D,0A,0D,0,0,0,0,5A,0,0,0,1,3,0,0
10587,2026-05-21 11:20:25.935,0,0,E5,8,0D,0A,0D,0,0,0,0,5A,0,0,0,1
10588,2026-05-21 11:20:25.946,3,0,0,0,0,E5,8,0D,0A,0D,0,0,0,0,59,0
10589,2026-05-21 11:20:25.960,0,0,1,3,0,0,0,0,E3,8,0D,0A,0D,0,0,0
10590,2026-05-21 11:20:25.973,0,5A,0,0,0,1,3,0,0,0,0,E3,8,0D,0A,0D
10591,2026-05-21 11:20:25.981,0,0,0,0,5A,0,0,0,1,3,0,0,0,0,E3,8
10592,2026-05-21 11:20:25.999,0D,0A,0D,0,0,0,0,5A,0,0,0,1,3,0,0,0
10593,2026-05-21 11:20:26.012,0,E5,8,0D,0A,0D,0,0,0,0,5A,0,0,0,1,3
10594,2026-05-21 11:20:26.023,0,0,0,0,E3,8,0D,0A,0D,0,0,0,0,59,0,0
10595,2026-05-21 11:20:26.032,0,1,3,0,0,0,0,E3,8,0D,0A,0D,0,0,0,0
10596,2026-05-21 11:20:26.045,59,0,0,0,1,3,0,0,0,0,E5,8,0D,0A,0D,0
10597,2026-05-21 11:20:26.061,0,0,0,59,0,0,0,1,3,0,0,0,0,E5,8,0D
10598,2026-05-21 11:20:26.071,0A,0D,0,0,0,0,59,0,0,0,1,3,0,0,0,0
10599,2026-05-21 11:20:26.080,E3,8,0D,0A,0D,0,0,0,0,59,0,0,0,1,3,0
10600,2026-05-21 11:20:26.090,0,0,0,E5,8,0D,0A,0D,0,0,0,0,59,0,0,0
10601,2026-05-21 11:20:26.105,1,3,0,0,0,0,E5,8,0D,0A,0D,0,0,0,0,58
10602,2026-05-21 11:20:26.116,0,0,0,1,3,0,0,0,0,E3,8,0D,0A,0D,0,0
10603,2026-05-21 11:20:26.129,0,0,59,0,0,0,1,3,0,0,0,0,E5,8,0D,0A
10604,2026-05-21 11:20:26.144,0D,0,0,0,0,59,0,0,0,1,3,0,0,0,0,E5
10605,2026-05-21 11:20:26.152,8,0D,0A,0D,0,0,0,0,59,0,0,0,1,3,0,0
10606,2026-05-21 11:20:26.168,0,0,E3,8,0D,0A,0D,0,0,0,0,58,0,0,0,1
10607,2026-05-21 11:20:26.177,3,0,0,0,0,E5,8,0D,0A,0D,0,0,0,0,58,0
10608,2026-05-21 11:20:26.190,0,0,1,3,0,0,0,0,E5,8,0D,0A,0D,0,0,0
10609,2026-05-21 11:20:26.199,0,58,0,0,0,1,3,0,0,0,0,E5,8,0D,0A,0D
10610,2026-05-21 11:20:26.209,0,0,0,0,58,0,0,0,1,3,0,0,0,0,E5,8
10611,2026-05-21 11:20:26.221,0D,0A,0D,0,0,0,0,59,0,0,0,1,3,0,0,0
10612,2026-05-21 11:20:26.230,0,E3,8,0D,0A,0D,0,0,0,0,58,0,0,0,1,3
10613,2026-05-21 11:20:26.243,0,0,0,0,E5,8,0D,0A,0D,0,0,0,0,59,0,0
10614,2026-05-21 11:20:26.254,0,1,3,0,0,0,0,E5,8,0D,0A,0D,0,0,0,0
10615,2026-05-21 11:20:26.263,58,0,0,0,1,3,0,0,0,0,E5,8,0D,0A,0D,0
10616,2026-05-21 11:20:26.317,0,0,0,58,0,0,0,1,3,0,0,0,0,E5,8,0D
10617,2026-05-21 11:20:26.341,0A,0D,0,0,0,0,57,0,0,0,1,3,0,0,0,0
10618,2026-05-21 11:20:26.359,E5,8,0D,0A,0D,0,0,0,0,58,0,0,0,1,3,0
10619,2026-05-21 11:20:26.372,0,0,0,E5,8,0D,0A,0D,0,0,0,0,58,0,0,0
10620,2026-05-21 11:20:26.407,1,3,0,0,0,0,E3,8,0D,0A,0D,0,0,0,0,59
10621,2026-05-21 11:20:26.476,0,0,0,1,3,0,0,0,0,E3,8,0D,0A,0D,0,0
10622,2026-05-21 11:20:26.492,0,0,59,0,0,0,1,3,0,0,0,0,E3,8,0D,0A
10623,2026-05-21 11:20:26.673,0D,0,0,0,0,59,0,0,0,1,3,0,0,0,0,E3
10624,2026-05-21 11:20:26.884,8,0D,0A,0D,0,0,0,0,59,0,0,0,1,3,0,0
10625,2026-05-21 11:20:27.092,0,0,E5,8,0D,0A,0D,0,0,0,0,58,0,0,0,1
10626,2026-05-21 11:20:27.297,3,0,0,0,0,E3,8,0D,0A,0D,0,0,0,0,59,0
10627,2026-05-21 11:20:27.507,0,0,1,3,0,0,0,0,E3,8,0D,0A,0D,0,0,0
10628,2026-05-21 11:20:27.714,0,59,0,0,0,1,3,0,0,0,0,E5,8,0D,0A,0D
10629,2026-05-21 11:20:27.726,0,0,0,0,59,0,0,0,1,3,0,0,0,0,E3,8
10630,2026-05-21 11:20:27.932,0D,0A,0D,0,0,0,0,5A,0,0,0,1,3,0,0,0
10631,2026-05-21 11:20:28.141,0,E3,8,0D,0A,0D,0,0,0,0,59,0,0,0,1,3
10632,2026-05-21 11:20:28.349,0,0,0,0,E3,8,0D,0A,0D,0,0,0,0,5A,0,0
10633,2026-05-21 11:20:28.559,0,1,3,0,0,0,0,E7,8,0D,0A,0D,0,0,0,0
10634,2026-05-21 11:20:28.767,59,0,0,0,1,3,0,0,0,0,E3,8,0D,0A,0D,0
10635,2026-05-21 11:20:28.776,0,0,0,5A,0,0,0,1,3,0,0,0,0,E3,8,0D
10636,2026-05-21 11:20:28.983,0A,0D,0,0,0,0,5A,0,0,0,1,3,0,0,0,0
10637,2026-05-21 11:20:29.193,E5,8,0D,0A,0D,0,0,0,0,5A,0,0,0,1,3,0
10638,2026-05-21 11:20:29.402,0,0,0,E3,8,0D,0A,0D,0,0,0,0,5A,0,0,0
10639,2026-05-21 11:20:29.610,1,3,0,0,0,0,E5,8,0D,0A,0D,0,0,0,0,5A
10640,2026-05-21 11:20:29.819,0,0,0,1,3,0,0,0,0,E3,8,0D,0A,0D,0,0
10641,2026-05-21 11:20:29.842,0,0,5A,0,0,0,1,3,0,0,0,0,E3,8,0D,0A
10642,2026-05-21 11:20:30.041,0D,0,0,0,0,5A,0,0,0,1,3,0,0,0,0,E3
10643,2026-05-21 11:20:30.244,8,0D,0A,0D,0,0,0,0,5A,0,0,0,1,3,0,0
10644,2026-05-21 11:20:30.455,0,0,E5,8,0D,0A,0D,0,0,0,0,5A,0,0,0,1
10645,2026-05-21 11:20:30.662,3,0,0,0,0,E3,8,0D,0A,0D,0,0,0,0,5A,0
10646,2026-05-21 11:20:30.871,0,0,1,3,0,0,0,0,E5,8,0D,0A,0D,0,0,0
10647,2026-05-21 11:20:31.079,0,5A,0,0,0,1,3,0,0,0,0,E5,8,0D,0A,0D
10648,2026-05-21 11:20:31.089,0,0,0,0,5A,0,0,0,1,3,0,0,0,0,E3,8
10649,2026-05-21 11:20:31.297,0D,0A,0D,0,0,0,0,5A,0,0,0,1,3,0,0,0
10650,2026-05-21 11:20:31.506,0,E5,8,0D,0A,0D,0,0,0,0,5A,0,0,0,1,3
10651,2026-05-21 11:20:31.714,0,0,0,0,E7,8,0D,0A,0D,0,0,0,0,5A,0,0
10652,2026-05-21 11:20:31.923,0,1,3,0,0,0,0,E5,8,0D,0A,0D,0,0,0,0
10653,2026-05-21 11:20:32.134,5A,0,0,0,1,3,0,0,0,0,E5,8,0D,0A,0D,0
10654,2026-05-21 11:20:32.148,0,0,0,5A,0,0,0,1,3,0,0,0,0,E5,8,0D
10655,2026-05-21 11:20:32.344,0A,0D,0,0,0,0,5A,0,0,0,1,3,0,0,0,0
10656,2026-05-21 11:20:32.555,E3,8,0D,0A,0D,0,0,0,0,5A,0,0,0,1,3,0
10657,2026-05-21 11:20:32.767,0,0,0,E5,8,0D,0A,0D,0,0,0,0,59,0,0,0
10658,2026-05-21 11:20:32.967,1,3,0,0,0,0,E3,8,0D,0A,0D,0,0,0,0,5A
10659,2026-05-21 11:20:33.180,0,0,0,1,3,0,0,0,0,E5,8,0D,0A,0D,0,0
10660,2026-05-21 11:20:33.201,0,0,59,0,0,0,1,3,0,0,0,0,E5,8,0D,0A
10661,2026-05-21 11:20:33.399,0D,0,0,0,0,59,0,0,0,1,3,0,0,0,0,E3
10662,2026-05-21 11:20:33.610,8,0D,0A,0D,0,0,0,0,5A,0,0,0,1,3,0,0
10663,2026-05-21 11:20:33.817,0,0,E5,8,0D,0A,0D,0,0,0,0,5A,0,0,0,1
10664,2026-05-21 11:20:34.027,3,0,0,0,0,E3,8,0D,0A,0D,0,0,0,0,5A,0
10665,2026-05-21 11:20:34.256,0,0,1,3,0,0,0,0,E7,8,0D,0A,0D,0,0,0
10666,2026-05-21 11:20:34.445,0,5A,0,0,0,1,3,0,0,0,0,E5,8,0D,0A,0D
10667,2026-05-21 11:20:34.480,0,0,0,0,5A,0,0,0,1,3,0,0,0,0,E5,8
10668,2026-05-21 11:20:34.652,0D,0A,0D,0,0,0,0,5A,0,0,0,1,3,0,0,0
10669,2026-05-21 11:20:34.870,0,E5,8,0D,0A,0D,0,0,0,0,5A,0,0,0,1,3
10670,2026-05-21 11:20:35.079,0,0,0,0,E3,8,0D,0A,0D,0,0,0,0,5A,0,0
10671,2026-05-21 11:20:35.279,0,1,3,0,0,0,0,E5,8,0D,0A,0D,0,0,0,0
10672,2026-05-21 11:20:35.497,5B,0,0,0,1,3,0,0,0,0,E5,8,0D,0A,0D,0
10673,2026-05-21 11:20:35.505,0,0,0,5A,0,0,0,1,3,0,0,0,0,E5,8,0D
10674,2026-05-21 11:20:35.702,0A,0D,0,0,0,0,5A,0,0,0,1,3,0,0,0,0
10675,2026-05-21 11:20:35.922,E5,8,0D,0A,0D,0,0,0,0,59,0,0,0,1,3,0
10676,2026-05-21 11:20:36.127,0,0,0,E5,8,0D,0A,0D,0,0,0,0,59,0,0,0
10677,2026-05-21 11:20:36.331,1,3,0,0,0,0,E3,8,0D,0A,0D,0,0,0,0,59
10678,2026-05-21 11:20:36.535,0,0,0,1,3,0,0,0,0,E5,8,0D,0A,0D,0,0
10679,2026-05-21 11:20:36.556,0,0,58,0,0,0,1,3,0,0,0,0,E3,8,0D,0A
10680,2026-05-21 11:20:36.755,0D,0,0,0,0,58,0,0,0,1,3,0,0,0,0,E5
10681,2026-05-21 11:20:36.974,8,0D,0A,0D,0,0,0,0,58,0,0,0,1,3,0,0
10682,2026-05-21 11:20:37.181,0,0,E5,8,0D,0A,0D,0,0,0,0,58,0,0,0,1
10683,2026-05-21 11:20:37.391,3,0,0,0,0,E5,8,0D,0A,0D,0,0,0,0,58,0
10684,2026-05-21 11:20:37.595,0,0,1,3,0,0,0,0,E3,8,0D,0A,0D,0,0,0
10685,2026-05-21 11:20:37.809,0,58,0,0,0,1,3,0,0,0,0,E5,8,0D,0A,0D
10686,2026-05-21 11:20:37.817,0,0,0,0,58,0,0,0,1,3,0,0,0,0,E5,8
10687,2026-05-21 11:20:38.022,0D,0A,0D,0,0,0,0,57,0,0,0,1,3,0,0,0
10688,2026-05-21 11:20:38.231,0,E5,8,0D,0A,0D,0,0,0,0,57,0,0,0,1,3
10689,2026-05-21 11:20:38.443,0,0,0,0,E3,8,0D,0A,0D,0,0,0,0,56,0,0
10690,2026-05-21 11:20:38.652,0,1,3,0,0,0,0,E5,8,0D,0A,0D,0,0,0,0
10691,2026-05-21 11:20:38.852,56,0,0,0,1,3,0,0,0,0,E5,8,0D,0A,0D,0
10692,2026-05-21 11:20:38.873,0,0,0,57,0,0,0,1,3,0,0,0,0,E5,8,0D
10693,2026-05-21 11:20:39.077,0A,0D,0,0,0,0,55,0,0,0,1,3,0,0,0,0
10694,2026-05-21 11:20:39.283,E5,8,0D,0A,0D,0,0,0,0,53,0,0,0,1,3,0
10695,2026-05-21 11:20:39.485,0,0,0,E5,8,0D,0A,0D,0,0,0,0,54,0,0,0
10696,2026-05-21 11:20:39.705,1,3,0,0,0,0,E3,8,0D,0A,0D,0,0,0,0,54
10697,2026-05-21 11:20:39.909,0,0,0,1,3,0,0,0,0,E5,8,0D,0A,0D,0,0
10698,2026-05-21 11:20:39.921,0,0,55,0,0,0,1,3,0,0,0,0,E5,8,0D,0A
10699,2026-05-21 11:20:40.128,0D,0,0,0,0,55,0,0,0,1,3,0,0,0,0,E5
10700,2026-05-21 11:20:40.332,8,0D,0A,0D,0,0,0,0,55,0,0,0,1,3,0,0
10701,2026-05-21 11:20:40.538,0,0,E3,8,0D,0A,0D,0,0,0,0,54,0,0,0,1
10702,2026-05-21 11:20:40.755,3,0,0,0,0,E3,8,0D,0A,0D,0,0,0,0,52,0
10703,2026-05-21 11:20:40.966,0,0,1,3,0,0,0,0,E5,8,0D,0A,0D,0,0,0
10704,2026-05-21 11:20:41.174,0,53,0,0,0,1,3,0,0,0,0,E5,8,0D,0A,0D
10705,2026-05-21 11:20:41.188,0,0,0,0,52,0,0,0,1,3,0,0,0,0,E5,8
10706,2026-05-21 11:20:41.385,0D,0A,0D,0,0,0,0,52,0,0,0,1,3,0,0,0
10707,2026-05-21 11:20:41.601,0,E3,8,0D,0A,0D,0,0,0,0,51,0,0,0,1,3
10708,2026-05-21 11:20:41.797,0,0,0,0,E5,8,0D,0A,0D,0,0,0,0,52,0,0
10709,2026-05-21 11:20:42.017,0,1,3,0,0,0,0,E3,8,0D,0A,0D,0,0,0,0
10710,2026-05-21 11:20:42.213,52,0,0,0,1,3,0,0,0,0,E5,8,0D,0A,0D,0
10711,2026-05-21 11:20:42.239,0,0,0,53,0,0,0,1,3,0,0,0,0,E3,8,0D
10712,2026-05-21 11:20:42.432,0A,0D,0,0,0,0,52,0,0,0,1,3,0,0,0,0
10713,2026-05-21 11:20:42.660,E5,8,0D,0A,0D,0,0,0,0,53,0,0,0,1,3,0
10714,2026-05-21 11:20:42.857,0,0,0,E5,8,0D,0A,0D,0,0,0,0,52,0,0,0
10715,2026-05-21 11:20:43.062,1,3,0,0,0,0,E5,8,0D,0A,0D,0,0,0,0,52
10716,2026-05-21 11:20:43.278,0,0,0,1,3,0,0,0,0,E5,8,0D,0A,0D,0,0
10717,2026-05-21 11:20:43.289,0,0,52,0,0,0,1,3,0,0,0,0,E3,8,0D,0A
10718,2026-05-21 11:20:43.495,0D,0,0,0,0,53,0,0,0,1,3,0,0,0,0,E5
10719,2026-05-21 11:20:43.705,8,0D,0A,0D,0,0,0,0,53,0,0,0,1,3,0,0
10720,2026-05-21 11:20:43.913,0,0,E5,8,0D,0A,0D,0,0,0,0,54,0,0,0,1
10721,2026-05-21 11:20:44.121,3,0,0,0,0,E5,8,0D,0A,0D,0,0,0,0,54,0
10722,2026-05-21 11:20:44.347,0,0,1,3,0,0,0,0,E5,8,0D,0A,0D,0,0,0
10723,2026-05-21 11:20:44.556,0,55,0,0,0,1,3,0,0,0,0,E5,8,0D,0A,0D
10724,2026-05-21 11:20:44.572,0,0,0,0,54,0,0,0,1,3,0,0,0,0,E5,8
10725,2026-05-21 11:20:44.757,0D,0A,0D,0,0,0,0,54,0,0,0,1,3,0,0,0
10726,2026-05-21 11:20:44.971,0,E5,8,0D,0A,0D,0,0,0,0,54,0,0,0,1,3
10727,2026-05-21 11:20:45.171,0,0,0,0,E3,8,0D,0A,0D,0,0,0,0,53,0,0
10728,2026-05-21 11:20:45.400,0,1,3,0,0,0,0,E5,8,0D,0A,0D,0,0,0,0
10729,2026-05-21 11:20:45.591,52,0,0,0,1,3,0,0,0,0,E5,8,0D,0A,0D,0
10730,2026-05-21 11:20:45.606,0,0,0,51,0,0,0,1,3,0,0,0,0,E5,8,0D
10731,2026-05-21 11:20:45.805,0A,0D,0,0,0,0,52,0,0,0,1,3,0,0,0,0
10732,2026-05-21 11:20:46.022,E3,8,0D,0A,0D,0,0,0,0,51,0,0,0,1,3,0
10733,2026-05-21 11:20:46.221,0,0,0,E5,8,0D,0A,0D,0,0,0,0,50,0,0,0
10734,2026-05-21 11:20:46.430,1,3,0,0,0,0,E5,8,0D,0A,0D,0,0,0,0,4F
10735,2026-05-21 11:20:46.643,0,0,0,1,3,0,0,0,0,E5,8,0D,0A,0D,0,0
10736,2026-05-21 11:20:46.658,0,0,4F,0,0,0,1,3,0,0,0,0,E3,8,0D,0A
10737,2026-05-21 11:20:46.862,0D,0,0,0,0,4F,0,0,0,1,3,0,0,0,0,E5
10738,2026-05-21 11:20:47.068,8,0D,0A,0D,0,0,0,0,50,0,0,0,1,3,0,0
10739,2026-05-21 11:20:47.270,0,0,E5,8,0D,0A,0D,0,0,0,0,50,0,0,0,1
10740,2026-05-21 11:20:47.477,3,0,0,0,0,E5,8,0D,0A,0D,0,0,0,0,4F,0
10741,2026-05-21 11:20:47.696,0,0,1,3,0,0,0,0,E5,8,0D,0A,0D,0,0,0
10742,2026-05-21 11:20:47.904,0,4B,0,0,0,1,3,0,0,0,0,E5,8,0D,0A,0D
10743,2026-05-21 11:20:47.914,0,0,0,0,4C,0,0,0,1,3,0,0,0,0,E5,8
10744,2026-05-21 11:20:48.117,0D,0A,0D,0,0,0,0,4C,0,0,0,1,3,0,0,0
10745,2026-05-21 11:20:48.344,0,E5,8,0D,0A,0D,0,0,0,0,50,0,0,0,1,3
10746,2026-05-21 11:20:48.536,0,0,0,0,E3,8,0D,0A,0D,0,0,0,0,4E,0,0
10747,2026-05-21 11:20:48.743,0,1,3,0,0,0,0,E5,8,0D,0A,0D,0,0,0,0
10748,2026-05-21 11:20:48.952,4F,0,0,0,1,3,0,0,0,0,E5,8,0D,0A,0D,0
10749,2026-05-21 11:20:48.952,0,0,0,4E,0,0,0,1,3,0,0,0,0,E3,8,0D
10750,2026-05-21 11:20:49.172,0A,0D,0,0,0,0,4F,0,0,0,1,3,0,0,0,0
10751,2026-05-21 11:20:49.382,E5,8,0D,0A,0D,0,0,0,0,4F,0,0,0,1,3,0
10752,2026-05-21 11:20:49.589,0,0,0,E5,8,0D,0A,0D,0,0,0,0,50,0,0,0
10753,2026-05-21 11:20:49.799,1,3,0,0,0,0,E3,8,0D,0A,0D,0,0,0,0,50
10754,2026-05-21 11:20:49.995,0,0,0,1,3,0,0,0,0,E3,8,0D,0A,0D,0,0
10755,2026-05-21 11:20:50.017,0,0,50,0,0,0,1,3,0,0,0,0,E5,8,0D,0A
10756,2026-05-21 11:20:50.221,0D,0,0,0,0,50,0,0,0,1,3,0,0,0,0,E5
10757,2026-05-21 11:20:50.433,8,0D,0A,0D,0,0,0,0,50,0,0,0,1,3,0,0
10758,2026-05-21 11:20:50.642,0,0,E3,8,0D,0A,0D,0,0,0,0,52,0,0,0,1
10759,2026-05-21 11:20:50.836,3,0,0,0,0,E3,8,0D,0A,0D,0,0,0,0,52,0
10760,2026-05-21 11:20:51.060,0,0,1,3,0,0,0,0,E5,8,0D,0A,0D,0,0,0
10761,2026-05-21 11:20:51.272,0,52,0,0,0,1,3,0,0,0,0,E5,8,0D,0A,0D
10762,2026-05-21 11:20:51.297,0,0,0,0,52,0,0,0,1,3,0,0,0,0,E3,8
10763,2026-05-21 11:20:51.486,0D,0A,0D,0,0,0,0,52,0,0,0,1,3,0,0,0
10764,2026-05-21 11:20:51.706,0,E3,8,0D,0A,0D,0,0,0,0,52,0,0,0,1,3
10765,2026-05-21 11:20:51.904,0,0,0,0,E3,8,0D,0A,0D,0,0,0,0,51,0,0
10766,2026-05-21 11:20:52.103,0,1,3,0,0,0,0,E3,8,0D,0A,0D,0,0,0,0
10767,2026-05-21 11:20:52.320,52,0,0,0,1,3,0,0,0,0,E3,8,0D,0A,0D,0
10768,2026-05-21 11:20:52.320,0,0,0,51,0,0,0,1,3,0,0,0,0,E5,8,0D
10769,2026-05-21 11:20:52.537,0A,0D,0,0,0,0,52,0,0,0,1,3,0,0,0,0
10770,2026-05-21 11:20:52.735,E5,8,0D,0A,0D,0,0,0,0,52,0,0,0,1,3,0
10771,2026-05-21 11:20:52.951,0,0,0,E5,8,0D,0A,0D,0,0,0,0,52,0,0,0
10772,2026-05-21 11:20:53.149,1,3,0,0,0,0,E5,8,0D,0A,0D,0,0,0,0,52
10773,2026-05-21 11:20:53.366,0,0,0,1,3,0,0,0,0,E3,8,0D,0A,0D,0,0
10774,2026-05-21 11:20:53.386,0,0,52,0,0,0,1,3,0,0,0,0,E3,8,0D,0A
10775,2026-05-21 11:20:53.586,0D,0,0,0,0,52,0,0,0,1,3,0,0,0,0,E5
10776,2026-05-21 11:20:53.799,8,0D,0A,0D,0,0,0,0,52,0,0,0,1,3,0,0
10777,2026-05-21 11:20:54.007,0,0,E5,8,0D,0A,0D,0,0,0,0,52,0,0,0,1
10778,2026-05-21 11:20:54.201,3,0,0,0,0,E3,8,0D,0A,0D,0,0,0,0,53,0
10779,2026-05-21 11:20:54.425,0,0,1,3,0,0,0,0,E3,8,0D,0A,0D,0,0,0
10780,2026-05-21 11:20:54.634,0,53,0,0,0,1,3,0,0,0,0,E5,8,0D,0A,0D
10781,2026-05-21 11:20:54.644,0,0,0,0,53,0,0,0,1,3,0,0,0,0,E5,8
10782,2026-05-21 11:20:54.844,0D,0A,0D,0,0,0,0,53,0,0,0,1,3,0,0,0
10783,2026-05-21 11:20:55.059,0,E5,8,0D,0A,0D,0,0,0,0,53,0,0,0,1,3
10784,2026-05-21 11:20:55.266,0,0,0,0,E5,8,0D,0A,0D,0,0,0,0,53,0,0
10785,2026-05-21 11:20:55.477,0,1,3,0,0,0,0,E5,8,0D,0A,0D,0,0,0,0
10786,2026-05-21 11:20:55.683,54,0,0,0,1,3,0,0,0,0,E5,8,0D,0A,0D,0
10787,2026-05-21 11:20:55.695,0,0,0,53,0,0,0,1,3,0,0,0,0,E5,8,0D
10788,2026-05-21 11:20:55.909,0A,0D,0,0,0,0,54,0,0,0,1,3,0,0,0,0
10789,2026-05-21 11:20:56.111,E5,8,0D,0A,0D,0,0,0,0,54,0,0,0,1,3,0
10790,2026-05-21 11:20:56.321,0,0,0,E5,8,0D,0A,0D,0,0,0,0,54,0,0,0
10791,2026-05-21 11:20:56.529,1,3,0,0,0,0,E5,8,0D,0A,0D,0,0,0,0,53
10792,2026-05-21 11:20:56.737,0,0,0,1,3,0,0,0,0,E5,8,0D,0A,0D,0,0
10793,2026-05-21 11:20:56.750,0,0,53,0,0,0,1,3,0,0,0,0,E3,8,0D,0A
10794,2026-05-21 11:20:56.973,0D,0,0,0,0,53,0,0,0,1,3,0,0,0,0,E5
10795,2026-05-21 11:20:57.161,8,0D,0A,0D,0,0,0,0,52,0,0,0,1,3,0,0
10796,2026-05-21 11:20:57.376,0,0,E5,8,0D,0A,0D,0,0,0,0,52,0,0,0,1
10797,2026-05-21 11:20:57.593,3,0,0,0,0,E5,8,0D,0A,0D,0,0,0,0,52,0
10798,2026-05-21 11:20:57.789,0,0,1,3,0,0,0,0,E5,8,0D,0A,0D,0,0,0
10799,2026-05-21 11:20:57.989,0,52,0,0,0,1,3,0,0,0,0,E5,8,0D,0A,0D
10800,2026-05-21 11:20:58.009,0,0,0,0,50,0,0,0,1,3,0,0,0,0,E5,8
10801,2026-05-21 11:20:58.203,0D,0A,0D,0,0,0,0,51,0,0,0,1,3,0,0,0
10802,2026-05-21 11:20:58.422,0,E3,8,0D,0A,0D,0,0,0,0,52,0,0,0,1,3
10803,2026-05-21 11:20:58.626,0,0,0,0,E5,8,0D,0A,0D,0,0,0,0,51,0,0
10804,2026-05-21 11:20:58.830,0,1,3,0,0,0,0,E3,8,0D,0A,0D,0,0,0,0
10805,2026-05-21 11:20:59.049,51,0,0,0,1,3,0,0,0,0,E3,8,0D,0A,0D,0
10806,2026-05-21 11:20:59.063,0,0,0,51,0,0,0,1,3,0,0,0,0,E3,8,0D
10807,2026-05-21 11:20:59.253,0A,0D,0,0,0,0,50,0,0,0,1,3,0,0,0,0
10808,2026-05-21 11:20:59.476,E5,8,0D,0A,0D,0,0,0,0,50,0,0,0,1,3,0
10809,2026-05-21 11:20:59.686,0,0,0,E3,8,0D,0A,0D,0,0,0,0,51,0,0,0
10810,2026-05-21 11:20:59.888,1,3,0,0,0,0,E5,8,0D,0A,0D,0,0,0,0,52
10811,2026-05-21 11:21:00.092,0,0,0,1,3,0,0,0,0,E5,8,0D,0A,0D,0,0
10812,2026-05-21 11:21:00.109,0,0,50,0,0,0,1,3,0,0,0,0,E3,8,0D,0A
10813,2026-05-21 11:21:00.321,0D,0,0,0,0,4F,0,0,0,1,3,0,0,0,0,E5
10814,2026-05-21 11:21:00.529,8,0D,0A,0D,0,0,0,0,50,0,0,0,1,3,0,0
10815,2026-05-21 11:21:00.735,0,0,E3,8,0D,0A,0D,0,0,0,0,50,0,0,0,1
10816,2026-05-21 11:21:00.935,3,0,0,0,0,E5,8,0D,0A,0D,0,0,0,0,51,0
10817,2026-05-21 11:21:01.154,0,0,1,3,0,0,0,0,E3,8,0D,0A,0D,0,0,0
10818,2026-05-21 11:21:01.354,0,52,0,0,0,1,3,0,0,0,0,E5,8,0D,0A,0D
10819,2026-05-21 11:21:01.370,0,0,0,0,52,0,0,0,1,3,0,0,0,0,E5,8
10820,2026-05-21 11:21:01.581,0D,0A,0D,0,0,0,0,52,0,0,0,1,3,0,0,0
10821,2026-05-21 11:21:01.789,0,E3,8,0D,0A,0D,0,0,0,0,51,0,0,0,1,3
10822,2026-05-21 11:21:01.996,0,0,0,0,E3,8,0D,0A,0D,0,0,0,0,52,0,0
10823,2026-05-21 11:21:02.206,0,1,3,0,0,0,0,E3,8,0D,0A,0D,0,0,0,0
10824,2026-05-21 11:21:02.406,52,0,0,0,1,3,0,0,0,0,E5,8,0D,0A,0D,0
10825,2026-05-21 11:21:02.425,0,0,0,52,0,0,0,1,3,0,0,0,0,E3,8,0D
10826,2026-05-21 11:21:02.633,0A,0D,0,0,0,0,51,0,0,0,1,3,0,0,0,0
10827,2026-05-21 11:21:02.838,E3,8,0D,0A,0D,0,0,0,0,52,0,0,0,1,3,0
10828,2026-05-21 11:21:03.046,0,0,0,E3,8,0D,0A,0D,0,0,0,0,50,0,0,0
10829,2026-05-21 11:21:03.253,1,3,0,0,0,0,E5,8,0D,0A,0D,0,0,0,0,51
10830,2026-05-21 11:21:03.455,0,0,0,1,3,0,0,0,0,E5,8,0D,0A,0D,0,0
10831,2026-05-21 11:21:03.487,0,0,51,0,0,0,1,3,0,0,0,0,E3,8,0D,0A
10832,2026-05-21 11:21:03.676,0D,0,0,0,0,52,0,0,0,1,3,0,0,0,0,E3
10833,2026-05-21 11:21:03.881,8,0D,0A,0D,0,0,0,0,52,0,0,0,1,3,0,0
10834,2026-05-21 11:21:04.098,0,0,E5,8,0D,0A,0D,0,0,0,0,52,0,0,0,1
10835,2026-05-21 11:21:04.308,3,0,0,0,0,E5,8,0D,0A,0D,0,0,0,0,50,0
10836,2026-05-21 11:21:04.520,0,0,1,3,0,0,0,0,E3,8,0D,0A,0D,0,0,0
10837,2026-05-21 11:21:04.726,0,4F,0,0,0,1,3,0,0,0,0,E5,8,0D,0A,0D
10838,2026-05-21 11:21:04.741,0,0,0,0,51,0,0,0,1,3,0,0,0,0,E3,8
10839,2026-05-21 11:21:04.935,0D,0A,0D,0,0,0,0,51,0,0,0,1,3,0,0,0
10840,2026-05-21 11:21:05.148,0,E5,8,0D,0A,0D,0,0,0,0,51,0,0,0,1,3
10841,2026-05-21 11:21:05.351,0,0,0,0,E5,8,0D,0A,0D,0,0,0,0,51,0,0
10842,2026-05-21 11:21:05.572,0,1,3,0,0,0,0,E5,8,0D,0A,0D,0,0,0,0
10843,2026-05-21 11:21:05.767,50,0,0,0,1,3,0,0,0,0,E5,8,0D,0A,0D,0
10844,2026-05-21 11:21:05.794,0,0,0,50,0,0,0,1,3,0,0,0,0,E3,8,0D
10845,2026-05-21 11:21:05.987,0A,0D,0,0,0,0,50,0,0,0,1,3,0,0,0,0
10846,2026-05-21 11:21:06.199,E3,8,0D,0A,0D,0,0,0,0,52,0,0,0,1,3,0
10847,2026-05-21 11:21:06.410,0,0,0,E3,8,0D,0A,0D,0,0,0,0,51,0,0,0
10848,2026-05-21 11:21:06.621,1,3,0,0,0,0,E5,8,0D,0A,0D,0,0,0,0,52
10849,2026-05-21 11:21:06.828,0,0,0,1,3,0,0,0,0,E5,8,0D,0A,0D,0,0
10850,2026-05-21 11:21:06.844,0,0,51,0,0,0,1,3,0,0,0,0,E3,8,0D,0A
10851,2026-05-21 11:21:07.047,0D,0,0,0,0,51,0,0,0,1,3,0,0,0,0,E5
10852,2026-05-21 11:21:07.272,8,0D,0A,0D,0,0,0,0,52,0,0,0,1,3,0,0
10853,2026-05-21 11:21:07.454,0,0,E5,8,0D,0A,0D,0,0,0,0,52,0,0,0,1
10854,2026-05-21 11:21:07.677,3,0,0,0,0,E5,8,0D,0A,0D,0,0,0,0,52,0
10855,2026-05-21 11:21:07.879,0,0,1,3,0,0,0,0,E5,8,0D,0A,0D,0,0,0
10856,2026-05-21 11:21:08.081,0,52,0,0,0,1,3,0,0,0,0,E5,8,0D,0A,0D
10857,2026-05-21 11:21:08.097,0,0,0,0,52,0,0,0,1,3,0,0,0,0,E5,8
10858,2026-05-21 11:21:08.301,0D,0A,0D,0,0,0,0,51,0,0,0,1,3,0,0,0
10859,2026-05-21 11:21:08.512,0,E3,8,0D,0A,0D,0,0,0,0,52,0,0,0,1,3
10860,2026-05-21 11:21:08.728,0,0,0,0,E5,8,0D,0A,0D,0,0,0,0,55,0,0
10861,2026-05-21 11:21:08.935,0,1,3,0,0,0,0,E5,8,0D,0A,0D,0,0,0,0
10862,2026-05-21 11:21:09.140,56,0,0,0,1,3,0,0,0,0,E5,8,0D,0A,0D,0
10863,2026-05-21 11:21:09.155,0,0,0,54,0,0,0,1,3,0,0,0,0,E5,8,0D
10864,2026-05-21 11:21:09.351,0A,0D,0,0,0,0,53,0,0,0,1,3,0,0,0,0
10865,2026-05-21 11:21:09.571,E7,8,0D,0A,0D,0,0,0,0,52,0,0,0,1,3,0
10866,2026-05-21 11:21:09.781,0,0,0,E5,8,0D,0A,0D,0,0,0,0,53,0,0,0
10867,2026-05-21 11:21:09.978,1,3,0,0,0,0,E5,8,0D,0A,0D,0,0,0,0,54
10868,2026-05-21 11:21:10.198,0,0,0,1,3,0,0,0,0,E5,8,0D,0A,0D,0,0
10869,2026-05-21 11:21:10.209,0,0,54,0,0,0,1,3,0,0,0,0,E5,8,0D,0A
10870,2026-05-21 11:21:10.413,0D,0,0,0,0,54,0,0,0,1,3,0,0,0,0,E5
10871,2026-05-21 11:21:10.624,8,0D,0A,0D,0,0,0,0,53,0,0,0,1,3,0,0
10872,2026-05-21 11:21:10.828,0,0,E3,8,0D,0A,0D,0,0,0,0,53,0,0,0,1
10873,2026-05-21 11:21:11.030,3,0,0,0,0,E5,8,0D,0A,0D,0,0,0,0,53,0
10874,2026-05-21 11:21:11.249,0,0,1,3,0,0,0,0,E3,8,0D,0A,0D,0,0,0
10875,2026-05-21 11:21:11.453,0,54,0,0,0,1,3,0,0,0,0,E5,8,0D,0A,0D
10876,2026-05-21 11:21:11.468,0,0,0,0,54,0,0,0,1,3,0,0,0,0,E5,8
10877,2026-05-21 11:21:11.673,0D,0A,0D,0,0,0,0,54,0,0,0,1,3,0,0,0
10878,2026-05-21 11:21:11.877,0,E5,8,0D,0A,0D,0,0,0,0,53,0,0,0,1,3
10879,2026-05-21 11:21:12.080,0,0,0,0,E5,8,0D,0A,0D,0,0,0,0,53,0,0
10880,2026-05-21 11:21:12.299,0,1,3,0,0,0,0,E5,8,0D,0A,0D,0,0,0,0
10881,2026-05-21 11:21:12.504,53,0,0,0,1,3,0,0,0,0,E5,8,0D,0A,0D,0
10882,2026-05-21 11:21:12.522,0,0,0,55,0,0,0,1,3,0,0,0,0,E5,8,0D
10883,2026-05-21 11:21:12.723,0A,0D,0,0,0,0,55,0,0,0,1,3,0,0,0,0
10884,2026-05-21 11:21:12.935,E3,8,0D,0A,0D,0,0,0,0,55,0,0,0,1,3,0
10885,2026-05-21 11:21:13.144,0,0,0,E7,8,0D,0A,0D,0,0,0,0,54,0,0,0
10886,2026-05-21 11:21:13.351,1,3,0,0,0,0,E5,8,0D,0A,0D,0,0,0,0,54
10887,2026-05-21 11:21:13.556,0,0,0,1,3,0,0,0,0,E5,8,0D,0A,0D,0,0
10888,2026-05-21 11:21:13.574,0,0,53,0,0,0,1,3,0,0,0,0,E5,8,0D,0A
10889,2026-05-21 11:21:13.781,0D,0,0,0,0,56,0,0,0,1,3,0,0,0,0,E3
10890,2026-05-21 11:21:13.986,8,0D,0A,0D,0,0,0,0,54,0,0,0,1,3,0,0
10891,2026-05-21 11:21:14.200,0,0,E5,8,0D,0A,0D,0,0,0,0,55,0,0,0,1
10892,2026-05-21 11:21:14.402,3,0,0,0,0,E5,8,0D,0A,0D,0,0,0,0,54,0
10893,2026-05-21 11:21:14.605,0,0,1,3,0,0,0,0,E5,8,0D,0A,0D,0,0,0
10894,2026-05-21 11:21:14.824,0,52,0,0,0,1,3,0,0,0,0,E5,8,0D,0A,0D
10895,2026-05-21 11:21:14.827,0,0,0,0,54,0,0,0,1,3,0,0,0,0,E3,8
10896,2026-05-21 11:21:15.030,0D,0A,0D,0,0,0,0,55,0,0,0,1,3,0,0,0
10897,2026-05-21 11:21:15.248,0,E5,8,0D,0A,0D,0,0,0,0,55,0,0,0,1,3
10898,2026-05-21 11:21:15.452,0,0,0,0,E5,8,0D,0A,0D,0,0,0,0,55,0,0
10899,2026-05-21 11:21:15.662,0,1,3,0,0,0,0,E5,8,0D,0A,0D,0,0,0,0
10900,2026-05-21 11:21:15.885,54,0,0,0,1,3,0,0,0,0,E3,8,0D,0A,0D,0
10901,2026-05-21 11:21:15.910,0,0,0,54,0,0,0,1,3,0,0,0,0,E3,8,0D
10902,2026-05-21 11:21:16.094,0A,0D,0,0,0,0,54,0,0,0,1,3,0,0,0,0
10903,2026-05-21 11:21:16.298,E3,8,0D,0A,0D,0,0,0,0,54,0,0,0,1,3,0
10904,2026-05-21 11:21:16.502,0,0,0,E3,8,0D,0A,0D,0,0,0,0,55,0,0,0
10905,2026-05-21 11:21:16.718,1,3,0,0,0,0,E3,8,0D,0A,0D,0,0,0,0,55
10906,2026-05-21 11:21:16.921,0,0,0,1,3,0,0,0,0,E5,8,0D,0A,0D,0,0
10907,2026-05-21 11:21:16.945,0,0,55,0,0,0,1,3,0,0,0,0,E3,8,0D,0A
10908,2026-05-21 11:21:17.142,0D,0,0,0,0,54,0,0,0,1,3,0,0,0,0,E5
10909,2026-05-21 11:21:17.351,8,0D,0A,0D,0,0,0,0,54,0,0,0,1,3,0,0
10910,2026-05-21 11:21:17.555,0,0,E5,8,0D,0A,0D,0,0,0,0,54,0,0,0,1
10911,2026-05-21 11:21:17.772,3,0,0,0,0,E5,8,0D,0A,0D,0,0,0,0,56,0
10912,2026-05-21 11:21:17.977,0,0,1,3,0,0,0,0,E3,8,0D,0A,0D,0,0,0
10913,2026-05-21 11:21:18.183,0,55,0,0,0,1,3,0,0,0,0,E5,8,0D,0A,0D
10914,2026-05-21 11:21:18.199,0,0,0,0,55,0,0,0,1,3,0,0,0,0,E5,8
10915,2026-05-21 11:21:18.398,0D,0A,0D,0,0,0,0,54,0,0,0,1,3,0,0,0
10916,2026-05-21 11:21:18.602,0,E5,8,0D,0A,0D,0,0,0,0,55,0,0,0,1,3
10917,2026-05-21 11:21:18.822,0,0,0,0,E5,8,0D,0A,0D,0,0,0,0,54,0,0
10918,2026-05-21 11:21:19.026,0,1,3,0,0,0,0,E5,8,0D,0A,0D,0,0,0,0
10919,2026-05-21 11:21:19.230,56,0,0,0,1,3,0,0,0,0,E3,8,0D,0A,0D,0
10920,2026-05-21 11:21:19.250,0,0,0,55,0,0,0,1,3,0,0,0,0,E5,8,0D
10921,2026-05-21 11:21:19.450,0A,0D,0,0,0,0,54,0,0,0,1,3,0,0,0,0
10922,2026-05-21 11:21:19.663,E3,8,0D,0A,0D,0,0,0,0,54,0,0,0,1,3,0
10923,2026-05-21 11:21:19.876,0,0,0,E5,8,0D,0A,0D,0,0,0,0,54,0,0,0
10924,2026-05-21 11:21:20.077,1,3,0,0,0,0,E5,8,0D,0A,0D,0,0,0,0,54
10925,2026-05-21 11:21:20.281,0,0,0,1,3,0,0,0,0,E5,8,0D,0A,0D,0,0
10926,2026-05-21 11:21:20.304,0,0,55,0,0,0,1,3,0,0,0,0,E5,8,0D,0A
10927,2026-05-21 11:21:20.501,0D,0,0,0,0,55,0,0,0,1,3,0,0,0,0,E5
10928,2026-05-21 11:21:20.705,8,0D,0A,0D,0,0,0,0,55,0,0,0,1,3,0,0
10929,2026-05-21 11:21:20.922,0,0,E3,8,0D,0A,0D,0,0,0,0,54,0,0,0,1
10930,2026-05-21 11:21:21.129,3,0,0,0,0,E5,8,0D,0A,0D,0,0,0,0,54,0
10931,2026-05-21 11:21:21.336,0,0,1,3,0,0,0,0,E3,8,0D,0A,0D,0,0,0
10932,2026-05-21 11:21:21.554,0,54,0,0,0,1,3,0,0,0,0,E5,8,0D,0A,0D
10933,2026-05-21 11:21:21.570,0,0,0,0,55,0,0,0,1,3,0,0,0,0,E5,8
10934,2026-05-21 11:21:21.768,0D,0A,0D,0,0,0,0,55,0,0,0,1,3,0,0,0
10935,2026-05-21 11:21:21.980,0,E5,8,0D,0A,0D,0,0,0,0,55,0,0,0,1,3
10936,2026-05-21 11:21:22.186,0,0,0,0,E5,8,0D,0A,0D,0,0,0,0,55,0,0
10937,2026-05-21 11:21:22.390,0,1,3,0,0,0,0,E5,8,0D,0A,0D,0,0,0,0
10938,2026-05-21 11:21:22.601,54,0,0,0,1,3,0,0,0,0,E5,8,0D,0A,0D,0
10939,2026-05-21 11:21:22.617,0,0,0,55,0,0,0,1,3,0,0,0,0,E3,8,0D
10940,2026-05-21 11:21:22.824,0A,0D,0,0,0,0,55,0,0,0,1,3,0,0,0,0
10941,2026-05-21 11:21:23.024,E5,8,0D,0A,0D,0,0,0,0,55,0,0,0,1,3,0
10942,2026-05-21 11:21:23.230,0,0,0,E5,8,0D,0A,0D,0,0,0,0,55,0,0,0
10943,2026-05-21 11:21:23.450,1,3,0,0,0,0,E5,8,0D,0A,0D,0,0,0,0,54
10944,2026-05-21 11:21:23.652,0,0,0,1,3,0,0,0,0,E5,8,0D,0A,0D,0,0
10945,2026-05-21 11:21:23.668,0,0,54,0,0,0,1,3,0,0,0,0,E5,8,0D,0A
10946,2026-05-21 11:21:23.872,0D,0,0,0,0,53,0,0,0,1,3,0,0,0,0,E7
10947,2026-05-21 11:21:24.077,8,0D,0A,0D,0,0,0,0,55,0,0,0,1,3,0,0
10948,2026-05-21 11:21:24.280,0,0,E5,8,0D,0A,0D,0,0,0,0,55,0,0,0,1
10949,2026-05-21 11:21:24.499,3,0,0,0,0,E3,8,0D,0A,0D,0,0,0,0,55,0
10950,2026-05-21 11:21:24.705,0,0,1,3,0,0,0,0,E7,8,0D,0A,0D,0,0,0
10951,2026-05-21 11:21:24.920,0,54,0,0,0,1,3,0,0,0,0,E7,8,0D,0A,0D
10952,2026-05-21 11:21:24.938,0,0,0,0,54,0,0,0,1,3,0,0,0,0,E3,8
10953,2026-05-21 11:21:25.130,0D,0A,0D,0,0,0,0,54,0,0,0,1,3,0,0,0
10954,2026-05-21 11:21:25.335,0,E5,8,0D,0A,0D,0,0,0,0,55,0,0,0,1,3
10955,2026-05-21 11:21:25.555,0,0,0,0,E5,8,0D,0A,0D,0,0,0,0,55,0,0
10956,2026-05-21 11:21:25.752,0,1,3,0,0,0,0,E5,8,0D,0A,0D,0,0,0,0
10957,2026-05-21 11:21:25.972,55,0,0,0,1,3,0,0,0,0,E3,8,0D,0A,0D,0
10958,2026-05-21 11:21:25.983,0,0,0,54,0,0,0,1,3,0,0,0,0,E3,8,0D
10959,2026-05-21 11:21:26.183,0A,0D,0,0,0,0,54,0,0,0,1,3,0,0,0,0
10960,2026-05-21 11:21:26.396,E5,8,0D,0A,0D,0,0,0,0,54,0,0,0,1,3,0
10961,2026-05-21 11:21:26.599,0,0,0,E5,8,0D,0A,0D,0,0,0,0,56,0,0,0
10962,2026-05-21 11:21:26.803,1,3,0,0,0,0,E5,8,0D,0A,0D,0,0,0,0,55
10963,2026-05-21 11:21:27.024,0,0,0,1,3,0,0,0,0,E5,8,0D,0A,0D,0,0
10964,2026-05-21 11:21:27.035,0,0,55,0,0,0,1,3,0,0,0,0,E3,8,0D,0A
10965,2026-05-21 11:21:27.228,0D,0,0,0,0,54,0,0,0,1,3,0,0,0,0,E5
10966,2026-05-21 11:21:27.448,8,0D,0A,0D,0,0,0,0,54,0,0,0,1,3,0,0
10967,2026-05-21 11:21:27.652,0,0,E5,8,0D,0A,0D,0,0,0,0,54,0,0,0,1
10968,2026-05-21 11:21:27.855,3,0,0,0,0,E3,8,0D,0A,0D,0,0,0,0,55,0
10969,2026-05-21 11:21:28.075,0,0,1,3,0,0,0,0,E5,8,0D,0A,0D,0,0,0
10970,2026-05-21 11:21:28.279,0,55,0,0,0,1,3,0,0,0,0,E5,8,0D,0A,0D
10971,2026-05-21 11:21:28.297,0,0,0,0,55,0,0,0,1,3,0,0,0,0,E5,8
10972,2026-05-21 11:21:28.499,0D,0A,0D,0,0,0,0,54,0,0,0,1,3,0,0,0
10973,2026-05-21 11:21:28.703,0,E5,8,0D,0A,0D,0,0,0,0,53,0,0,0,1,3
10974,2026-05-21 11:21:28.922,0,0,0,0,E3,8,0D,0A,0D,0,0,0,0,54,0,0
10975,2026-05-21 11:21:29.127,0,1,3,0,0,0,0,E3,8,0D,0A,0D,0,0,0,0
10976,2026-05-21 11:21:29.336,55,0,0,0,1,3,0,0,0,0,E5,8,0D,0A,0D,0
10977,2026-05-21 11:21:29.346,0,0,0,55,0,0,0,1,3,0,0,0,0,E7,8,0D
10978,2026-05-21 11:21:29.546,0A,0D,0,0,0,0,55,0,0,0,1,3,0,0,0,0
10979,2026-05-21 11:21:29.752,E3,8,0D,0A,0D,0,0,0,0,55,0,0,0,1,3,0
10980,2026-05-21 11:21:29.956,0,0,0,E5,8,0D,0A,0D,0,0,0,0,54,0,0,0
10981,2026-05-21 11:21:30.167,1,3,0,0,0,0,E5,8,0D,0A,0D,0,0,0,0,54
10982,2026-05-21 11:21:30.395,0,0,0,1,3,0,0,0,0,E5,8,0D,0A,0D,0,0
10983,2026-05-21 11:21:30.438,0,0,55,0,0,0,1,3,0,0,0,0,E5,8,0D,0A
10984,2026-05-21 11:21:30.604,0D,0,0,0,0,55,0,0,0,1,3,0,0,0,0,E5
10985,2026-05-21 11:21:30.815,8,0D,0A,0D,0,0,0,0,55,0,0,0,1,3,0,0
10986,2026-05-21 11:21:31.022,0,0,E5,8,0D,0A,0D,0,0,0,0,55,0,0,0,1
10987,2026-05-21 11:21:31.225,3,0,0,0,0,E7,8,0D,0A,0D,0,0,0,0,54,0
10988,2026-05-21 11:21:31.433,0,0,1,3,0,0,0,0,E5,8,0D,0A,0D,0,0,0
10989,2026-05-21 11:21:31.635,0,54,0,0,0,1,3,0,0,0,0,E5,8,0D,0A,0D
10990,2026-05-21 11:21:31.657,0,0,0,0,54,0,0,0,1,3,0,0,0,0,E3,8
10991,2026-05-21 11:21:31.866,0D,0A,0D,0,0,0,0,56,0,0,0,1,3,0,0,0
10992,2026-05-21 11:21:32.073,0,E5,8,0D,0A,0D,0,0,0,0,55,0,0,0,1,3
10993,2026-05-21 11:21:32.276,0,0,0,0,E3,8,0D,0A,0D,0,0,0,0,55,0,0
10994,2026-05-21 11:21:32.480,0,1,3,0,0,0,0,E5,8,0D,0A,0D,0,0,0,0
10995,2026-05-21 11:21:32.700,54,0,0,0,1,3,0,0,0,0,E5,8,0D,0A,0D,0
10996,2026-05-21 11:21:32.709,0,0,0,54,0,0,0,1,3,0,0,0,0,E5,8,0D
10997,2026-05-21 11:21:32.919,0A,0D,0,0,0,0,54,0,0,0,1,3,0,0,0,0
10998,2026-05-21 11:21:33.127,E5,8,0D,0A,0D,0,0,0,0,55,0,0,0,1,3,0
10999,2026-05-21 11:21:33.335,0,0,0,E3,8,0D,0A,0D,0,0,0,0,55,0,0,0
11000,2026-05-21 11:21:33.545,1,3,0,0,0,0,E5,8,0D,0A,0D,0,0,0,0,53
11001,2026-05-21 11:21:33.753,0,0,0,1,3,0,0,0,0,E5,8,0D,0A,0D,0,0
11002,2026-05-21 11:21:33.753,0,0,54,0,0,0,1,3,0,0,0,0,E3,8,0D,0A
11003,2026-05-21 11:21:33.971,0D,0,0,0,0,54,0,0,0,1,3,0,0,0,0,E5
11004,2026-05-21 11:21:34.180,8,0D,0A,0D,0,0,0,0,54,0,0,0,1,3,0,0
11005,2026-05-21 11:21:34.389,0,0,E3,8,0D,0A,0D,0,0,0,0,55,0,0,0,1
11006,2026-05-21 11:21:34.597,3,0,0,0,0,E3,8,0D,0A,0D,0,0,0,0,55,0
11007,2026-05-21 11:21:34.805,0,0,1,3,0,0,0,0,E5,8,0D,0A,0D,0,0,0
11008,2026-05-21 11:21:35.014,0,54,0,0,0,1,3,0,0,0,0,E5,8,0D,0A,0D
11009,2026-05-21 11:21:35.024,0,0,0,0,53,0,0,0,1,3,0,0,0,0,E3,8
11010,2026-05-21 11:21:35.231,0D,0A,0D,0,0,0,0,53,0,0,0,1,3,0,0,0
11011,2026-05-21 11:21:35.439,0,E3,8,0D,0A,0D,0,0,0,0,54,0,0,0,1,3
11012,2026-05-21 11:21:35.638,0,0,0,0,E5,8,0D,0A,0D,0,0,0,0,55,0,0
11013,2026-05-21 11:21:35.855,0,1,3,0,0,0,0,E5,8,0D,0A,0D,0,0,0,0
11014,2026-05-21 11:21:36.066,55,0,0,0,1,3,0,0,0,0,E3,8,0D,0A,0D,0
11015,2026-05-21 11:21:36.080,0,0,0,55,0,0,0,1,3,0,0,0,0,E3,8,0D
11016,2026-05-21 11:21:36.283,0A,0D,0,0,0,0,54,0,0,0,1,3,0,0,0,0
11017,2026-05-21 11:21:36.477,E5,8,0D,0A,0D,0,0,0,0,54,0,0,0,1,3,0
11018,2026-05-21 11:21:36.700,0,0,0,E5,8,0D,0A,0D,0,0,0,0,54,0,0,0
11019,2026-05-21 11:21:36.906,1,3,0,0,0,0,D2,8,0D,0A,0D,0,0,0,0,55
11020,2026-05-21 11:21:37.117,0,0,0,1,3,0,0,0,0,E3,8,0D,0A,0D,0,0
11021,2026-05-21 11:21:37.131,0,0,55,0,0,0,1,3,0,0,0,0,E5,8,0D,0A
11022,2026-05-21 11:21:37.322,0D,0,0,0,0,55,0,0,0,1,3,0,0,0,0,E5
11023,2026-05-21 11:21:37.544,8,0D,0A,0D,0,0,0,0,55,0,0,0,1,3,0,0
11024,2026-05-21 11:21:37.766,0,0,E3,8,0D,0A,0D,0,0,0,0,54,0,0,0,1
11025,2026-05-21 11:21:37.978,3,0,0,0,0,E3,8,0D,0A,0D,0,0,0,0,54,0
11026,2026-05-21 11:21:38.169,0,0,1,3,0,0,0,0,E5,8,0D,0A,0D,0,0,0
11027,2026-05-21 11:21:38.378,0,55,0,0,0,1,3,0,0,0,0,E3,8,0D,0A,0D
11028,2026-05-21 11:21:38.395,0,0,0,0,55,0,0,0,1,3,0,0,0,0,E5,8
11029,2026-05-21 11:21:38.595,0D,0A,0D,0,0,0,0,55,0,0,0,1,3,0,0,0
11030,2026-05-21 11:21:38.805,0,E5,8,0D,0A,0D,0,0,0,0,52,0,0,0,1,3
11031,2026-05-21 11:21:39.006,0,0,0,0,E3,8,0D,0A,0D,0,0,0,0,54,0,0
11032,2026-05-21 11:21:39.217,0,1,3,0,0,0,0,E3,8,0D,0A,0D,0,0,0,0
11033,2026-05-21 11:21:39.422,54,0,0,0,1,3,0,0,0,0,E5,8,0D,0A,0D,0
11034,2026-05-21 11:21:39.445,0,0,0,55,0,0,0,1,3,0,0,0,0,E3,8,0D
11035,2026-05-21 11:21:39.648,0A,0D,0,0,0,0,55,0,0,0,1,3,0,0,0,0
11036,2026-05-21 11:21:39.857,E5,8,0D,0A,0D,0,0,0,0,54,0,0,0,1,3,0
11037,2026-05-21 11:21:40.079,0,0,0,E5,8,0D,0A,0D,0,0,0,0,54,0,0,0
11038,2026-05-21 11:21:40.288,1,3,0,0,0,0,E3,8,0D,0A,0D,0,0,0,0,55
11039,2026-05-21 11:21:40.482,0,0,0,1,3,0,0,0,0,E5,8,0D,0A,0D,0,0
11040,2026-05-21 11:21:40.496,0,0,55,0,0,0,1,3,0,0,0,0,E5,8,0D,0A
11041,2026-05-21 11:21:40.689,0D,0,0,0,0,55,0,0,0,1,3,0,0,0,0,E5
11042,2026-05-21 11:21:40.909,8,0D,0A,0D,0,0,0,0,55,0,0,0,1,3,0,0
11043,2026-05-21 11:21:41.105,0,0,E3,8,0D,0A,0D,0,0,0,0,55,0,0,0,1
11044,2026-05-21 11:21:41.326,3,0,0,0,0,E5,8,0D,0A,0D,0,0,0,0,54,0
11045,2026-05-21 11:21:41.535,0,0,1,3,0,0,0,0,E5,8,0D,0A,0D,0,0,0
11046,2026-05-21 11:21:41.743,0,54,0,0,0,1,3,0,0,0,0,E5,8,0D,0A,0D
11047,2026-05-21 11:21:41.758,0,0,0,0,54,0,0,0,1,3,0,0,0,0,E3,8
11048,2026-05-21 11:21:41.955,0D,0A,0D,0,0,0,0,56,0,0,0,1,3,0,0,0
11049,2026-05-21 11:21:42.170,0,E5,8,0D,0A,0D,0,0,0,0,55,0,0,0,1,3
11050,2026-05-21 11:21:42.379,0,0,0,0,E3,8,0D,0A,0D,0,0,0,0,55,0,0
11051,2026-05-21 11:21:42.587,0,1,3,0,0,0,0,E5,8,0D,0A,0D,0,0,0,0
11052,2026-05-21 11:21:42.787,54,0,0,0,1,3,0,0,0,0,E3,8,0D,0A,0D,0
11053,2026-05-21 11:21:42.802,0,0,0,54,0,0,0,1,3,0,0,0,0,E5,8,0D
11054,2026-05-21 11:21:43.008,0A,0D,0,0,0,0,54,0,0,0,1,3,0,0,0,0
11055,2026-05-21 11:21:43.217,E3,8,0D,0A,0D,0,0,0,0,56,0,0,0,1,3,0
11056,2026-05-21 11:21:43.421,0,0,0,E3,8,0D,0A,0D,0,0,0,0,55,0,0,0
11057,2026-05-21 11:21:43.640,1,3,0,0,0,0,E5,8,0D,0A,0D,0,0,0,0,54
11058,2026-05-21 11:21:43.844,0,0,0,1,3,0,0,0,0,E5,8,0D,0A,0D,0,0
11059,2026-05-21 11:21:43.855,0,0,54,0,0,0,1,3,0,0,0,0,E5,8,0D,0A
11060,2026-05-21 11:21:44.066,0D,0,0,0,0,54,0,0,0,1,3,0,0,0,0,E5
11061,2026-05-21 11:21:44.267,8,0D,0A,0D,0,0,0,0,54,0,0,0,1,3,0,0
11062,2026-05-21 11:21:44.471,0,0,E3,8,0D,0A,0D,0,0,0,0,55,0,0,0,1
11063,2026-05-21 11:21:44.691,3,0,0,0,0,E5,8,0D,0A,0D,0,0,0,0,55,0
11064,2026-05-21 11:21:44.900,0,0,1,3,0,0,0,0,E5,8,0D,0A,0D,0,0,0
11065,2026-05-21 11:21:45.093,0,55,0,0,0,1,3,0,0,0,0,E5,8,0D,0A,0D
11066,2026-05-21 11:21:45.109,0,0,0,0,55,0,0,0,1,3,0,0,0,0,E5,8
11067,2026-05-21 11:21:45.321,0D,0A,0D,0,0,0,0,55,0,0,0,1,3,0,0,0
11068,2026-05-21 11:21:45.525,0,E5,8,0D,0A,0D,0,0,0,0,54,0,0,0,1,3
11069,2026-05-21 11:21:45.743,0,0,0,0,E3,8,0D,0A,0D,0,0,0,0,54,0,0
11070,2026-05-21 11:21:45.946,0,1,3,0,0,0,0,E5,8,0D,0A,0D,0,0,0,0
11071,2026-05-21 11:21:46.161,55,0,0,0,1,3,0,0,0,0,E5,8,0D,0A,0D,0
11072,2026-05-21 11:21:46.173,0,0,0,55,0,0,0,1,3,0,0,0,0,E5,8,0D
11073,2026-05-21 11:21:46.374,0A,0D,0,0,0,0,55,0,0,0,1,3,0,0,0,0
11074,2026-05-21 11:21:46.586,E5,8,0D,0A,0D,0,0,0,0,54,0,0,0,1,3,0
11075,2026-05-21 11:21:46.795,0,0,0,E5,8,0D,0A,0D,0,0,0,0,55,0,0,0
11076,2026-05-21 11:21:47.004,1,3,0,0,0,0,E5,8,0D,0A,0D,0,0,0,0,54
11077,2026-05-21 11:21:47.213,0,0,0,1,3,0,0,0,0,E5,8,0D,0A,0D,0,0
11078,2026-05-21 11:21:47.224,0,0,56,0,0,0,1,3,0,0,0,0,E5,8,0D,0A
11079,2026-05-21 11:21:47.418,0D,0,0,0,0,55,0,0,0,1,3,0,0,0,0,E5
11080,2026-05-21 11:21:47.637,8,0D,0A,0D,0,0,0,0,55,0,0,0,1,3,0,0
11081,2026-05-21 11:21:47.839,0,0,E3,8,0D,0A,0D,0,0,0,0,54,0,0,0,1
11082,2026-05-21 11:21:48.052,3,0,0,0,0,E5,8,0D,0A,0D,0,0,0,0,54,0
11083,2026-05-21 11:21:48.256,0,0,1,3,0,0,0,0,E7,8,0D,0A,0D,0,0,0
11084,2026-05-21 11:21:48.473,0,54,0,0,0,1,3,0,0,0,0,E5,8,0D,0A,0D
11085,2026-05-21 11:21:48.488,0,0,0,0,55,0,0,0,1,3,0,0,0,0,E5,8
11086,2026-05-21 11:21:48.689,0D,0A,0D,0,0,0,0,55,0,0,0,1,3,0,0,0
11087,2026-05-21 11:21:48.899,0,E5,8,0D,0A,0D,0,0,0,0,55,0,0,0,1,3
11088,2026-05-21 11:21:49.108,0,0,0,0,E5,8,0D,0A,0D,0,0,0,0,54,0,0
11089,2026-05-21 11:21:49.306,0,1,3,0,0,0,0,E5,8,0D,0A,0D,0,0,0,0
11090,2026-05-21 11:21:49.521,54,0,0,0,1,3,0,0,0,0,E5,8,0D,0A,0D,0
11091,2026-05-21 11:21:49.521,0,0,0,54,0,0,0,1,3,0,0,0,0,E5,8,0D
11092,2026-05-21 11:21:49.737,0A,0D,0,0,0,0,55,0,0,0,1,3,0,0,0,0
11093,2026-05-21 11:21:49.952,E5,8,0D,0A,0D,0,0,0,0,55,0,0,0,1,3,0
11094,2026-05-21 11:21:50.154,0,0,0,E5,8,0D,0A,0D,0,0,0,0,55,0,0,0
11095,2026-05-21 11:21:50.367,1,3,0,0,0,0,E3,8,0D,0A,0D,0,0,0,0,54
11096,2026-05-21 11:21:50.566,0,0,0,1,3,0,0,0,0,E5,8,0D,0A,0D,0,0
11097,2026-05-21 11:21:50.592,0,0,54,0,0,0,1,3,0,0,0,0,E5,8,0D,0A
11098,2026-05-21 11:21:50.782,0D,0,0,0,0,55,0,0,0,1,3,0,0,0,0,E5
11099,2026-05-21 11:21:51.004,8,0D,0A,0D,0,0,0,0,56,0,0,0,1,3,0,0
11100,2026-05-21 11:21:51.212,0,0,E5,8,0D,0A,0D,0,0,0,0,56,0,0,0,1
11101,2026-05-21 11:21:51.420,3,0,0,0,0,E3,8,0D,0A,0D,0,0,0,0,55,0
11102,2026-05-21 11:21:51.623,0,0,1,3,0,0,0,0,E3,8,0D,0A,0D,0,0,0
11103,2026-05-21 11:21:51.838,0,55,0,0,0,1,3,0,0,0,0,E5,8,0D,0A,0D
11104,2026-05-21 11:21:51.846,0,0,0,0,54,0,0,0,1,3,0,0,0,0,E5,8
11105,2026-05-21 11:21:52.056,0D,0A,0D,0,0,0,0,55,0,0,0,1,3,0,0,0
11106,2026-05-21 11:21:52.265,0,E5,8,0D,0A,0D,0,0,0,0,55,0,0,0,1,3
11107,2026-05-21 11:21:52.473,0,0,0,0,E3,8,0D,0A,0D,0,0,0,0,56,0,0
11108,2026-05-21 11:21:52.672,0,1,3,0,0,0,0,E5,8,0D,0A,0D,0,0,0,0
11109,2026-05-21 11:21:52.891,55,0,0,0,1,3,0,0,0,0,E3,8,0D,0A,0D,0
11110,2026-05-21 11:21:52.901,0,0,0,54,0,0,0,1,3,0,0,0,0,E3,8,0D
11111,2026-05-21 11:21:53.105,0A,0D,0,0,0,0,54,0,0,0,1,3,0,0,0,0
11112,2026-05-21 11:21:53.306,E5,8,0D,0A,0D,0,0,0,0,55,0,0,0,1,3,0
11113,2026-05-21 11:21:53.518,0,0,0,E3,8,0D,0A,0D,0,0,0,0,55,0,0,0
11114,2026-05-21 11:21:53.721,1,3,0,0,0,0,E5,8,0D,0A,0D,0,0,0,0,55
11115,2026-05-21 11:21:53.943,0,0,0,1,3,0,0,0,0,E3,8,0D,0A,0D,0,0
11116,2026-05-21 11:21:53.956,0,0,55,0,0,0,1,3,0,0,0,0,E5,8,0D,0A
11117,2026-05-21 11:21:54.159,0D,0,0,0,0,55,0,0,0,1,3,0,0,0,0,E7
11118,2026-05-21 11:21:54.361,8,0D,0A,0D,0,0,0,0,54,0,0,0,1,3,0,0
11119,2026-05-21 11:21:54.578,0,0,E5,8,0D,0A,0D,0,0,0,0,54,0,0,0,1
11120,2026-05-21 11:21:54.786,3,0,0,0,0,E5,8,0D,0A,0D,0,0,0,0,56,0
11121,2026-05-21 11:21:54.994,0,0,1,3,0,0,0,0,E3,8,0D,0A,0D,0,0,0
11122,2026-05-21 11:21:55.192,0,56,0,0,0,1,3,0,0,0,0,E5,8,0D,0A,0D
11123,2026-05-21 11:21:55.215,0,0,0,0,55,0,0,0,1,3,0,0,0,0,E5,8
11124,2026-05-21 11:21:55.423,0D,0A,0D,0,0,0,0,55,0,0,0,1,3,0,0,0
11125,2026-05-21 11:21:55.619,0,E3,8,0D,0A,0D,0,0,0,0,55,0,0,0,1,3
11126,2026-05-21 11:21:55.831,0,0,0,0,E5,8,0D,0A,0D,0,0,0,0,55,0,0
11127,2026-05-21 11:21:56.034,0,1,3,0,0,0,0,E3,8,0D,0A,0D,0,0,0,0
11128,2026-05-21 11:21:56.250,56,0,0,0,1,3,0,0,0,0,E5,8,0D,0A,0D,0
11129,2026-05-21 11:21:56.266,0,0,0,56,0,0,0,1,3,0,0,0,0,E5,8,0D
11130,2026-05-21 11:21:56.473,0A,0D,0,0,0,0,56,0,0,0,1,3,0,0,0,0
11131,2026-05-21 11:21:56.673,E5,8,0D,0A,0D,0,0,0,0,55,0,0,0,1,3,0
11132,2026-05-21 11:21:56.889,0,0,0,E5,8,0D,0A,0D,0,0,0,0,55,0,0,0
11133,2026-05-21 11:21:57.089,1,3,0,0,0,0,E3,8,0D,0A,0D,0,0,0,0,54
11134,2026-05-21 11:21:57.306,0,0,0,1,3,0,0,0,0,E5,8,0D,0A,0D,0,0
11135,2026-05-21 11:21:57.318,0,0,56,0,0,0,1,3,0,0,0,0,E5,8,0D,0A
11136,2026-05-21 11:21:57.515,0D,0,0,0,0,55,0,0,0,1,3,0,0,0,0,E5
11137,2026-05-21 11:21:57.734,8,0D,0A,0D,0,0,0,0,56,0,0,0,1,3,0,0
11138,2026-05-21 11:21:57.936,0,0,E5,8,0D,0A,0D,0,0,0,0,55,0,0,0,1
11139,2026-05-21 11:21:58.138,3,0,0,0,0,E5,8,0D,0A,0D,0,0,0,0,55,0
11140,2026-05-21 11:21:58.350,0,0,1,3,0,0,0,0,E5,8,0D,0A,0D,0,0,0
11141,2026-05-21 11:21:58.562,0,55,0,0,0,1,3,0,0,0,0,E3,8,0D,0A,0D
11142,2026-05-21 11:21:58.579,0,0,0,0,55,0,0,0,1,3,0,0,0,0,E3,8
11143,2026-05-21 11:21:58.785,0D,0A,0D,0,0,0,0,56,0,0,0,1,3,0,0,0
11144,2026-05-21 11:21:58.990,0,E5,8,0D,0A,0D,0,0,0,0,56,0,0,0,1,3
11145,2026-05-21 11:21:59.201,0,0,0,0,E3,8,0D,0A,0D,0,0,0,0,55,0,0
11146,2026-05-21 11:21:59.405,0,1,3,0,0,0,0,E5,8,0D,0A,0D,0,0,0,0
11147,2026-05-21 11:21:59.620,55,0,0,0,1,3,0,0,0,0,E7,8,0D,0A,0D,0
11148,2026-05-21 11:21:59.631,0,0,0,54,0,0,0,1,3,0,0,0,0,E5,8,0D
11149,2026-05-21 11:21:59.827,0A,0D,0,0,0,0,55,0,0,0,1,3,0,0,0,0
11150,2026-05-21 11:22:00.045,E5,8,0D,0A,0D,0,0,0,0,55,0,0,0,1,3,0
11151,2026-05-21 11:22:00.251,0,0,0,E3,8,0D,0A,0D,0,0,0,0,55,0,0,0
11152,2026-05-21 11:22:00.463,1,3,0,0,0,0,E5,8,0D,0A,0D,0,0,0,0,55
11153,2026-05-21 11:22:00.671,0,0,0,1,3,0,0,0,0,E5,8,0D,0A,0D,0,0
11154,2026-05-21 11:22:00.674,0,0,54,0,0,0,1,3,0,0,0,0,E5,8,0D,0A
11155,2026-05-21 11:22:00.888,0D,0,0,0,0,54,0,0,0,1,3,0,0,0,0,E5
11156,2026-05-21 11:22:01.098,8,0D,0A,0D,0,0,0,0,55,0,0,0,1,3,0,0
11157,2026-05-21 11:22:01.307,0,0,E3,8,0D,0A,0D,0,0,0,0,56,0,0,0,1
11158,2026-05-21 11:22:01.515,3,0,0,0,0,E5,8,0D,0A,0D,0,0,0,0,56,0
11159,2026-05-21 11:22:01.727,0,0,1,3,0,0,0,0,E5,8,0D,0A,0D,0,0,0
11160,2026-05-21 11:22:01.921,0,56,0,0,0,1,3,0,0,0,0,E5,8,0D,0A,0D
11161,2026-05-21 11:22:01.937,0,0,0,0,55,0,0,0,1,3,0,0,0,0,E5,8
11162,2026-05-21 11:22:02.162,0D,0A,0D,0,0,0,0,55,0,0,0,1,3,0,0,0
11163,2026-05-21 11:22:02.369,0,E5,8,0D,0A,0D,0,0,0,0,55,0,0,0,1,3
11164,2026-05-21 11:22:02.567,0,0,0,0,E5,8,0D,0A,0D,0,0,0,0,56,0,0
11165,2026-05-21 11:22:02.791,0,1,3,0,0,0,0,E5,8,0D,0A,0D,0,0,0,0
11166,2026-05-21 11:22:03.002,56,0,0,0,1,3,0,0,0,0,E5,8,0D,0A,0D,0
11167,2026-05-21 11:22:03.019,0,0,0,56,0,0,0,1,3,0,0,0,0,E5,8,0D
11168,2026-05-21 11:22:03.213,0A,0D,0,0,0,0,55,0,0,0,1,3,0,0,0,0
11169,2026-05-21 11:22:03.422,E5,8,0D,0A,0D,0,0,0,0,54,0,0,0,1,3,0
11170,2026-05-21 11:22:03.619,0,0,0,E5,8,0D,0A,0D,0,0,0,0,55,0,0,0
11171,2026-05-21 11:22:03.823,1,3,0,0,0,0,E3,8,0D,0A,0D,0,0,0,0,54
11172,2026-05-21 11:22:04.029,0,0,0,1,3,0,0,0,0,E3,8,0D,0A,0D,0,0
11173,2026-05-21 11:22:04.046,0,0,54,0,0,0,1,3,0,0,0,0,E5,8,0D,0A
11174,2026-05-21 11:22:04.248,0D,0,0,0,0,52,0,0,0,1,3,0,0,0,0,E5
11175,2026-05-21 11:22:04.453,8,0D,0A,0D,0,0,0,0,51,0,0,0,1,3,0,0
11176,2026-05-21 11:22:04.668,0,0,E3,8,0D,0A,0D,0,0,0,0,51,0,0,0,1
11177,2026-05-21 11:22:04.880,3,0,0,0,0,E3,8,0D,0A,0D,0,0,0,0,51,0
11178,2026-05-21 11:22:05.084,0,0,1,3,0,0,0,0,E5,8,0D,0A,0D,0,0,0
11179,2026-05-21 11:22:05.297,0,52,0,0,0,1,3,0,0,0,0,E5,8,0D,0A,0D
11180,2026-05-21 11:22:05.306,0,0,0,0,53,0,0,0,1,3,0,0,0,0,E5,8
11181,2026-05-21 11:22:05.500,0D,0A,0D,0,0,0,0,53,0,0,0,1,3,0,0,0
11182,2026-05-21 11:22:05.720,0,E3,8,0D,0A,0D,0,0,0,0,52,0,0,0,1,3
11183,2026-05-21 11:22:05.954,0,0,0,0,E3,8,0D,0A,0D,0,0,0,0,52,0,0
11184,2026-05-21 11:22:06.140,0,1,3,0,0,0,0,E5,8,0D,0A,0D,0,0,0,0
11185,2026-05-21 11:22:06.349,52,0,0,0,1,3,0,0,0,0,E3,8,0D,0A,0D,0
11186,2026-05-21 11:22:06.358,0,0,0,53,0,0,0,1,3,0,0,0,0,E3,8,0D
11187,2026-05-21 11:22:06.563,0A,0D,0,0,0,0,53,0,0,0,1,3,0,0,0,0
11188,2026-05-21 11:22:06.776,E3,8,0D,0A,0D,0,0,0,0,53,0,0,0,1,3,0
11189,2026-05-21 11:22:06.984,0,0,0,E5,8,0D,0A,0D,0,0,0,0,53,0,0,0
11190,2026-05-21 11:22:07.192,1,3,0,0,0,0,E5,8,0D,0A,0D,0,0,0,0,52
11191,2026-05-21 11:22:07.390,0,0,0,1,3,0,0,0,0,E3,8,0D,0A,0D,0,0
11192,2026-05-21 11:22:07.412,0,0,52,0,0,0,1,3,0,0,0,0,E3,8,0D,0A
11193,2026-05-21 11:22:07.618,0D,0,0,0,0,52,0,0,0,1,3,0,0,0,0,E3
11194,2026-05-21 11:22:07.822,8,0D,0A,0D,0,0,0,0,52,0,0,0,1,3,0,0
11195,2026-05-21 11:22:08.031,0,0,E5,8,0D,0A,0D,0,0,0,0,52,0,0,0,1
11196,2026-05-21 11:22:08.264,3,0,0,0,0,E5,8,0D,0A,0D,0,0,0,0,52,0
11197,2026-05-21 11:22:08.453,0,0,1,3,0,0,0,0,E3,8,0D,0A,0D,0,0,0
11198,2026-05-21 11:22:08.662,0,52,0,0,0,1,3,0,0,0,0,E5,8,0D,0A,0D
11199,2026-05-21 11:22:08.672,0,0,0,0,52,0,0,0,1,3,0,0,0,0,E5,8
11200,2026-05-21 11:22:08.901,0D,0A,0D,0,0,0,0,52,0,0,0,1,3,0,0,0
11201,2026-05-21 11:22:09.087,0,E5,8,0D,0A,0D,0,0,0,0,50,0,0,0,1,3
11202,2026-05-21 11:22:09.310,0,0,0,0,E5,8,0D,0A,0D,0,0,0,0,51,0,0
11203,2026-05-21 11:22:09.506,0,1,3,0,0,0,0,E5,8,0D,0A,0D,0,0,0,0
11204,2026-05-21 11:22:09.714,51,0,0,0,1,3,0,0,0,0,E5,8,0D,0A,0D,0
11205,2026-05-21 11:22:09.730,0,0,0,51,0,0,0,1,3,0,0,0,0,E5,8,0D
11206,2026-05-21 11:22:09.924,0A,0D,0,0,0,0,51,0,0,0,1,3,0,0,0,0
11207,2026-05-21 11:22:10.140,E3,8,0D,0A,0D,0,0,0,0,52,0,0,0,1,3,0
11208,2026-05-21 11:22:10.348,0,0,0,E3,8,0D,0A,0D,0,0,0,0,52,0,0,0
11209,2026-05-21 11:22:10.557,1,3,0,0,0,0,E5,8,0D,0A,0D,0,0,0,0,52
11210,2026-05-21 11:22:10.763,0,0,0,1,3,0,0,0,0,E5,8,0D,0A,0D,0,0
11211,2026-05-21 11:22:10.777,0,0,51,0,0,0,1,3,0,0,0,0,E3,8,0D,0A
11212,2026-05-21 11:22:10.981,0D,0,0,0,0,51,0,0,0,1,3,0,0,0,0,E5
11213,2026-05-21 11:22:11.192,8,0D,0A,0D,0,0,0,0,51,0,0,0,1,3,0,0
11214,2026-05-21 11:22:11.399,0,0,E3,8,0D,0A,0D,0,0,0,0,52,0,0,0,1
11215,2026-05-21 11:22:11.609,3,0,0,0,0,E5,8,0D,0A,0D,0,0,0,0,51,0
11216,2026-05-21 11:22:11.817,0,0,1,3,0,0,0,0,E5,8,0D,0A,0D,0,0,0
11217,2026-05-21 11:22:12.020,0,51,0,0,0,1,3,0,0,0,0,E3,8,0D,0A,0D
11218,2026-05-21 11:22:12.040,0,0,0,0,51,0,0,0,1,3,0,0,0,0,E5,8
11219,2026-05-21 11:22:12.238,0D,0A,0D,0,0,0,0,51,0,0,0,1,3,0,0,0
11220,2026-05-21 11:22:12.452,0,E3,8,0D,0A,0D,0,0,0,0,4E,0,0,0,1,3
11221,2026-05-21 11:22:12.661,0,0,0,0,E5,8,0D,0A,0D,0,0,0,0,51,0,0
11222,2026-05-21 11:22:12.860,0,1,3,0,0,0,0,E5,8,0D,0A,0D,0,0,0,0
11223,2026-05-21 11:22:13.078,4D,0,0,0,1,3,0,0,0,0,E3,8,0D,0A,0D,0
11224,2026-05-21 11:22:13.087,0,0,0,52,0,0,0,1,3,0,0,0,0,E3,8,0D
11225,2026-05-21 11:22:13.296,0A,0D,0,0,0,0,52,0,0,0,1,3,0,0,0,0
11226,2026-05-21 11:22:13.505,E5,8,0D,0A,0D,0,0,0,0,52,0,0,0,1,3,0
11227,2026-05-21 11:22:13.712,0,0,0,E5,8,0D,0A,0D,0,0,0,0,52,0,0,0
11228,2026-05-21 11:22:13.910,1,3,0,0,0,0,E5,8,0D,0A,0D,0,0,0,0,53
11229,2026-05-21 11:22:14.121,0,0,0,1,3,0,0,0,0,E5,8,0D,0A,0D,0,0
11230,2026-05-21 11:22:14.137,0,0,52,0,0,0,1,3,0,0,0,0,E3,8,0D,0A
11231,2026-05-21 11:22:14.342,0D,0,0,0,0,53,0,0,0,1,3,0,0,0,0,E5
11232,2026-05-21 11:22:14.557,8,0D,0A,0D,0,0,0,0,53,0,0,0,1,3,0,0
11233,2026-05-21 11:22:14.765,0,0,E3,8,0D,0A,0D,0,0,0,0,54,0,0,0,1
11234,2026-05-21 11:22:14.967,3,0,0,0,0,E5,8,0D,0A,0D,0,0,0,0,53,0
11235,2026-05-21 11:22:15.180,0,0,1,3,0,0,0,0,E5,8,0D,0A,0D,0,0,0
11236,2026-05-21 11:22:15.391,0,53,0,0,0,1,3,0,0,0,0,E5,8,0D,0A,0D
11237,2026-05-21 11:22:15.396,0,0,0,0,53,0,0,0,1,3,0,0,0,0,E5,8
11238,2026-05-21 11:22:15.609,0D,0A,0D,0,0,0,0,53,0,0,0,1,3,0,0,0
11239,2026-05-21 11:22:15.816,0,E5,8,0D,0A,0D,0,0,0,0,52,0,0,0,1,3
11240,2026-05-21 11:22:16.024,0,0,0,0,E3,8,0D,0A,0D,0,0,0,0,52,0,0
11241,2026-05-21 11:22:16.222,0,1,3,0,0,0,0,E3,8,0D,0A,0D,0,0,0,0
11242,2026-05-21 11:22:16.442,52,0,0,0,1,3,0,0,0,0,E5,8,0D,0A,0D,0
11243,2026-05-21 11:22:16.451,0,0,0,52,0,0,0,1,3,0,0,0,0,E7,8,0D
11244,2026-05-21 11:22:16.646,0A,0D,0,0,0,0,53,0,0,0,1,3,0,0,0,0
11245,2026-05-21 11:22:16.862,E5,8,0D,0A,0D,0,0,0,0,53,0,0,0,1,3,0
11246,2026-05-21 11:22:17.078,0,0,0,E3,8,0D,0A,0D,0,0,0,0,52,0,0,0
11247,2026-05-21 11:22:17.287,1,3,0,0,0,0,E5,8,0D,0A,0D,0,0,0,0,52
11248,2026-05-21 11:22:17.494,0,0,0,1,3,0,0,0,0,E5,8,0D,0A,0D,0,0
11249,2026-05-21 11:22:17.503,0,0,52,0,0,0,1,3,0,0,0,0,E3,8,0D,0A
11250,2026-05-21 11:22:17.707,0D,0,0,0,0,52,0,0,0,1,3,0,0,0,0,E5
11251,2026-05-21 11:22:17.917,8,0D,0A,0D,0,0,0,0,54,0,0,0,1,3,0,0
11252,2026-05-21 11:22:18.122,0,0,E5,8,0D,0A,0D,0,0,0,0,53,0,0,0,1
11253,2026-05-21 11:22:18.339,3,0,0,0,0,E5,8,0D,0A,0D,0,0,0,0,54,0
11254,2026-05-21 11:22:18.543,0,0,1,3,0,0,0,0,E5,8,0D,0A,0D,0,0,0
11255,2026-05-21 11:22:18.747,0,52,0,0,0,1,3,0,0,0,0,E5,8,0D,0A,0D
11256,2026-05-21 11:22:18.767,0,0,0,0,53,0,0,0,1,3,0,0,0,0,E5,8
11257,2026-05-21 11:22:18.971,0D,0A,0D,0,0,0,0,52,0,0,0,1,3,0,0,0
11258,2026-05-21 11:22:19.174,0,E7,8,0D,0A,0D,0,0,0,0,54,0,0,0,1,3
11259,2026-05-21 11:22:19.390,0,0,0,0,E5,8,0D,0A,0D,0,0,0,0,53,0,0
11260,2026-05-21 11:22:19.600,0,1,3,0,0,0,0,E5,8,0D,0A,0D,0,0,0,0
11261,2026-05-21 11:22:19.798,54,0,0,0,1,3,0,0,0,0,E5,8,0D,0A,0D,0
11262,2026-05-21 11:22:19.816,0,0,0,53,0,0,0,1,3,0,0,0,0,E3,8,0D
11263,2026-05-21 11:22:20.018,0A,0D,0,0,0,0,54,0,0,0,1,3,0,0,0,0
11264,2026-05-21 11:22:20.234,E3,8,0D,0A,0D,0,0,0,0,53,0,0,0,1,3,0
11265,2026-05-21 11:22:20.443,0,0,0,E3,8,0D,0A,0D,0,0,0,0,54,0,0,0
11266,2026-05-21 11:22:20.645,1,3,0,0,0,0,E5,8,0D,0A,0D,0,0,0,0,53
11267,2026-05-21 11:22:20.861,0,0,0,1,3,0,0,0,0,E3,8,0D,0A,0D,0,0
11268,2026-05-21 11:22:20.874,0,0,54,0,0,0,1,3,0,0,0,0,E7,8,0D,0A
11269,2026-05-21 11:22:21.069,0D,0,0,0,0,52,0,0,0,1,3,0,0,0,0,E5
11270,2026-05-21 11:22:21.287,8,0D,0A,0D,0,0,0,0,52,0,0,0,1,3,0,0
11271,2026-05-21 11:22:21.496,0,0,E5,8,0D,0A,0D,0,0,0,0,52,0,0,0,1
11272,2026-05-21 11:22:21.704,3,0,0,0,0,E5,8,0D,0A,0D,0,0,0,0,52,0
11273,2026-05-21 11:22:21.911,0,0,1,3,0,0,0,0,E3,8,0D,0A,0D,0,0,0
11274,2026-05-21 11:22:22.107,0,53,0,0,0,1,3,0,0,0,0,E3,8,0D,0A,0D
11275,2026-05-21 11:22:22.133,0,0,0,0,53,0,0,0,1,3,0,0,0,0,E5,8
11276,2026-05-21 11:22:22.326,0D,0A,0D,0,0,0,0,52,0,0,0,1,3,0,0,0
11277,2026-05-21 11:22:22.539,0,E3,8,0D,0A,0D,0,0,0,0,52,0,0,0,1,3
11278,2026-05-21 11:22:22.743,0,0,0,0,E5,8,0D,0A,0D,0,0,0,0,52,0,0
11279,2026-05-21 11:22:22.962,0,1,3,0,0,0,0,E3,8,0D,0A,0D,0,0,0,0
11280,2026-05-21 11:22:23.169,53,0,0,0,1,3,0,0,0,0,E5,8,0D,0A,0D,0
11281,2026-05-21 11:22:23.181,0,0,0,53,0,0,0,1,3,0,0,0,0,E5,8,0D
11282,2026-05-21 11:22:23.390,0A,0D,0,0,0,0,53,0,0,0,1,3,0,0,0,0
11283,2026-05-21 11:22:23.598,E5,8,0D,0A,0D,0,0,0,0,52,0,0,0,1,3,0
11284,2026-05-21 11:22:23.808,0,0,0,E5,8,0D,0A,0D,0,0,0,0,52,0,0,0
11285,2026-05-21 11:22:24.016,1,3,0,0,0,0,E5,8,0D,0A,0D,0,0,0,0,52
11286,2026-05-21 11:22:24.224,0,0,0,1,3,0,0,0,0,E3,8,0D,0A,0D,0,0
11287,2026-05-21 11:22:24.232,0,0,53,0,0,0,1,3,0,0,0,0,E5,8,0D,0A
11288,2026-05-21 11:22:24.442,0D,0,0,0,0,53,0,0,0,1,3,0,0,0,0,E5
11289,2026-05-21 11:22:24.651,8,0D,0A,0D,0,0,0,0,53,0,0,0,1,3,0,0
11290,2026-05-21 11:22:24.859,0,0,E3,8,0D,0A,0D,0,0,0,0,53,0,0,0,1
11291,2026-05-21 11:22:25.064,3,0,0,0,0,E3,8,0D,0A,0D,0,0,0,0,52,0
11292,2026-05-21 11:22:25.277,0,0,1,3,0,0,0,0,E3,8,0D,0A,0D,0,0,0
11293,2026-05-21 11:22:25.472,0,53,0,0,0,1,3,0,0,0,0,E5,8,0D,0A,0D
11294,2026-05-21 11:22:25.496,0,0,0,0,54,0,0,0,1,3,0,0,0,0,E3,8
11295,2026-05-21 11:22:25.703,0D,0A,0D,0,0,0,0,54,0,0,0,1,3,0,0,0
11296,2026-05-21 11:22:25.912,0,E7,8,0D,0A,0D,0,0,0,0,53,0,0,0,1,3
11297,2026-05-21 11:22:26.107,0,0,0,0,E5,8,0D,0A,0D,0,0,0,0,54,0,0
11298,2026-05-21 11:22:26.329,0,1,3,0,0,0,0,E5,8,0D,0A,0D,0,0,0,0
11299,2026-05-21 11:22:26.534,52,0,0,0,1,3,0,0,0,0,E3,8,0D,0A,0D,0
11300,2026-05-21 11:22:26.548,0,0,0,54,0,0,0,1,3,0,0,0,0,E3,8,0D
11301,2026-05-21 11:22:26.755,0A,0D,0,0,0,0,54,0,0,0,1,3,0,0,0,0
11302,2026-05-21 11:22:26.954,E5,8,0D,0A,0D,0,0,0,0,54,0,0,0,1,3,0
11303,2026-05-21 11:22:27.171,0,0,0,E5,8,0D,0A,0D,0,0,0,0,53,0,0,0
11304,2026-05-21 11:22:27.369,1,3,0,0,0,0,E5,8,0D,0A,0D,0,0,0,0,53
11305,2026-05-21 11:22:27.588,0,0,0,1,3,0,0,0,0,E5,8,0D,0A,0D,0,0
11306,2026-05-21 11:22:27.601,0,0,53,0,0,0,1,3,0,0,0,0,E5,8,0D,0A
11307,2026-05-21 11:22:27.807,0D,0,0,0,0,53,0,0,0,1,3,0,0,0,0,E5
11308,2026-05-21 11:22:28.013,8,0D,0A,0D,0,0,0,0,52,0,0,0,1,3,0,0
11309,2026-05-21 11:22:28.215,0,0,E5,8,0D,0A,0D,0,0,0,0,52,0,0,0,1
11310,2026-05-21 11:22:28.433,3,0,0,0,0,E5,8,0D,0A,0D,0,0,0,0,52,0
11311,2026-05-21 11:22:28.652,0,0,1,3,0,0,0,0,E5,8,0D,0A,0D,0,0,0
11312,2026-05-21 11:22:28.844,0,51,0,0,0,1,3,0,0,0,0,E5,8,0D,0A,0D
11313,2026-05-21 11:22:28.862,0,0,0,0,51,0,0,0,1,3,0,0,0,0,E5,8
11314,2026-05-21 11:22:29.053,0D,0A,0D,0,0,0,0,51,0,0,0,1,3,0,0,0
11315,2026-05-21 11:22:29.276,0,E3,8,0D,0A,0D,0,0,0,0,52,0,0,0,1,3
11316,2026-05-21 11:22:29.483,0,0,0,0,E3,8,0D,0A,0D,0,0,0,0,52,0,0
11317,2026-05-21 11:22:29.694,0,1,3,0,0,0,0,E3,8,0D,0A,0D,0,0,0,0
11318,2026-05-21 11:22:29.894,52,0,0,0,1,3,0,0,0,0,E5,8,0D,0A,0D,0
11319,2026-05-21 11:22:29.907,0,0,0,52,0,0,0,1,3,0,0,0,0,E3,8,0D
11320,2026-05-21 11:22:30.107,0A,0D,0,0,0,0,52,0,0,0,1,3,0,0,0,0
11321,2026-05-21 11:22:30.326,E3,8,0D,0A,0D,0,0,0,0,52,0,0,0,1,3,0
11322,2026-05-21 11:22:30.536,0,0,0,E5,8,0D,0A,0D,0,0,0,0,52,0,0,0
11323,2026-05-21 11:22:30.740,1,3,0,0,0,0,E7,8,0D,0A,0D,0,0,0,0,52
11324,2026-05-21 11:22:30.941,0,0,0,1,3,0,0,0,0,E5,8,0D,0A,0D,0,0
11325,2026-05-21 11:22:30.959,0,0,53,0,0,0,1,3,0,0,0,0,E5,8,0D,0A
11326,2026-05-21 11:22:31.161,0D,0,0,0,0,52,0,0,0,1,3,0,0,0,0,E5
11327,2026-05-21 11:22:31.366,8,0D,0A,0D,0,0,0,0,53,0,0,0,1,3,0,0
11328,2026-05-21 11:22:31.585,0,0,E5,8,0D,0A,0D,0,0,0,0,52,0,0,0,1
11329,2026-05-21 11:22:31.796,3,0,0,0,0,E3,8,0D,0A,0D,0,0,0,0,53,0
11330,2026-05-21 11:22:32.008,0,0,1,3,0,0,0,0,E5,8,0D,0A,0D,0,0,0
11331,2026-05-21 11:22:32.212,0,52,0,0,0,1,3,0,0,0,0,E3,8,0D,0A,0D
11332,2026-05-21 11:22:32.228,0,0,0,0,54,0,0,0,1,3,0,0,0,0,E5,8
11333,2026-05-21 11:22:32.431,0D,0A,0D,0,0,0,0,52,0,0,0,1,3,0,0,0
11334,2026-05-21 11:22:32.636,0,E3,8,0D,0A,0D,0,0,0,0,53,0,0,0,1,3
11335,2026-05-21 11:22:32.845,0,0,0,0,E5,8,0D,0A,0D,0,0,0,0,52,0,0
11336,2026-05-21 11:22:33.059,0,1,3,0,0,0,0,E3,8,0D,0A,0D,0,0,0,0
11337,2026-05-21 11:22:33.261,53,0,0,0,1,3,0,0,0,0,E3,8,0D,0A,0D,0
11338,2026-05-21 11:22:33.281,0,0,0,52,0,0,0,1,3,0,0,0,0,E3,8,0D
11339,2026-05-21 11:22:33.479,0A,0D,0,0,0,0,53,0,0,0,1,3,0,0,0,0
11340,2026-05-21 11:22:33.694,E3,8,0D,0A,0D,0,0,0,0,52,0,0,0,1,3,0
11341,2026-05-21 11:22:33.898,0,0,0,E3,8,0D,0A,0D,0,0,0,0,52,0,0,0
11342,2026-05-21 11:22:34.111,1,3,0,0,0,0,E3,8,0D,0A,0D,0,0,0,0,51
11343,2026-05-21 11:22:34.313,0,0,0,1,3,0,0,0,0,E3,8,0D,0A,0D,0,0
11344,2026-05-21 11:22:34.329,0,0,52,0,0,0,1,3,0,0,0,0,E5,8,0D,0A
11345,2026-05-21 11:22:34.532,0D,0,0,0,0,52,0,0,0,1,3,0,0,0,0,E5
11346,2026-05-21 11:22:34.736,8,0D,0A,0D,0,0,0,0,52,0,0,0,1,3,0,0
11347,2026-05-21 11:22:34.941,0,0,E5,8,0D,0A,0D,0,0,0,0,52,0,0,0,1
11348,2026-05-21 11:22:35.164,3,0,0,0,0,E5,8,0D,0A,0D,0,0,0,0,51,0
11349,2026-05-21 11:22:35.363,0,0,1,3,0,0,0,0,E5,8,0D,0A,0D,0,0,0
11350,2026-05-21 11:22:35.567,0,51,0,0,0,1,3,0,0,0,0,E5,8,0D,0A,0D
11351,2026-05-21 11:22:35.594,0,0,0,0,51,0,0,0,1,3,0,0,0,0,E5,8
11352,2026-05-21 11:22:35.787,0D,0A,0D,0,0,0,0,51,0,0,0,1,3,0,0,0
11353,2026-05-21 11:22:36.000,0,E5,8,0D,0A,0D,0,0,0,0,52,0,0,0,1,3
11354,2026-05-21 11:22:36.215,0,0,0,0,E3,8,0D,0A,0D,0,0,0,0,52,0,0
11355,2026-05-21 11:22:36.413,0,1,3,0,0,0,0,E5,8,0D,0A,0D,0,0,0,0
11356,2026-05-21 11:22:36.617,52,0,0,0,1,3,0,0,0,0,E3,8,0D,0A,0D,0
11357,2026-05-21 11:22:36.642,0,0,0,52,0,0,0,1,3,0,0,0,0,E3,8,0D
11358,2026-05-21 11:22:36.845,0A,0D,0,0,0,0,52,0,0,0,1,3,0,0,0,0
11359,2026-05-21 11:22:37.055,E5,8,0D,0A,0D,0,0,0,0,52,0,0,0,1,3,0
11360,2026-05-21 11:22:37.268,0,0,0,E3,8,0D,0A,0D,0,0,0,0,52,0,0,0
11361,2026-05-21 11:22:37.475,1,3,0,0,0,0,E3,8,0D,0A,0D,0,0,0,0,52
11362,2026-05-21 11:22:37.684,0,0,0,1,3,0,0,0,0,E5,8,0D,0A,0D,0,0
11363,2026-05-21 11:22:37.697,0,0,51,0,0,0,1,3,0,0,0,0,E5,8,0D,0A
11364,2026-05-21 11:22:37.901,0D,0,0,0,0,52,0,0,0,1,3,0,0,0,0,E5
11365,2026-05-21 11:22:38.110,8,0D,0A,0D,0,0,0,0,51,0,0,0,1,3,0,0
11366,2026-05-21 11:22:38.305,0,0,E5,8,0D,0A,0D,0,0,0,0,52,0,0,0,1
11367,2026-05-21 11:22:38.528,3,0,0,0,0,E5,8,0D,0A,0D,0,0,0,0,52,0
11368,2026-05-21 11:22:38.735,0,0,1,3,0,0,0,0,E5,8,0D,0A,0D,0,0,0
11369,2026-05-21 11:22:38.945,0,52,0,0,0,1,3,0,0,0,0,E5,8,0D,0A,0D
11370,2026-05-21 11:22:38.956,0,0,0,0,51,0,0,0,1,3,0,0,0,0,E5,8
11371,2026-05-21 11:22:39.158,0D,0A,0D,0,0,0,0,52,0,0,0,1,3,0,0,0
11372,2026-05-21 11:22:39.391,0,E5,8,0D,0A,0D,0,0,0,0,52,0,0,0,1,3
11373,2026-05-21 11:22:39.569,0,0,0,0,E5,8,0D,0A,0D,0,0,0,0,54,0,0
11374,2026-05-21 11:22:39.788,0,1,3,0,0,0,0,E3,8,0D,0A,0D,0,0,0,0
11375,2026-05-21 11:22:39.984,53,0,0,0,1,3,0,0,0,0,E5,8,0D,0A,0D,0
11376,2026-05-21 11:22:40.006,0,0,0,52,0,0,0,1,3,0,0,0,0,E3,8,0D
11377,2026-05-21 11:22:40.214,0A,0D,0,0,0,0,53,0,0,0,1,3,0,0,0,0
11378,2026-05-21 11:22:40.422,E5,8,0D,0A,0D,0,0,0,0,53,0,0,0,1,3,0
11379,2026-05-21 11:22:40.632,0,0,0,E3,8,0D,0A,0D,0,0,0,0,52,0,0,0
11380,2026-05-21 11:22:40.841,1,3,0,0,0,0,E5,8,0D,0A,0D,0,0,0,0,55
11381,2026-05-21 11:22:41.062,0,0,0,1,3,0,0,0,0,E5,8,0D,0A,0D,0,0
11382,2026-05-21 11:22:41.078,0,0,56,0,0,0,1,3,0,0,0,0,E5,8,0D,0A
11383,2026-05-21 11:22:41.267,0D,0,0,0,0,55,0,0,0,1,3,0,0,0,0,E5
11384,2026-05-21 11:22:41.475,8,0D,0A,0D,0,0,0,0,54,0,0,0,1,3,0,0
11385,2026-05-21 11:22:41.683,0,0,E3,8,0D,0A,0D,0,0,0,0,56,0,0,0,1
11386,2026-05-21 11:22:41.885,3,0,0,0,0,E3,8,0D,0A,0D,0,0,0,0,56,0
11387,2026-05-21 11:22:42.101,0,0,1,3,0,0,0,0,E3,8,0D,0A,0D,0,0,0
11388,2026-05-21 11:22:42.305,0,57,0,0,0,1,3,0,0,0,0,E5,8,0D,0A,0D
11389,2026-05-21 11:22:42.310,0,0,0,0,57,0,0,0,1,3,0,0,0,0,E3,8
11390,2026-05-21 11:22:42.525,0D,0A,0D,0,0,0,0,56,0,0,0,1,3,0,0,0
11391,2026-05-21 11:22:42.736,0,E5,8,0D,0A,0D,0,0,0,0,55,0,0,0,1,3
11392,2026-05-21 11:22:42.939,0,0,0,0,E5,8,0D,0A,0D,0,0,0,0,54,0,0
11393,2026-05-21 11:22:43.141,0,1,3,0,0,0,0,E5,8,0D,0A,0D,0,0,0,0
11394,2026-05-21 11:22:43.354,56,0,0,0,1,3,0,0,0,0,E5,8,0D,0A,0D,0
11395,2026-05-21 11:22:43.372,0,0,0,57,0,0,0,1,3,0,0,0,0,E3,8,0D
11396,2026-05-21 11:22:43.568,0A,0D,0,0,0,0,57,0,0,0,1,3,0,0,0,0
11397,2026-05-21 11:22:43.788,E3,8,0D,0A,0D,0,0,0,0,57,0,0,0,1,3,0
11398,2026-05-21 11:22:43.987,0,0,0,E5,8,0D,0A,0D,0,0,0,0,56,0,0,0
11399,2026-05-21 11:22:44.204,1,3,0,0,0,0,E5,8,0D,0A,0D,0,0,0,0,57
11400,2026-05-21 11:22:44.415,0,0,0,1,3,0,0,0,0,E3,8,0D,0A,0D,0,0
11401,2026-05-21 11:22:44.432,0,0,58,0,0,0,1,3,0,0,0,0,E5,8,0D,0A
11402,2026-05-21 11:22:44.624,0D,0,0,0,0,58,0,0,0,1,3,0,0,0,0,E3
11403,2026-05-21 11:22:44.834,8,0D,0A,0D,0,0,0,0,58,0,0,0,1,3,0,0
11404,2026-05-21 11:22:45.036,0,0,E5,8,0D,0A,0D,0,0,0,0,58,0,0,0,1
11405,2026-05-21 11:22:45.258,3,0,0,0,0,E5,8,0D,0A,0D,0,0,0,0,58,0
11406,2026-05-21 11:22:45.465,0,0,1,3,0,0,0,0,E3,8,0D,0A,0D,0,0,0
11407,2026-05-21 11:22:45.674,0,56,0,0,0,1,3,0,0,0,0,E5,8,0D,0A,0D
11408,2026-05-21 11:22:45.684,0,0,0,0,57,0,0,0,1,3,0,0,0,0,E5,8
11409,2026-05-21 11:22:45.892,0D,0A,0D,0,0,0,0,57,0,0,0,1,3,0,0,0
11410,2026-05-21 11:22:46.101,0,E5,8,0D,0A,0D,0,0,0,0,58,0,0,0,1,3
11411,2026-05-21 11:22:46.307,0,0,0,0,E3,8,0D,0A,0D,0,0,0,0,57,0,0
11412,2026-05-21 11:22:46.518,0,1,3,0,0,0,0,E5,8,0D,0A,0D,0,0,0,0
11413,2026-05-21 11:22:46.724,57,0,0,0,1,3,0,0,0,0,E3,8,0D,0A,0D,0
11414,2026-05-21 11:22:46.737,0,0,0,56,0,0,0,1,3,0,0,0,0,E7,8,0D
11415,2026-05-21 11:22:46.936,0A,0D,0,0,0,0,56,0,0,0,1,3,0,0,0,0
11416,2026-05-21 11:22:47.152,E5,8,0D,0A,0D,0,0,0,0,56,0,0,0,1,3,0
11417,2026-05-21 11:22:47.353,0,0,0,E5,8,0D,0A,0D,0,0,0,0,56,0,0,0
11418,2026-05-21 11:22:47.570,1,3,0,0,0,0,E5,8,0D,0A,0D,0,0,0,0,56
11419,2026-05-21 11:22:47.778,0,0,0,1,3,0,0,0,0,E5,8,0D,0A,0D,0,0
11420,2026-05-21 11:22:47.788,0,0,56,0,0,0,1,3,0,0,0,0,E5,8,0D,0A
11421,2026-05-21 11:22:47.991,0D,0,0,0,0,56,0,0,0,1,3,0,0,0,0,E5
11422,2026-05-21 11:22:48.203,8,0D,0A,0D,0,0,0,0,56,0,0,0,1,3,0,0
11423,2026-05-21 11:22:48.410,0,0,E3,8,0D,0A,0D,0,0,0,0,56,0,0,0,1
11424,2026-05-21 11:22:48.620,3,0,0,0,0,E5,8,0D,0A,0D,0,0,0,0,56,0
11425,2026-05-21 11:22:48.824,0,0,1,3,0,0,0,0,E5,8,0D,0A,0D,0,0,0
11426,2026-05-21 11:22:49.039,0,56,0,0,0,1,3,0,0,0,0,E3,8,0D,0A,0D
11427,2026-05-21 11:22:49.051,0,0,0,0,56,0,0,0,1,3,0,0,0,0,E5,8
11428,2026-05-21 11:22:49.246,0D,0A,0D,0,0,0,0,56,0,0,0,1,3,0,0,0
11429,2026-05-21 11:22:49.459,0,E5,8,0D,0A,0D,0,0,0,0,56,0,0,0,1,3
11430,2026-05-21 11:22:49.663,0,0,0,0,E5,8,0D,0A,0D,0,0,0,0,56,0,0
11431,2026-05-21 11:22:49.882,0,1,3,0,0,0,0,E5,8,0D,0A,0D,0,0,0,0
11432,2026-05-21 11:22:50.091,56,0,0,0,1,3,0,0,0,0,E5,8,0D,0A,0D,0
11433,2026-05-21 11:22:50.106,0,0,0,56,0,0,0,1,3,0,0,0,0,E5,8,0D
11434,2026-05-21 11:22:50.307,0A,0D,0,0,0,0,56,0,0,0,1,3,0,0,0,0
11435,2026-05-21 11:22:50.518,E3,8,0D,0A,0D,0,0,0,0,56,0,0,0,1,3,0
11436,2026-05-21 11:22:50.726,0,0,0,E5,8,0D,0A,0D,0,0,0,0,56,0,0,0
11437,2026-05-21 11:22:50.935,1,3,0,0,0,0,E3,8,0D,0A,0D,0,0,0,0,56
11438,2026-05-21 11:22:51.144,0,0,0,1,3,0,0,0,0,E3,8,0D,0A,0D,0,0
11439,2026-05-21 11:22:51.152,0,0,56,0,0,0,1,3,0,0,0,0,E3,8,0D,0A
11440,2026-05-21 11:22:51.359,0D,0,0,0,0,57,0,0,0,1,3,0,0,0,0,E3
11441,2026-05-21 11:22:51.572,8,0D,0A,0D,0,0,0,0,56,0,0,0,1,3,0,0
11442,2026-05-21 11:22:51.776,0,0,E5,8,0D,0A,0D,0,0,0,0,56,0,0,0,1
11443,2026-05-21 11:22:51.986,3,0,0,0,0,E3,8,0D,0A,0D,0,0,0,0,56,0
11444,2026-05-21 11:22:52.196,0,0,1,3,0,0,0,0,E5,8,0D,0A,0D,0,0,0
11445,2026-05-21 11:22:52.404,0,56,0,0,0,1,3,0,0,0,0,E5,8,0D,0A,0D
11446,2026-05-21 11:22:52.415,0,0,0,0,56,0,0,0,1,3,0,0,0,0,E5,8
11447,2026-05-21 11:22:52.613,0D,0A,0D,0,0,0,0,56,0,0,0,1,3,0,0,0
11448,2026-05-21 11:22:52.826,0,E3,8,0D,0A,0D,0,0,0,0,56,0,0,0,1,3
11449,2026-05-21 11:22:53.039,0,0,0,0,E5,8,0D,0A,0D,0,0,0,0,56,0,0
11450,2026-05-21 11:22:53.248,0,1,3,0,0,0,0,E3,8,0D,0A,0D,0,0,0,0
11451,2026-05-21 11:22:53.455,55,0,0,0,1,3,0,0,0,0,E5,8,0D,0A,0D,0
11452,2026-05-21 11:22:53.467,0,0,0,55,0,0,0,1,3,0,0,0,0,E5,8,0D
11453,2026-05-21 11:22:53.662,0A,0D,0,0,0,0,56,0,0,0,1,3,0,0,0,0
11454,2026-05-21 11:22:53.883,E5,8,0D,0A,0D,0,0,0,0,56,0,0,0,1,3,0
11455,2026-05-21 11:22:54.092,0,0,0,E5,8,0D,0A,0D,0,0,0,0,56,0,0,0
11456,2026-05-21 11:22:54.295,1,3,0,0,0,0,E3,8,0D,0A,0D,0,0,0,0,56
11457,2026-05-21 11:22:54.504,0,0,0,1,3,0,0,0,0,E3,8,0D,0A,0D,0,0
11458,2026-05-21 11:22:54.519,0,0,56,0,0,0,1,3,0,0,0,0,E5,8,0D,0A
11459,2026-05-21 11:22:54.726,0D,0,0,0,0,56,0,0,0,1,3,0,0,0,0,E3
11460,2026-05-21 11:22:54.926,8,0D,0A,0D,0,0,0,0,56,0,0,0,1,3,0,0
11461,2026-05-21 11:22:55.139,0,0,E3,8,0D,0A,0D,0,0,0,0,56,0,0,0,1
11462,2026-05-21 11:22:55.352,3,0,0,0,0,E5,8,0D,0A,0D,0,0,0,0,56,0
11463,2026-05-21 11:22:55.558,0,0,1,3,0,0,0,0,E5,8,0D,0A,0D,0,0,0
11464,2026-05-21 11:22:55.770,0,56,0,0,0,1,3,0,0,0,0,E5,8,0D,0A,0D
11465,2026-05-21 11:22:55.770,0,0,0,0,56,0,0,0,1,3,0,0,0,0,E5,8
11466,2026-05-21 11:22:55.981,0D,0A,0D,0,0,0,0,56,0,0,0,1,3,0,0,0
11467,2026-05-21 11:22:56.195,0,E5,8,0D,0A,0D,0,0,0,0,58,0,0,0,1,3
11468,2026-05-21 11:22:56.391,0,0,0,0,E3,8,0D,0A,0D,0,0,0,0,57,0,0
11469,2026-05-21 11:22:56.613,0,1,3,0,0,0,0,E3,8,0D,0A,0D,0,0,0,0
11470,2026-05-21 11:22:56.821,57,0,0,0,1,3,0,0,0,0,E5,8,0D,0A,0D,0
11471,2026-05-21 11:22:56.836,0,0,0,56,0,0,0,1,3,0,0,0,0,E5,8,0D
11472,2026-05-21 11:22:57.039,0A,0D,0,0,0,0,57,0,0,0,1,3,0,0,0,0
11473,2026-05-21 11:22:57.245,E5,8,0D,0A,0D,0,0,0,0,56,0,0,0,1,3,0
11474,2026-05-21 11:22:57.453,0,0,0,E5,8,0D,0A,0D,0,0,0,0,57,0,0,0
11475,2026-05-21 11:22:57.661,1,3,0,0,0,0,E5,8,0D,0A,0D,0,0,0,0,56
11476,2026-05-21 11:22:57.872,0,0,0,1,3,0,0,0,0,E5,8,0D,0A,0D,0,0
11477,2026-05-21 11:22:57.872,0,0,56,0,0,0,1,3,0,0,0,0,E5,8,0D,0A
11478,2026-05-21 11:22:58.090,0D,0,0,0,0,55,0,0,0,1,3,0,0,0,0,E5
11479,2026-05-21 11:22:58.300,8,0D,0A,0D,0,0,0,0,54,0,0,0,1,3,0,0
11480,2026-05-21 11:22:58.505,0,0,E5,8,0D,0A,0D,0,0,0,0,51,0,0,0,1
11481,2026-05-21 11:22:58.710,3,0,0,0,0,E5,8,0D,0A,0D,0,0,0,0,51,0
11482,2026-05-21 11:22:58.921,0,0,1,3,0,0,0,0,E3,8,0D,0A,0D,0,0,0
11483,2026-05-21 11:22:59.125,0,52,0,0,0,1,3,0,0,0,0,E5,8,0D,0A,0D
11484,2026-05-21 11:22:59.143,0,0,0,0,54,0,0,0,1,3,0,0,0,0,E3,8
11485,2026-05-21 11:22:59.342,0D,0A,0D,0,0,0,0,54,0,0,0,1,3,0,0,0
11486,2026-05-21 11:22:59.558,0,E5,8,0D,0A,0D,0,0,0,0,54,0,0,0,1,3
11487,2026-05-21 11:22:59.768,0,0,0,0,E3,8,0D,0A,0D,0,0,0,0,54,0,0
11488,2026-05-21 11:22:59.970,0,1,3,0,0,0,0,E5,8,0D,0A,0D,0,0,0,0
11489,2026-05-21 11:23:00.185,54,0,0,0,1,3,0,0,0,0,E3,8,0D,0A,0D,0
11490,2026-05-21 11:23:00.198,0,0,0,55,0,0,0,1,3,0,0,0,0,E5,8,0D
11491,2026-05-21 11:23:00.413,0A,0D,0,0,0,0,56,0,0,0,1,3,0,0,0,0
11492,2026-05-21 11:23:00.611,E3,8,0D,0A,0D,0,0,0,0,55,0,0,0,1,3,0
11493,2026-05-21 11:23:00.820,0,0,0,E5,8,0D,0A,0D,0,0,0,0,55,0,0,0
11494,2026-05-21 11:23:01.022,1,3,0,0,0,0,E5,8,0D,0A,0D,0,0,0,0,55
11495,2026-05-21 11:23:01.236,0,0,0,1,3,0,0,0,0,E3,8,0D,0A,0D,0,0
11496,2026-05-21 11:23:01.259,0,0,54,0,0,0,1,3,0,0,0,0,E3,8,0D,0A
11497,2026-05-21 11:23:01.455,0D,0,0,0,0,56,0,0,0,1,3,0,0,0,0,E3
11498,2026-05-21 11:23:01.663,8,0D,0A,0D,0,0,0,0,56,0,0,0,1,3,0,0
11499,2026-05-21 11:23:01.880,0,0,E5,8,0D,0A,0D,0,0,0,0,56,0,0,0,1
11500,2026-05-21 11:23:02.082,3,0,0,0,0,E5,8,0D,0A,0D,0,0,0,0,55,0
11501,2026-05-21 11:23:02.298,0,0,1,3,0,0,0,0,E5,8,0D,0A,0D,0,0,0
11502,2026-05-21 11:23:02.521,0,55,0,0,0,1,3,0,0,0,0,E5,8,0D,0A,0D
11503,2026-05-21 11:23:02.539,0,0,0,0,55,0,0,0,1,3,0,0,0,0,E5,8
11504,2026-05-21 11:23:02.729,0D,0A,0D,0,0,0,0,56,0,0,0,1,3,0,0,0
11505,2026-05-21 11:23:02.935,0,E5,8,0D,0A,0D,0,0,0,0,56,0,0,0,1,3
11506,2026-05-21 11:23:03.132,0,0,0,0,E5,8,0D,0A,0D,0,0,0,0,56,0,0
11507,2026-05-21 11:23:03.342,0,1,3,0,0,0,0,E7,8,0D,0A,0D,0,0,0,0
11508,2026-05-21 11:23:03.549,55,0,0,0,1,3,0,0,0,0,E3,8,0D,0A,0D,0
11509,2026-05-21 11:23:03.560,0,0,0,55,0,0,0,1,3,0,0,0,0,E5,8,0D
11510,2026-05-21 11:23:03.765,0A,0D,0,0,0,0,54,0,0,0,1,3,0,0,0,0
11511,2026-05-21 11:23:03.968,E3,8,0D,0A,0D,0,0,0,0,55,0,0,0,1,3,0
11512,2026-05-21 11:23:04.174,0,0,0,E5,8,0D,0A,0D,0,0,0,0,55,0,0,0
11513,2026-05-21 11:23:04.389,1,3,0,0,0,0,E5,8,0D,0A,0D,0,0,0,0,55
11514,2026-05-21 11:23:04.587,0,0,0,1,3,0,0,0,0,E5,8,0D,0A,0D,0,0
11515,2026-05-21 11:23:04.614,0,0,54,0,0,0,1,3,0,0,0,0,E5,8,0D,0A
11516,2026-05-21 11:23:04.806,0D,0,0,0,0,54,0,0,0,1,3,0,0,0,0,E3
11517,2026-05-21 11:23:05.025,8,0D,0A,0D,0,0,0,0,54,0,0,0,1,3,0,0
11518,2026-05-21 11:23:05.262,0,0,E5,8,0D,0A,0D,0,0,0,0,56,0,0,0,1
11519,2026-05-21 11:23:05.462,3,0,0,0,0,E5,8,0D,0A,0D,0,0,0,0,56,0
11520,2026-05-21 11:23:05.678,0,0,1,3,0,0,0,0,E3,8,0D,0A,0D,0,0,0
11521,2026-05-21 11:23:05.880,0,56,0,0,0,1,3,0,0,0,0,E5,8,0D,0A,0D
11522,2026-05-21 11:23:05.901,0,0,0,0,55,0,0,0,1,3,0,0,0,0,E5,8
11523,2026-05-21 11:23:06.114,0D,0A,0D,0,0,0,0,54,0,0,0,1,3,0,0,0
11524,2026-05-21 11:23:06.280,0,E5,8,0D,0A,0D,0,0,0,0,55,0,0,0,1,3
11525,2026-05-21 11:23:06.510,0,0,0,0,E5,8,0D,0A,0D,0,0,0,0,56,0,0
11526,2026-05-21 11:23:06.722,0,1,3,0,0,0,0,E5,8,0D,0A,0D,0,0,0,0
11527,2026-05-21 11:23:06.915,56,0,0,0,1,3,0,0,0,0,E5,8,0D,0A,0D,0
11528,2026-05-21 11:23:06.928,0,0,0,56,0,0,0,1,3,0,0,0,0,E3,8,0D
11529,2026-05-21 11:23:07.134,0A,0D,0,0,0,0,55,0,0,0,1,3,0,0,0,0
11530,2026-05-21 11:23:07.342,E3,8,0D,0A,0D,0,0,0,0,55,0,0,0,1,3,0
11531,2026-05-21 11:23:07.544,0,0,0,E5,8,0D,0A,0D,0,0,0,0,55,0,0,0
11532,2026-05-21 11:23:07.758,1,3,0,0,0,0,E5,8,0D,0A,0D,0,0,0,0,56
11533,2026-05-21 11:23:07.967,0,0,0,1,3,0,0,0,0,E3,8,0D,0A,0D,0,0
11534,2026-05-21 11:23:07.979,0,0,56,0,0,0,1,3,0,0,0,0,E5,8,0D,0A
11535,2026-05-21 11:23:08.184,0D,0,0,0,0,56,0,0,0,1,3,0,0,0,0,E3
11536,2026-05-21 11:23:08.394,8,0D,0A,0D,0,0,0,0,56,0,0,0,1,3,0,0
11537,2026-05-21 11:23:08.602,0,0,E3,8,0D,0A,0D,0,0,0,0,55,0,0,0,1
11538,2026-05-21 11:23:08.800,3,0,0,0,0,E3,8,0D,0A,0D,0,0,0,0,55,0
11539,2026-05-21 11:23:09.018,0,0,1,3,0,0,0,0,E5,8,0D,0A,0D,0,0,0
11540,2026-05-21 11:23:09.222,0,56,0,0,0,1,3,0,0,0,0,E3,8,0D,0A,0D
11541,2026-05-21 11:23:09.240,0,0,0,0,56,0,0,0,1,3,0,0,0,0,E5,8
11542,2026-05-21 11:23:09.438,0D,0A,0D,0,0,0,0,56,0,0,0,1,3,0,0,0
11543,2026-05-21 11:23:09.646,0,E3,8,0D,0A,0D,0,0,0,0,55,0,0,0,1,3
11544,2026-05-21 11:23:09.863,0,0,0,0,E5,8,0D,0A,0D,0,0,0,0,55,0,0
11545,2026-05-21 11:23:10.072,0,1,3,0,0,0,0,E5,8,0D,0A,0D,0,0,0,0
11546,2026-05-21 11:23:10.286,55,0,0,0,1,3,0,0,0,0,E3,8,0D,0A,0D,0
11547,2026-05-21 11:23:10.295,0,0,0,56,0,0,0,1,3,0,0,0,0,E5,8,0D
11548,2026-05-21 11:23:10.491,0A,0D,0,0,0,0,56,0,0,0,1,3,0,0,0,0
11549,2026-05-21 11:23:10.702,E3,8,0D,0A,0D,0,0,0,0,56,0,0,0,1,3,0
11550,2026-05-21 11:23:10.916,0,0,0,E5,8,0D,0A,0D,0,0,0,0,55,0,0,0
11551,2026-05-21 11:23:11.124,1,3,0,0,0,0,E5,8,0D,0A,0D,0,0,0,0,55
11552,2026-05-21 11:23:11.332,0,0,0,1,3,0,0,0,0,E5,8,0D,0A,0D,0,0
11553,2026-05-21 11:23:11.340,0,0,54,0,0,0,1,3,0,0,0,0,E5,8,0D,0A
11554,2026-05-21 11:23:11.552,0D,0,0,0,0,56,0,0,0,1,3,0,0,0,0,E5
11555,2026-05-21 11:23:11.759,8,0D,0A,0D,0,0,0,0,56,0,0,0,1,3,0,0
11556,2026-05-21 11:23:11.968,0,0,E3,8,0D,0A,0D,0,0,0,0,56,0,0,0,1
11557,2026-05-21 11:23:12.177,3,0,0,0,0,E5,8,0D,0A,0D,0,0,0,0,55,0
11558,2026-05-21 11:23:12.405,0,0,1,3,0,0,0,0,E3,8,0D,0A,0D,0,0,0
11559,2026-05-21 11:23:12.602,0,55,0,0,0,1,3,0,0,0,0,E5,8,0D,0A,0D
11560,2026-05-21 11:23:12.620,0,0,0,0,54,0,0,0,1,3,0,0,0,0,E3,8
11561,2026-05-21 11:23:12.811,0D,0A,0D,0,0,0,0,56,0,0,0,1,3,0,0,0
11562,2026-05-21 11:23:13.014,0,E5,8,0D,0A,0D,0,0,0,0,56,0,0,0,1,3
11563,2026-05-21 11:23:13.229,0,0,0,0,E3,8,0D,0A,0D,0,0,0,0,56,0,0
11564,2026-05-21 11:23:13.435,0,1,3,0,0,0,0,E5,8,0D,0A,0D,0,0,0,0
11565,2026-05-21 11:23:13.646,55,0,0,0,1,3,0,0,0,0,E3,8,0D,0A,0D,0
11566,2026-05-21 11:23:13.658,0,0,0,56,0,0,0,1,3,0,0,0,0,E3,8,0D
11567,2026-05-21 11:23:13.863,0A,0D,0,0,0,0,55,0,0,0,1,3,0,0,0,0
11568,2026-05-21 11:23:14.071,E3,8,0D,0A,0D,0,0,0,0,56,0,0,0,1,3,0
11569,2026-05-21 11:23:14.281,0,0,0,E3,8,0D,0A,0D,0,0,0,0,56,0,0,0
11570,2026-05-21 11:23:14.489,1,3,0,0,0,0,E5,8,0D,0A,0D,0,0,0,0,56
11571,2026-05-21 11:23:14.696,0,0,0,1,3,0,0,0,0,E5,8,0D,0A,0D,0,0
11572,2026-05-21 11:23:14.707,0,0,55,0,0,0,1,3,0,0,0,0,E5,8,0D,0A
11573,2026-05-21 11:23:14.909,0D,0,0,0,0,55,0,0,0,1,3,0,0,0,0,E3
11574,2026-05-21 11:23:15.123,8,0D,0A,0D,0,0,0,0,55,0,0,0,1,3,0,0
11575,2026-05-21 11:23:15.332,0,0,E3,8,0D,0A,0D,0,0,0,0,56,0,0,0,1
11576,2026-05-21 11:23:15.542,3,0,0,0,0,E3,8,0D,0A,0D,0,0,0,0,55,0
11577,2026-05-21 11:23:15.746,0,0,1,3,0,0,0,0,E3,8,0D,0A,0D,0,0,0
11578,2026-05-21 11:23:15.959,0,55,0,0,0,1,3,0,0,0,0,E3,8,0D,0A,0D
11579,2026-05-21 11:23:15.965,0,0,0,0,55,0,0,0,1,3,0,0,0,0,E3,8
11580,2026-05-21 11:23:16.176,0D,0A,0D,0,0,0,0,55,0,0,0,1,3,0,0,0
11581,2026-05-21 11:23:16.375,0,E5,8,0D,0A,0D,0,0,0,0,54,0,0,0,1,3
11582,2026-05-21 11:23:16.589,0,0,0,0,E5,8,0D,0A,0D,0,0,0,0,54,0,0
11583,2026-05-21 11:23:16.793,0,1,3,0,0,0,0,E5,8,0D,0A,0D,0,0,0,0
11584,2026-05-21 11:23:17.011,56,0,0,0,1,3,0,0,0,0,E5,8,0D,0A,0D,0
11585,2026-05-21 11:23:17.025,0,0,0,55,0,0,0,1,3,0,0,0,0,E5,8,0D
11586,2026-05-21 11:23:17.216,0A,0D,0,0,0,0,55,0,0,0,1,3,0,0,0,0
11587,2026-05-21 11:23:17.436,E3,8,0D,0A,0D,0,0,0,0,54,0,0,0,1,3,0
11588,2026-05-21 11:23:17.646,0,0,0,E5,8,0D,0A,0D,0,0,0,0,55,0,0,0
11589,2026-05-21 11:23:17.849,1,3,0,0,0,0,E5,8,0D,0A,0D,0,0,0,0,54
11590,2026-05-21 11:23:18.062,0,0,0,1,3,0,0,0,0,E5,8,0D,0A,0D,0,0
11591,2026-05-21 11:23:18.078,0,0,56,0,0,0,1,3,0,0,0,0,E5,8,0D,0A
11592,2026-05-21 11:23:18.265,0D,0,0,0,0,56,0,0,0,1,3,0,0,0,0,E3
11593,2026-05-21 11:23:18.486,8,0D,0A,0D,0,0,0,0,56,0,0,0,1,3,0,0
11594,2026-05-21 11:23:18.695,0,0,E3,8,0D,0A,0D,0,0,0,0,55,0,0,0,1
11595,2026-05-21 11:23:18.894,3,0,0,0,0,E5,8,0D,0A,0D,0,0,0,0,55,0
11596,2026-05-21 11:23:19.114,0,0,1,3,0,0,0,0,E5,8,0D,0A,0D,0,0,0
11597,2026-05-21 11:23:19.316,0,55,0,0,0,1,3,0,0,0,0,E5,8,0D,0A,0D
11598,2026-05-21 11:23:19.332,0,0,0,0,56,0,0,0,1,3,0,0,0,0,E5,8
11599,2026-05-21 11:23:19.539,0D,0A,0D,0,0,0,0,56,0,0,0,1,3,0,0,0
11600,2026-05-21 11:23:19.740,0,E5,8,0D,0A,0D,0,0,0,0,56,0,0,0,1,3
11601,2026-05-21 11:23:19.944,0,0,0,0,E5,8,0D,0A,0D,0,0,0,0,55,0,0
11602,2026-05-21 11:23:20.163,0,1,3,0,0,0,0,E5,8,0D,0A,0D,0,0,0,0
11603,2026-05-21 11:23:20.367,55,0,0,0,1,3,0,0,0,0,E5,8,0D,0A,0D,0
11604,2026-05-21 11:23:20.383,0,0,0,55,0,0,0,1,3,0,0,0,0,E5,8,0D
11605,2026-05-21 11:23:20.587,0A,0D,0,0,0,0,56,0,0,0,1,3,0,0,0,0
11606,2026-05-21 11:23:20.796,E3,8,0D,0A,0D,0,0,0,0,56,0,0,0,1,3,0
11607,2026-05-21 11:23:21.010,0,0,0,E3,8,0D,0A,0D,0,0,0,0,56,0,0,0
11608,2026-05-21 11:23:21.206,1,3,0,0,0,0,E5,8,0D,0A,0D,0,0,0,0,55
11609,2026-05-21 11:23:21.417,0,0,0,1,3,0,0,0,0,E3,8,0D,0A,0D,0,0
11610,2026-05-21 11:23:21.435,0,0,55,0,0,0,1,3,0,0,0,0,E3,8,0D,0A
11611,2026-05-21 11:23:21.644,0D,0,0,0,0,55,0,0,0,1,3,0,0,0,0,E3
11612,2026-05-21 11:23:21.841,8,0D,0A,0D,0,0,0,0,56,0,0,0,1,3,0,0
11613,2026-05-21 11:23:22.062,0,0,E3,8,0D,0A,0D,0,0,0,0,56,0,0,0,1
11614,2026-05-21 11:23:22.264,3,0,0,0,0,E5,8,0D,0A,0D,0,0,0,0,56,0
11615,2026-05-21 11:23:22.469,0,0,1,3,0,0,0,0,E5,8,0D,0A,0D,0,0,0
11616,2026-05-21 11:23:22.688,0,55,0,0,0,1,3,0,0,0,0,E5,8,0D,0A,0D
11617,2026-05-21 11:23:22.696,0,0,0,0,55,0,0,0,1,3,0,0,0,0,E5,8
11618,2026-05-21 11:23:22.892,0D,0A,0D,0,0,0,0,55,0,0,0,1,3,0,0,0
11619,2026-05-21 11:23:23.112,0,E3,8,0D,0A,0D,0,0,0,0,56,0,0,0,1,3
11620,2026-05-21 11:23:23.316,0,0,0,0,E5,8,0D,0A,0D,0,0,0,0,56,0,0
11621,2026-05-21 11:23:23.519,0,1,3,0,0,0,0,E5,8,0D,0A,0D,0,0,0,0
11622,2026-05-21 11:23:23.739,55,0,0,0,1,3,0,0,0,0,E3,8,0D,0A,0D,0
11623,2026-05-21 11:23:23.751,0,0,0,55,0,0,0,1,3,0,0,0,0,E5,8,0D
11624,2026-05-21 11:23:23.943,0A,0D,0,0,0,0,54,0,0,0,1,3,0,0,0,0
11625,2026-05-21 11:23:24.162,E3,8,0D,0A,0D,0,0,0,0,54,0,0,0,1,3,0
11626,2026-05-21 11:23:24.366,0,0,0,E5,8,0D,0A,0D,0,0,0,0,54,0,0,0
11627,2026-05-21 11:23:24.569,1,3,0,0,0,0,E5,8,0D,0A,0D,0,0,0,0,55
11628,2026-05-21 11:23:24.788,0,0,0,1,3,0,0,0,0,E5,8,0D,0A,0D,0,0
11629,2026-05-21 11:23:24.806,0,0,54,0,0,0,1,3,0,0,0,0,E5,8,0D,0A
11630,2026-05-21 11:23:25.011,0D,0,0,0,0,54,0,0,0,1,3,0,0,0,0,E5
11631,2026-05-21 11:23:25.214,8,0D,0A,0D,0,0,0,0,54,0,0,0,1,3,0,0
11632,2026-05-21 11:23:25.419,0,0,E5,8,0D,0A,0D,0,0,0,0,54,0,0,0,1
11633,2026-05-21 11:23:25.636,3,0,0,0,0,E5,8,0D,0A,0D,0,0,0,0,55,0
11634,2026-05-21 11:23:25.844,0,0,1,3,0,0,0,0,E5,8,0D,0A,0D,0,0,0
11635,2026-05-21 11:23:26.046,0,56,0,0,0,1,3,0,0,0,0,E5,8,0D,0A,0D
11636,2026-05-21 11:23:26.064,0,0,0,0,55,0,0,0,1,3,0,0,0,0,E3,8
11637,2026-05-21 11:23:26.264,0D,0A,0D,0,0,0,0,55,0,0,0,1,3,0,0,0
11638,2026-05-21 11:23:26.468,0,E5,8,0D,0A,0D,0,0,0,0,54,0,0,0,1,3
11639,2026-05-21 11:23:26.686,0,0,0,0,E3,8,0D,0A,0D,0,0,0,0,54,0,0
11640,2026-05-21 11:23:26.890,0,1,3,0,0,0,0,E3,8,0D,0A,0D,0,0,0,0
11641,2026-05-21 11:23:27.105,55,0,0,0,1,3,0,0,0,0,E5,8,0D,0A,0D,0
11642,2026-05-21 11:23:27.110,0,0,0,54,0,0,0,1,3,0,0,0,0,E5,8,0D
11643,2026-05-21 11:23:27.314,0A,0D,0,0,0,0,55,0,0,0,1,3,0,0,0,0
11644,2026-05-21 11:23:27.519,E7,8,0D,0A,0D,0,0,0,0,55,0,0,0,1,3,0
11645,2026-05-21 11:23:27.738,0,0,0,E5,8,0D,0A,0D,0,0,0,0,54,0,0,0
11646,2026-05-21 11:23:27.946,1,3,0,0,0,0,E3,8,0D,0A,0D,0,0,0,0,54
11647,2026-05-21 11:23:28.157,0,0,0,1,3,0,0,0,0,E5,8,0D,0A,0D,0,0
11648,2026-05-21 11:23:28.165,0,0,55,0,0,0,1,3,0,0,0,0,E5,8,0D,0A
11649,2026-05-21 11:23:28.365,0D,0,0,0,0,55,0,0,0,1,3,0,0,0,0,E3
11650,2026-05-21 11:23:28.569,8,0D,0A,0D,0,0,0,0,55,0,0,0,1,3,0,0
11651,2026-05-21 11:23:28.789,0,0,E5,8,0D,0A,0D,0,0,0,0,55,0,0,0,1
11652,2026-05-21 11:23:28.992,3,0,0,0,0,E5,8,0D,0A,0D,0,0,0,0,54,0
11653,2026-05-21 11:23:29.209,0,0,1,3,0,0,0,0,E5,8,0D,0A,0D,0,0,0
11654,2026-05-21 11:23:29.418,0,54,0,0,0,1,3,0,0,0,0,E5,8,0D,0A,0D
11655,2026-05-21 11:23:29.426,0,0,0,0,55,0,0,0,1,3,0,0,0,0,E5,8
11656,2026-05-21 11:23:29.622,0D,0A,0D,0,0,0,0,55,0,0,0,1,3,0,0,0
11657,2026-05-21 11:23:29.839,0,E5,8,0D,0A,0D,0,0,0,0,55,0,0,0,1,3
11658,2026-05-21 11:23:30.048,0,0,0,0,E5,8,0D,0A,0D,0,0,0,0,55,0,0
11659,2026-05-21 11:23:30.261,0,1,3,0,0,0,0,E5,8,0D,0A,0D,0,0,0,0
11660,2026-05-21 11:23:30.465,55,0,0,0,1,3,0,0,0,0,E5,8,0D,0A,0D,0
11661,2026-05-21 11:23:30.485,0,0,0,55,0,0,0,1,3,0,0,0,0,E5,8,0D
11662,2026-05-21 11:23:30.685,0A,0D,0,0,0,0,55,0,0,0,1,3,0,0,0,0
11663,2026-05-21 11:23:30.890,E3,8,0D,0A,0D,0,0,0,0,56,0,0,0,1,3,0
11664,2026-05-21 11:23:31.102,0,0,0,E5,8,0D,0A,0D,0,0,0,0,56,0,0,0
11665,2026-05-21 11:23:31.313,1,3,0,0,0,0,E3,8,0D,0A,0D,0,0,0,0,55
11666,2026-05-21 11:23:31.519,0,0,0,1,3,0,0,0,0,E5,8,0D,0A,0D,0,0
11667,2026-05-21 11:23:31.537,0,0,55,0,0,0,1,3,0,0,0,0,E5,8,0D,0A
11668,2026-05-21 11:23:31.739,0D,0,0,0,0,55,0,0,0,1,3,0,0,0,0,E5
11669,2026-05-21 11:23:31.950,8,0D,0A,0D,0,0,0,0,56,0,0,0,1,3,0,0
11670,2026-05-21 11:23:32.156,0,0,E5,8,0D,0A,0D,0,0,0,0,56,0,0,0,1
11671,2026-05-21 11:23:32.366,3,0,0,0,0,E3,8,0D,0A,0D,0,0,0,0,56,0
11672,2026-05-21 11:23:32.575,0,0,1,3,0,0,0,0,E3,8,0D,0A,0D,0,0,0
11673,2026-05-21 11:23:32.784,0,56,0,0,0,1,3,0,0,0,0,E5,8,0D,0A,0D
11674,2026-05-21 11:23:32.797,0,0,0,0,55,0,0,0,1,3,0,0,0,0,E5,8
11675,2026-05-21 11:23:33.000,0D,0A,0D,0,0,0,0,55,0,0,0,1,3,0,0,0
11676,2026-05-21 11:23:33.209,0,E3,8,0D,0A,0D,0,0,0,0,55,0,0,0,1,3
11677,2026-05-21 11:23:33.418,0,0,0,0,E3,8,0D,0A,0D,0,0,0,0,56,0,0
11678,2026-05-21 11:23:33.626,0,1,3,0,0,0,0,E5,8,0D,0A,0D,0,0,0,0
11679,2026-05-21 11:23:33.834,56,0,0,0,1,3,0,0,0,0,E5,8,0D,0A,0D,0
11680,2026-05-21 11:23:33.851,0,0,0,56,0,0,0,1,3,0,0,0,0,E5,8,0D
11681,2026-05-21 11:23:34.052,0A,0D,0,0,0,0,55,0,0,0,1,3,0,0,0,0
11682,2026-05-21 11:23:34.265,E3,8,0D,0A,0D,0,0,0,0,55,0,0,0,1,3,0
11683,2026-05-21 11:23:34.481,0,0,0,E5,8,0D,0A,0D,0,0,0,0,55,0,0,0
11684,2026-05-21 11:23:34.687,1,3,0,0,0,0,E5,8,0D,0A,0D,0,0,0,0,56
11685,2026-05-21 11:23:34.887,0,0,0,1,3,0,0,0,0,E5,8,0D,0A,0D,0,0
11686,2026-05-21 11:23:34.899,0,0,56,0,0,0,1,3,0,0,0,0,E5,8,0D,0A
11687,2026-05-21 11:23:35.106,0D,0,0,0,0,56,0,0,0,1,3,0,0,0,0,E5
11688,2026-05-21 11:23:35.317,8,0D,0A,0D,0,0,0,0,55,0,0,0,1,3,0,0
11689,2026-05-21 11:23:35.527,0,0,E3,8,0D,0A,0D,0,0,0,0,55,0,0,0,1
11690,2026-05-21 11:23:35.730,3,0,0,0,0,E5,8,0D,0A,0D,0,0,0,0,55,0
11691,2026-05-21 11:23:35.939,0,0,1,3,0,0,0,0,E5,8,0D,0A,0D,0,0,0
11692,2026-05-21 11:23:36.148,0,56,0,0,0,1,3,0,0,0,0,E3,8,0D,0A,0D
11693,2026-05-21 11:23:36.158,0,0,0,0,56,0,0,0,1,3,0,0,0,0,E3,8
11694,2026-05-21 11:23:36.365,0D,0A,0D,0,0,0,0,56,0,0,0,1,3,0,0,0
11695,2026-05-21 11:23:36.574,0,E5,8,0D,0A,0D,0,0,0,0,55,0,0,0,1,3
11696,2026-05-21 11:23:36.782,0,0,0,0,E3,8,0D,0A,0D,0,0,0,0,56,0,0
11697,2026-05-21 11:23:36.991,0,1,3,0,0,0,0,E3,8,0D,0A,0D,0,0,0,0
11698,2026-05-21 11:23:37.199,54,0,0,0,1,3,0,0,0,0,E5,8,0D,0A,0D,0
11699,2026-05-21 11:23:37.209,0,0,0,56,0,0,0,1,3,0,0,0,0,E3,8,0D
11700,2026-05-21 11:23:37.416,0A,0D,0,0,0,0,56,0,0,0,1,3,0,0,0,0
11701,2026-05-21 11:23:37.626,E5,8,0D,0A,0D,0,0,0,0,56,0,0,0,1,3,0
11702,2026-05-21 11:23:37.834,0,0,0,E3,8,0D,0A,0D,0,0,0,0,54,0,0,0
11703,2026-05-21 11:23:38.043,1,3,0,0,0,0,E5,8,0D,0A,0D,0,0,0,0,54
11704,2026-05-21 11:23:38.252,0,0,0,1,3,0,0,0,0,E5,8,0D,0A,0D,0,0
11705,2026-05-21 11:23:38.271,0,0,54,0,0,0,1,3,0,0,0,0,E3,8,0D,0A
11706,2026-05-21 11:23:38.469,0D,0,0,0,0,54,0,0,0,1,3,0,0,0,0,E3
11707,2026-05-21 11:23:38.677,8,0D,0A,0D,0,0,0,0,55,0,0,0,1,3,0,0
11708,2026-05-21 11:23:38.886,0,0,E3,8,0D,0A,0D,0,0,0,0,55,0,0,0,1
11709,2026-05-21 11:23:39.095,3,0,0,0,0,E5,8,0D,0A,0D,0,0,0,0,55,0
11710,2026-05-21 11:23:39.310,0,0,1,3,0,0,0,0,E3,8,0D,0A,0D,0,0,0
11711,2026-05-21 11:23:39.553,0,55,0,0,0,1,3,0,0,0,0,E5,8,0D,0A,0D
11712,2026-05-21 11:23:39.585,0,0,0,0,55,0,0,0,1,3,0,0,0,0,E5,8
11713,2026-05-21 11:23:39.839,0D,0A,0D,0,0,0,0,56,0,0,0,1,3,0,0,0
11714,2026-05-21 11:23:39.988,0,E5,8,0D,0A,0D,0,0,0,0,56,0,0,0,1,3
11715,2026-05-21 11:23:40.169,0,0,0,0,E5,8,0D,0A,0D,0,0,0,0,55,0,0
11716,2026-05-21 11:23:40.439,0,1,3,0,0,0,0,E3,8,0D,0A,0D,0,0,0,0
11717,2026-05-21 11:23:40.584,55,0,0,0,1,3,0,0,0,0,E3,8,0D,0A,0D,0
11718,2026-05-21 11:23:40.630,0,0,0,55,0,0,0,1,3,0,0,0,0,E3,8,0D
11719,2026-05-21 11:23:40.799,0A,0D,0,0,0,0,55,0,0,0,1,3,0,0,0,0
11720,2026-05-21 11:23:40.991,E5,8,0D,0A,0D,0,0,0,0,56,0,0,0,1,3,0
11721,2026-05-21 11:23:41.237,0,0,0,E7,8,0D,0A,0D,0,0,0,0,56,0,0,0
11722,2026-05-21 11:23:41.451,1,3,0,0,0,0,E5,8,0D,0A,0D,0,0,0,0,56
11723,2026-05-21 11:23:41.683,0,0,0,1,3,0,0,0,0,E5,8,0D,0A,0D,0,0
11724,2026-05-21 11:23:41.721,0,0,56,0,0,0,1,3,0,0,0,0,E5,8,0D,0A
